[start] ganak solo on mc2026_track1_029 (--prob 0 --maxcache 26000 --verb 1; 2h safety cap)
c o Ganak SHA1: 70de63c2638b19d63bc8d68a494993bb70f274a8
c o Arjun SHA1: 70de63c2638b19d63bc8d68a494993bb70f274a8
c o SBVA SHA1: 70de63c2638b19d63bc8d68a494993bb70f274a8
c o CMS SHA1: 70de63c2638b19d63bc8d68a494993bb70f274a8
c o ApproxMC SHA1: GIT-hash-notfound
c o Using ideas by JM Lagniez, and Pierre Marquis
c o     from paper: Improving Model Counting [..] IJCAI 2016
c o Using VMTF, picosat, CaDiCaL, and CadiBack code by Armin Biere
c o CMS is MIT licensed
c o Using code from 'When Boolean Satisfiability Meets Gauss-E. in a Simplex Way'
c o       by C.-S. Han and J.-H. Roland Jiang in CAV 2012. Fixes by M. Soos
c o Using CCAnr from 'CCAnr: A Conf. Checking Based Local Search Solver [...]'
c o       by Shaowei Cai, Chuan Luo, and Kaile Su, SAT 2015
c o Using Oracle code from 'Integrating Tree Decompositions [...]'
c o       by Tuukka Korhonen and Matti Jarvisalo, CP 2021
c o Using Graph library by Tuukka Korhonen and Matti Jarvisalo
c o Using Flowcutter by Ben Strasser
c o Ganak compilation env CMAKE_CXX_COMPILER = /usr/bin/c++ | CMAKE_CXX_FLAGS =  -fno-stack-protector -msse4.2 -Wnull-dereference -Wdouble-promotion -Wshadow -Wformat=2 -Wextra-semi -pedantic | COMPILE_DEFINES =  -DNDEBUG -D_FORTIFY_SOURCE=0 | BUILD_SHARED_LIBS = OFF | ZLIB_FOUND = FALSE | ENABLE_ASSERTIONS = OFF | 
c o called with: /Users/konstantin.kutzkov/Desktop/Code/COCOA/ganak-canonical/build/ganak --prob 0 --maxcache 26000 --verb 1 /Users/konstantin.kutzkov/Desktop/Code/SharpSAT/temp_cnf/mc2026_public/mc2026_track1_029.cnf
c o CNF projection set size: 2301
c o --> Executing strategy token: clean-cls
c o --> Executing strategy token: must-scc-vrepl
c o [scc] new: 0 BP 0M T: 0.00
c o [vrep] vars 0 lits 0 rem-bin-cls 0 rem-long-cls 0 BP 0M T: 0.00
c o [consolidate] mini T: 0.00
c o global_timeout_multiplier: 2.5
c o [branch] rebuilding order heap for all branchings. Current branching: vsids
c o [0m[arjun-simp] probing all sampling variables[0m
c o --> Executing strategy token: must-scc-vrepl
c o [scc] new: 0 BP 0M T: 0.00
c o [vrep] vars 0 lits 0 rem-bin-cls 0 rem-long-cls 0 BP 0M T: 0.00
c o [consolidate] mini T: 0.00
c o global_timeout_multiplier: 2.5
c o [branch] rebuilding order heap for all branchings. Current branching: vsids
c o [0m[arjun-simp] Removed set       : 0 new size: 2301[0m
c o [0m[arjun-simp] Removed eq lits: 0 new size: 2301[0m
c o [0m[arjun-simp] probe removed: 0 perc: 0.00 T: 0.02[0m
c o [0m[arjun-simp] Removed eq lits: 0 new size: 2301[0m
c o [0m[arjun-simp] Removed set       : 0 new size: 2301[0m
c o [0m[arjun-simp] get-empties removed: 0 perc: 0.00 total empties now: 0 T: 0.00[0m
c o [0m[arjun-simp] CMS::simplify() with no BVE, intree probe...[0m
c o --> Executing strategy token: str-impl
c [impl-str] lit bin: 0 set-var: 0 T: 0.00 T-out: N T-r: 97.65% w-visit: 4602
c o --> Executing strategy token: intree-probe
c o [scc] new: 0 BP 0M T: 0.00
c o [vrep] vars 0 lits 0 rem-bin-cls 0 rem-long-cls 0 BP 0M T: 0.00
c o [intree] Set 0 vars hyper-added: 0 trans-irred: 0 trans-red: 0 T: 0.01 T-out: N T-r: -0.00%
c o Executing OCC strategy token(s): 'occ-ternary-res,occ-backw-sub,
c o [occ] mem usage for occur      0 MB
c o [occ] Linked in IRRED BIN by default: 267137
c o [occ] Linked in RED   BIN by default: 0
c o [occ] mem usage for occur      0 MB
c o Mem for watch alloc    : 5           MB (0.00      %)
c o Mem for watch array    : 0           MB (0.00      %)
c o Executing OCC strategy token: occ-ternary-res
c o [occ-ternary-res] Ternary res-tri: 0 res-bin: 0 sub: 0 str: 0 T: 0.00 T-out: N T-r: 100.00%
c o Executing OCC strategy token: occ-backw-sub
c o [occ-backw-sub-long-w-long] rem cl: 0 tried: 59/59 (100.0%) T: 0.00 T-out: N T-r: 100.00%
c o --> Executing strategy token: distill-litrem
c [distill-litrem] useful: 0/590/59 lits-rem: 0 0-depth-assigns: 0 T: 0.00 T-out: N
c o --> Executing strategy token: must-distill-cls
c o [distill-long-irred] cls tried: 59/59 T: 0.00 T-out: N T-r: 99.97%
c o [distill-long-irred] cls tried: 59/59 T: 0.00 T-out: N T-r: 99.97%
c o --> Executing strategy token: distill-bins
c o [distill-bin] useful: 11/6768/267137 lits-rem: 0 cl-rem: 11 0-depth-assigns: 0 T: 0.03 T-out: Y
c o --> Executing strategy token: oracle-vivif-veryfast
c o --> Executing strategy token: must-renumber
c o [oracle-bin] potential pairs: 267137 T: 0.0
c o --> Executing strategy token: must-scc-vrepl
c o [scc] new: 0 BP 0M T: 0.00
c o [vrep] vars 0 lits 0 rem-bin-cls 0 rem-long-cls 0 BP 0M T: 0.00
c o [oracle-vivif] lits-rem: 0 learnt-units: 0 T-out: Y T-remain: 36.9% T: 1.57
c o [oracle-bin] bin-added: 1 equiv-added: 0 T-out: Y T-remain: 99.19% T: 0.02
c o [oracle-vivif] cache usefulness: 20% total T: 1.69
c o [consolidate] mini T: 0.00
c o global_timeout_multiplier: 2.5000
c o [branch] rebuilding order heap for all branchings. Current branching: vsids
c o --> Executing strategy token: scc-vrepl
c o [scc] new: 0 BP 0M T: 0.00
c o --> Executing strategy token: sub-impl
c o [impl-sub] bin: 1 T: 0.01 T-out: N w-visit: 4602
c o --> Executing strategy token: breakid
c o Executing OCC strategy token(s): 'occ-backw-sub-str,occ-clean-implicit,occ-bve,occ-bva,occ-ternary-res,occ-xor,
c o [occ] mem usage for occur      0 MB
c o [occ] Linked in IRRED BIN by default: 267126
c o [occ] Linked in RED   BIN by default: 0
c o [occ] mem usage for occur      0 MB
c o Mem for watch alloc    : 5           MB (0.00      %)
c o Mem for watch array    : 0           MB (0.00      %)
c o Executing OCC strategy token: occ-backw-sub-str
c o [occ-backw-sub-str-long-w-bins] subs: 0 str: 0 tried: 110572 0-depth ass: 0 T: 0.02 T-out: Y T-r: -0.00%
c o [occ-backw-sub-long-w-long] rem cl: 0 tried: 59/59 (100.0%) T: 0.00 T-out: N T-r: 100.00%
c o [occ-backw-sub-str-long-w-long] sub: 0 str: 0 tried: 177/59 (300.0)  T: 0.00 T-out: N T-r: 99.97%
c o Executing OCC strategy token: occ-clean-implicit
c o Executing OCC strategy token: occ-bve
c o Executing OCC strategy token: occ-bva
c o Executing OCC strategy token: occ-ternary-res
c o [occ-ternary-res] Ternary res-tri: 0 res-bin: 0 sub: 0 str: 0 T: 0.00 T-out: N T-r: 100.00%
c o Executing OCC strategy token: occ-xor
c o --> Executing strategy token: card-find
c o --> Executing strategy token: cl-consolidate
c o Not consolidating memory.
c o --> Executing strategy token: scc-vrepl
c o [scc] new: 0 BP 0M T: 0.00
c o --> Executing strategy token: renumber
c o --> Executing strategy token: louvain-comms
c o [consolidate] mini T: 0.00
c o global_timeout_multiplier: 2.5000
c o [branch] rebuilding order heap for all branchings. Current branching: vsids
c o [0m[arjun-simp] Removed set       : 0 new size: 2301[0m
c o [0m[arjun-simp] CMS::simplify() with no BVE finished. T: 1.7681[0m
c o [0mWARNING: Turning off gates, because the sampling size is small, so we can just do it. Size: 2301[0m
c o --> Executing strategy token: must-scc-vrepl
c o [scc] new: 0 BP 0M T: 0.00
c o [vrep] vars 0 lits 0 rem-bin-cls 0 rem-long-cls 0 BP 0M T: 0.00
c o --> Executing strategy token: clean-cls
c o --> Executing strategy token: sub-impl
c o [impl-sub] bin: 0 T: 0.00 T-out: N w-visit: 4602
c o [consolidate] mini T: 0.00
c o global_timeout_multiplier: 2.5000
c o [branch] rebuilding order heap for all branchings. Current branching: vsids
c o [0m[arjun-simp] Removed eq lits: 0 new size: 2301[0m
c o [0m[arjun-simp] Removed set       : 0 new size: 2301[0m
c o [0m[arjun-simp] get-empties removed: 0 perc: 0.00 total empties now: 0 T: 0.00[0m
c o [0m[arjun-simp] probing all sampling variables[0m
c o [0m[arjun-simp] Removed set       : 0 new size: 2301[0m
c o [0m[arjun-simp] Removed eq lits: 0 new size: 2301[0m
c o [0m[arjun-simp] probe removed: 0 perc: 0.00 T: 0.01[0m
c o [0m[arjun-simp] Removed eq lits: 0 new size: 2301[0m
c o [0m[arjun-simp] Removed set       : 0 new size: 2301[0m
c o [0m[arjun-simp] get-empties removed: 0 perc: 0.00 total empties now: 0 T: 0.00[0m
c o [0m[arjun] simplification finished  removed: 0 perc: 0.00 T: 1.83[0m
c o [0m[arjun] Duplicating CNF...[0m
c o [0m[arjun] Duplicated CNF. T: 0.02[0m
c o [0m[arjun] CMS::simplify() with *only* BVE...[0m
c o Executing OCC strategy token(s): 'occ-bve,
c o [occ] mem usage for occur      0 MB
c o [occ] Linked in IRRED BIN by default: 534263
c o [occ] Linked in RED   BIN by default: 0
c o [occ] mem usage for occur      0 MB
c o Mem for watch alloc    : 11          MB (0.00      %)
c o Mem for watch array    : 0           MB (0.00      %)
c o Executing OCC strategy token: occ-bve
c o [occ-empty-res] Empty resolvent elimed: 0 T: 0.00 T-out: N
c o [occ-bve] iter v-elim 0
c o cl_inc_rate=1.00, var_dec_rate=1.00 (grow=0)
c o Reduced to 4602 vars, 534381 cls (grow=0)
c o [occ-bve] iter v-elim 0
c o cl_inc_rate=1.00, var_dec_rate=1.00 (grow=3)
c o Reduced to 4602 vars, 534381 cls (grow=3)
c o [occ-bve] iter v-elim 0
c o cl_inc_rate=1.00, var_dec_rate=1.00 (grow=4)
c o Reduced to 4602 vars, 534381 cls (grow=4)
c o [occ-bve] iter v-elim 0
c o cl_inc_rate=1.00, var_dec_rate=1.00 (grow=6)
c o Reduced to 4602 vars, 534381 cls (grow=6)
c o [occ-bve] iter v-elim 0
c o cl_inc_rate=1.00, var_dec_rate=1.00 (grow=9)
c o Reduced to 4602 vars, 534381 cls (grow=9)
c o [occ-bve] iter v-elim 0
c o cl_inc_rate=1.00, var_dec_rate=1.00 (grow=13)
c o Reduced to 4602 vars, 534381 cls (grow=13)
c o [occ-bve] iter v-elim 0
c o cl_inc_rate=1.00, var_dec_rate=1.00 (grow=16)
c o Reduced to 4602 vars, 534381 cls (grow=16)
c o x n vars       : 4602
c o #try to eliminate:     0
c o #var-elim        :     0
c o #T-o: N
c o #T-r: 100.00%
c o #T  : 0.00
c o [occur] 0.00 is overhead
c o [occur] link-in T: 0.00 cleanup T: 0.00
c o [occ-xor-bve] elimed: 0 T: 0.00 T-out: N
c o [consolidate] mini T: 0.00
c o global_timeout_multiplier: 2.5000
c o [branch] rebuilding order heap for all branchings. Current branching: vsids
c o [0m[arjun] CMS::simplify() with *only* BVE finished. T: 0.0075[0m
c o [0m[arjun] Adding fixed clauses time: 0.0005[0m
c o [0m[backward FAST] Start unknown size: 2301[0m
c o [0m[31m[arjun] backward round finished. U:  I: 2238 T: 153.67[0m
c o [0m[arjun] run_minimize_indep finished T: 155.55[0m
c o --> Executing strategy token: must-scc-vrepl
c o [scc] new: 0 BP 0M T: 0.00
c o [vrep] vars 0 lits 0 rem-bin-cls 0 rem-long-cls 0 BP 0M T: 0.00
c o --> Executing strategy token: full-probe
c o [full-probe]  bin_only: 0 set: 0 repl: 0 T: 0.00 T-out: N T-r: 97.78%
c o --> Executing strategy token: sub-impl
c o [impl-sub] bin: 0 T: 0.01 T-out: N w-visit: 4602
c o --> Executing strategy token: sub-cls-with-bin
c o [distill] watch-based irred--  cl tried       59 cl-sh     0 cl-rem    0 lit-rem      0 T: 0.00 T-out: N
c o [distill] watch-based   red--  cl tried        0 cl-sh     0 cl-rem    0 lit-rem      0 T: 0.00 T-out: N
c o --> Executing strategy token: distill-cls-onlyrem
c o [distill-long-irred] cls tried: 59/59 T: 0.00 T-out: N T-r: 100.00%
c o Executing OCC strategy token(s): 'occ-backw-sub,occ-resolv-subs,occ-rem-with-orgates,occ-ternary-res,
c o [occ] mem usage for occur      0 MB
c o [occ] Linked in IRRED BIN by default: 267137
c o [occ] Linked in RED   BIN by default: 0
c o Mem for watch alloc    : 5           MB (0.00      %)
c o Mem for watch array    : 0           MB (0.00      %)
c o Executing OCC strategy token: occ-backw-sub
c o [occ-backw-sub-long-w-long] rem cl: 0 tried: 59/59 (100.0%) T: 0.00 T-out: N T-r: 100.00%
c o Executing OCC strategy token: occ-resolv-subs
c o [occ-resolv-subs] removed: 0 checked: 446836 T: 0.1
c o Executing OCC strategy token: occ-rem-with-orgates
c o [occ-gates] found:     0 avg-s: 0.0 T: 0.00 T-out: N T-r: 94.64%
c o [occ-gate-based-lit-rem] lit-rem: 0 cl-rem: 0 T: 0.00 T-out: N
c o Executing OCC strategy token: occ-ternary-res
c o [occ-ternary-res] Ternary res-tri: 0 res-bin: 0 sub: 0 str: 0 T: 0.00 T-out: N T-r: 100.00%
c o --> Executing strategy token: must-scc-vrepl
c o [scc] new: 0 BP 0M T: 0.00
c o [vrep] vars 0 lits 0 rem-bin-cls 0 rem-long-cls 0 BP 0M T: 0.00
c o Executing OCC strategy token(s): 'occ-bve,
c o [occ] mem usage for occur      0 MB
c o [occ] Linked in IRRED BIN by default: 267137
c o [occ] Linked in RED   BIN by default: 0
c o Mem for watch alloc    : 5           MB (0.00      %)
c o Mem for watch array    : 0           MB (0.00      %)
c o Executing OCC strategy token: occ-bve
c o [occ-empty-res] Empty resolvent elimed: 0 T: 0.00 T-out: N
c o [occ-bve] iter v-elim 0
c o cl_inc_rate=1.00, var_dec_rate=1.00 (grow=0)
c o Reduced to 2301 vars, 267196 cls (grow=0)
c o x n vars       : 2301
c o #try to eliminate:    63
c o #var-elim        :     0
c o #T-o: N
c o #T-r: 100.00%
c o #T  : 0.01
c o [occur] 0.00 is overhead
c o [occur] link-in T: 0.00 cleanup T: 0.00
c o [occ-xor-bve] elimed: 0 T: 0.00 T-out: N
c o --> Executing strategy token: sub-impl
c o [impl-sub] bin: 0 T: 0.00 T-out: N w-visit: 4602
c o --> Executing strategy token: distill-cls-onlyrem
c o [distill-long-irred] cls tried: 59/59 T: 0.00 T-out: N T-r: 100.00%
c o --> Executing strategy token: intree-probe
c o [scc] new: 0 BP 0M T: 0.00
c o [vrep] vars 0 lits 0 rem-bin-cls 0 rem-long-cls 0 BP 0M T: 0.00
c o [intree] Set 0 vars hyper-added: 0 trans-irred: 0 trans-red: 0 T: 0.01 T-out: N T-r: 0.66%
c o Executing OCC strategy token(s): 'occ-backw-sub-str,
c o [occ] mem usage for occur      0 MB
c o [occ] Linked in IRRED BIN by default: 267137
c o [occ] Linked in RED   BIN by default: 0
c o Mem for watch alloc    : 5           MB (0.00      %)
c o Mem for watch array    : 0           MB (0.00      %)
c o Executing OCC strategy token: occ-backw-sub-str
c o [occ-backw-sub-str-long-w-bins] subs: 0 str: 0 tried: 133066 0-depth ass: 0 T: 0.02 T-out: Y T-r: -0.00%
c o [occ-backw-sub-long-w-long] rem cl: 0 tried: 59/59 (100.0%) T: 0.00 T-out: N T-r: 100.00%
c o [occ-backw-sub-str-long-w-long] sub: 0 str: 0 tried: 177/59 (300.0)  T: 0.00 T-out: N T-r: 99.97%
c o --> Executing strategy token: sub-str-cls-with-bin
c o [distill] watch-based irred--  cl tried      118 cl-sh     0 cl-rem    0 lit-rem      0 T: 0.00 T-out: N
c o [distill] watch-based   red--  cl tried        0 cl-sh     0 cl-rem    0 lit-rem      0 T: 0.00 T-out: N
c o --> Executing strategy token: clean-cls
c o --> Executing strategy token: distill-cls
c o [distill-long-irred] cls tried: 59/59 T: 0.00 T-out: N T-r: 100.00%
c o [distill-long-irred] cls tried: 59/59 T: 0.00 T-out: N T-r: 100.00%
c o --> Executing strategy token: distill-bins
c o [distill-bin] useful: 133/158883/267137 lits-rem: 0 cl-rem: 133 0-depth-assigns: 0 T: 0.71 T-out: Y
c o [consolidate] mini T: 0.00
c o global_timeout_multiplier: 3.3000
c o [branch] rebuilding order heap for all branchings. Current branching: vsids
c o --> Executing strategy token: must-scc-vrepl
c o [scc] new: 0 BP 0M T: 0.00
c o [vrep] vars 0 lits 0 rem-bin-cls 0 rem-long-cls 0 BP 0M T: 0.00
c o --> Executing strategy token: full-probe
c o [full-probe]  bin_only: 0 set: 0 repl: 0 T: 0.00 T-out: N T-r: 97.78%
c o --> Executing strategy token: sub-impl
c o [impl-sub] bin: 0 T: 0.00 T-out: N w-visit: 4602
c o --> Executing strategy token: sub-cls-with-bin
c o [distill] watch-based irred--  cl tried       59 cl-sh     0 cl-rem    0 lit-rem      0 T: 0.00 T-out: N
c o [distill] watch-based   red--  cl tried        0 cl-sh     0 cl-rem    0 lit-rem      0 T: 0.00 T-out: N
c o --> Executing strategy token: distill-cls-onlyrem
c o [distill-long-irred] cls tried: 59/59 T: 0.00 T-out: N T-r: 100.00%
c o Executing OCC strategy token(s): 'occ-backw-sub,occ-resolv-subs,occ-rem-with-orgates,occ-ternary-res,
c o [occ] mem usage for occur      0 MB
c o [occ] Linked in IRRED BIN by default: 267004
c o [occ] Linked in RED   BIN by default: 0
c o Mem for watch alloc    : 5           MB (0.00      %)
c o Mem for watch array    : 0           MB (0.00      %)
c o Executing OCC strategy token: occ-backw-sub
c o [occ-backw-sub-long-w-long] rem cl: 0 tried: 59/59 (100.0%) T: 0.00 T-out: N T-r: 100.00%
c o Executing OCC strategy token: occ-resolv-subs
c o [occ-resolv-subs] removed: 0 checked: 446820 T: 0.1
c o Executing OCC strategy token: occ-rem-with-orgates
c o [occ-gates] found:     0 avg-s: 0.0 T: 0.00 T-out: N T-r: 94.64%
c o [occ-gate-based-lit-rem] lit-rem: 0 cl-rem: 0 T: 0.00 T-out: N
c o Executing OCC strategy token: occ-ternary-res
c o [occ-ternary-res] Ternary res-tri: 0 res-bin: 0 sub: 0 str: 0 T: 0.00 T-out: N T-r: 100.00%
c o --> Executing strategy token: must-scc-vrepl
c o [scc] new: 0 BP 0M T: 0.00
c o [vrep] vars 0 lits 0 rem-bin-cls 0 rem-long-cls 0 BP 0M T: 0.00
c o Executing OCC strategy token(s): 'occ-bve,
c o [occ] mem usage for occur      0 MB
c o [occ] Linked in IRRED BIN by default: 267004
c o [occ] Linked in RED   BIN by default: 0
c o Mem for watch alloc    : 5           MB (0.00      %)
c o Mem for watch array    : 0           MB (0.00      %)
c o Executing OCC strategy token: occ-bve
c o [occ-empty-res] Empty resolvent elimed: 0 T: 0.00 T-out: N
c o [occ-bve] iter v-elim 0
c o cl_inc_rate=1.00, var_dec_rate=1.00 (grow=0)
c o Reduced to 2301 vars, 267063 cls (grow=0)
c o x n vars       : 2301
c o #try to eliminate:    63
c o #var-elim        :     0
c o #T-o: N
c o #T-r: 100.00%
c o #T  : 0.01
c o [occur] 0.00 is overhead
c o [occur] link-in T: 0.00 cleanup T: 0.00
c o [occ-xor-bve] elimed: 0 T: 0.00 T-out: N
c o --> Executing strategy token: sub-impl
c o [impl-sub] bin: 0 T: 0.00 T-out: N w-visit: 4602
c o --> Executing strategy token: distill-cls-onlyrem
c o [distill-long-irred] cls tried: 59/59 T: 0.00 T-out: N T-r: 100.00%
c o --> Executing strategy token: intree-probe
c o [scc] new: 0 BP 0M T: 0.00
c o [vrep] vars 0 lits 0 rem-bin-cls 0 rem-long-cls 0 BP 0M T: 0.00
c o [intree] Set 0 vars hyper-added: 0 trans-irred: 0 trans-red: 0 T: 0.01 T-out: N T-r: -9.86%
c o Executing OCC strategy token(s): 'occ-backw-sub-str,
c o [occ] mem usage for occur      0 MB
c o [occ] Linked in IRRED BIN by default: 267004
c o [occ] Linked in RED   BIN by default: 0
c o Mem for watch alloc    : 5           MB (0.00      %)
c o Mem for watch array    : 0           MB (0.00      %)
c o Executing OCC strategy token: occ-backw-sub-str
c o [occ-backw-sub-str-long-w-bins] subs: 0 str: 0 tried: 266196 0-depth ass: 0 T: 0.02 T-out: Y T-r: -0.00%
c o [occ-backw-sub-long-w-long] rem cl: 0 tried: 59/59 (100.0%) T: 0.00 T-out: N T-r: 100.00%
c o [occ-backw-sub-str-long-w-long] sub: 0 str: 0 tried: 177/59 (300.0)  T: 0.00 T-out: N T-r: 99.97%
c o --> Executing strategy token: sub-str-cls-with-bin
c o [distill] watch-based irred--  cl tried      118 cl-sh     0 cl-rem    0 lit-rem      0 T: 0.00 T-out: N
c o [distill] watch-based   red--  cl tried        0 cl-sh     0 cl-rem    0 lit-rem      0 T: 0.00 T-out: N
c o --> Executing strategy token: clean-cls
c o --> Executing strategy token: distill-cls
c o [distill-long-irred] cls tried: 59/59 T: 0.00 T-out: N T-r: 100.00%
c o [distill-long-irred] cls tried: 59/59 T: 0.00 T-out: N T-r: 100.00%
c o --> Executing strategy token: distill-bins
c o [distill-bin] useful: 78/158938/267004 lits-rem: 0 cl-rem: 78 0-depth-assigns: 0 T: 0.71 T-out: Y
c o [consolidate] mini T: 0.00
c o global_timeout_multiplier: 3.3000
c o [branch] rebuilding order heap for all branchings. Current branching: vsids
c o [backbone-simpl] ccnr sols: 0 drop_cands: 0 T: 1.07
c o [backbone-simpl] cadiback called with -- lits: 536153 num cls: 266985 num vars: 2301
c o [backbone-simpl] res: 10 num units added: 0 num eq added: 0 num bins: 12 T: 27.24
c o --> Executing strategy token: must-scc-vrepl
c o [scc] new: 0 BP 0M T: 0.00
c o [vrep] vars 0 lits 0 rem-bin-cls 0 rem-long-cls 0 BP 0M T: 0.00
c o --> Executing strategy token: must-renumber
c o [renumber] T: 0.00
c o [consolidate] mini T: 0.00
c o global_timeout_multiplier: 3.3000
c o [branch] rebuilding order heap for all branchings. Current branching: vsids
c o --> Executing strategy token: oracle-vivif-sparsify
c o --> Executing strategy token: must-renumber
c o [renumber] T: 0.00
c o [oracle-bin] potential pairs: 267126 T: 0.0063
c o --> Executing strategy token: must-scc-vrepl
c o [scc] new: 0 BP 0M T: 0.00
c o [vrep] vars 0 lits 0 rem-bin-cls 0 rem-long-cls 0 BP 0M T: 0.01
c o [oracle-vivif] lits-rem: 0 learnt-units: 0 T-out: Y T-remain: -3.6553% T: 20.93
c o [oracle-bin] bin-added: 3 equiv-added: 0 T-out: Y T-remain: 99.19% T: 0.02
c o [oracle-vivif] cache usefulness: 36% total T: 21.06
c o --> Executing strategy token: sub-impl
c o [impl-sub] bin: 3 T: 0.01 T-out: N w-visit: 4602
c o Executing OCC strategy token(s): 'occ-backw-sub,
c o [occ] mem usage for occur      0 MB
c o [occ] Linked in IRRED BIN by default: 266926
c o [occ] Linked in RED   BIN by default: 12
c o Mem for watch alloc    : 6           MB (0.00      %)
c o Mem for watch array    : 0           MB (0.00      %)
c o Executing OCC strategy token: occ-backw-sub
c o [occ-backw-sub-long-w-long] rem cl: 0 tried: 18205/18205 (100.0%) T: 0.00 T-out: N T-r: 98.99%
c o --> Executing strategy token: must-renumber
c o [renumber] T: 0.01
c o [oracle-sparsify] removed: 0 of which bin: 0 tot considered: 266985 ccnr useful: 0 oracle uknown: 1 cache useful: 0% learnt-units: 0 T: 4.69 buildT: 0.06
c o [consolidate] mini T: 0.00
c o global_timeout_multiplier: 3.3000
c o [branch] rebuilding order heap for all branchings. Current branching: vsids
c o --> Executing strategy token: must-scc-vrepl
c o [scc] new: 0 BP 0M T: 0.00
c o [vrep] vars 0 lits 0 rem-bin-cls 0 rem-long-cls 0 BP 0M T: 0.01
c o --> Executing strategy token: full-probe
c o [full-probe]  bin_only: 0 set: 0 repl: 0 T: 0.05 T-out: N T-r: 53.02%
c o --> Executing strategy token: sub-impl
c o [impl-sub] bin: 0 T: 0.00 T-out: N w-visit: 4602
c o --> Executing strategy token: sub-cls-with-bin
c o [distill] watch-based irred--  cl tried       59 cl-sh     0 cl-rem    0 lit-rem      0 T: 0.00 T-out: N
c o [distill] watch-based   red--  cl tried        0 cl-sh     0 cl-rem    0 lit-rem      0 T: 0.00 T-out: N
c o --> Executing strategy token: distill-cls-onlyrem
c o [distill-long-irred] cls tried: 59/59 T: 0.00 T-out: N T-r: 99.98%
c o Executing OCC strategy token(s): 'occ-backw-sub,occ-resolv-subs,occ-rem-with-orgates,occ-ternary-res,
c o [occ] mem usage for occur      0 MB
c o [occ] Linked in IRRED BIN by default: 266926
c o [occ] Linked in RED   BIN by default: 12
c o [occ] mem usage for occur      0 MB
c o Mem for watch alloc    : 9           MB (0.00      %)
c o Mem for watch array    : 0           MB (0.00      %)
c o Executing OCC strategy token: occ-backw-sub
c o [occ-backw-sub-long-w-long] rem cl: 0 tried: 18205/18205 (100.0%) T: 0.00 T-out: N T-r: 98.99%
c o Executing OCC strategy token: occ-resolv-subs
c o [occ-resolv-subs] removed: 0 checked: 446814 T: 0.1
c o Executing OCC strategy token: occ-rem-with-orgates
c o [occ-gates] found:     0 avg-s: 0.0 T: 0.00 T-out: N T-r: 94.65%
c o [occ-gate-based-lit-rem] lit-rem: 0 cl-rem: 0 T: 0.00 T-out: N
c o Executing OCC strategy token: occ-ternary-res
c o [occ-ternary-res] Ternary res-tri: 0 res-bin: 0 sub: 0 str: 0 T: 0.00 T-out: N T-r: 99.94%
c o --> Executing strategy token: must-scc-vrepl
c o [scc] new: 0 BP 0M T: 0.00
c o [vrep] vars 0 lits 0 rem-bin-cls 0 rem-long-cls 0 BP 0M T: 0.01
c o Executing OCC strategy token(s): 'occ-bve,
c o [occ] mem usage for occur      0 MB
c o [occ] Linked in IRRED BIN by default: 266926
c o [occ] Linked in RED   BIN by default: 12
c o [occ] mem usage for occur      0 MB
c o Mem for watch alloc    : 9           MB (0.00      %)
c o Mem for watch array    : 0           MB (0.00      %)
c o Executing OCC strategy token: occ-bve
c o [occ-empty-res] Empty resolvent elimed: 0 T: 0.00 T-out: N
c o [occ-bve] iter v-elim 0
c o cl_inc_rate=1.00, var_dec_rate=1.00 (grow=0)
c o Reduced to 2301 vars, 266985 cls (grow=0)
c o [occ-bve] iter v-elim 0
c o cl_inc_rate=1.00, var_dec_rate=1.00 (grow=3)
c o Reduced to 2301 vars, 266985 cls (grow=3)
c o [occ-bve] iter v-elim 0
c o cl_inc_rate=1.00, var_dec_rate=1.00 (grow=4)
c o Reduced to 2301 vars, 266985 cls (grow=4)
c o [occ-bve] iter v-elim 0
c o cl_inc_rate=1.00, var_dec_rate=1.00 (grow=6)
c o Reduced to 2301 vars, 266985 cls (grow=6)
c o x n vars       : 2301
c o #try to eliminate:   252
c o #var-elim        :     0
c o #T-o: N
c o #T-r: 100.00%
c o #T  : 0.06
c o [occur] 0.01 is overhead
c o [occur] link-in T: 0.01 cleanup T: 0.00
c o [occ-xor-bve] elimed: 0 T: 0.00 T-out: N
c o --> Executing strategy token: sub-impl
c o [impl-sub] bin: 0 T: 0.00 T-out: N w-visit: 4602
c o --> Executing strategy token: distill-cls-onlyrem
c o [distill-long-irred] cls tried: 59/59 T: 0.00 T-out: N T-r: 99.98%
c o --> Executing strategy token: intree-probe
c o [scc] new: 0 BP 0M T: 0.00
c o [vrep] vars 0 lits 0 rem-bin-cls 0 rem-long-cls 0 BP 0M T: 0.01
c o [intree] Set 0 vars hyper-added: 23 trans-irred: 0 trans-red: 0 T: 0.05 T-out: N T-r: -6.23%
c o Executing OCC strategy token(s): 'occ-backw-sub-str,
c o [occ] mem usage for occur      0 MB
c o [occ] Linked in IRRED BIN by default: 266926
c o [occ] Linked in RED   BIN by default: 35
c o [occ] mem usage for occur      0 MB
c o Mem for watch alloc    : 9           MB (0.00      %)
c o Mem for watch array    : 0           MB (0.00      %)
c o Executing OCC strategy token: occ-backw-sub-str
c o [occ-backw-sub-str-long-w-bins] subs: 0 str: 0 tried: 401219 0-depth ass: 0 T: 0.02 T-out: Y T-r: -0.00%
c o [occ-backw-sub-long-w-long] rem cl: 0 tried: 18205/18205 (100.0%) T: 0.00 T-out: N T-r: 98.87%
c o [occ-backw-sub-str-long-w-long] sub: 0 str: 0 tried: 54615/18205 (300.0)  T: 0.02 T-out: N T-r: 87.64%
c o --> Executing strategy token: sub-str-cls-with-bin
c o [distill] watch-based irred--  cl tried      118 cl-sh     0 cl-rem    0 lit-rem      0 T: 0.00 T-out: N
c o [distill] watch-based   red--  cl tried        0 cl-sh     0 cl-rem    0 lit-rem      0 T: 0.00 T-out: N
c o --> Executing strategy token: clean-cls
c o --> Executing strategy token: distill-cls
c o [distill-long-irred] cls tried: 59/59 T: 0.00 T-out: N T-r: 99.98%
c o [distill-long-irred] cls tried: 59/59 T: 0.01 T-out: N T-r: 99.60%
c o --> Executing strategy token: distill-bins
c o [distill-bin] useful: 0/5470/266926 lits-rem: 0 cl-rem: 0 0-depth-assigns: 0 T: 0.09 T-out: Y
c o Executing OCC strategy token(s): 'occ-backw-sub,
c o [occ] mem usage for occur      0 MB
c o [occ] Linked in IRRED BIN by default: 266926
c o [occ] Linked in RED   BIN by default: 35
c o [occ] mem usage for occur      0 MB
c o Mem for watch alloc    : 12          MB (0.00      %)
c o Mem for watch array    : 0           MB (0.00      %)
c o Executing OCC strategy token: occ-backw-sub
c o [occ-backw-sub-long-w-long] rem cl: 0 tried: 18205/18205 (100.0%) T: 0.00 T-out: N T-r: 98.99%
c o [consolidate] mini T: 0.00
c o global_timeout_multiplier: 3.3000
c o [branch] rebuilding order heap for all branchings. Current branching: vsids
c o --> Executing strategy token: must-scc-vrepl
c o [scc] new: 0 BP 0M T: 0.00
c o [vrep] vars 0 lits 0 rem-bin-cls 0 rem-long-cls 0 BP 0M T: 0.01
c o --> Executing strategy token: full-probe
c o [full-probe]  bin_only: 0 set: 0 repl: 0 T: 0.05 T-out: N T-r: 52.70%
c o --> Executing strategy token: sub-impl
c o [impl-sub] bin: 0 T: 0.00 T-out: N w-visit: 4602
c o --> Executing strategy token: sub-cls-with-bin
c o [distill] watch-based irred--  cl tried       59 cl-sh     0 cl-rem    0 lit-rem      0 T: 0.00 T-out: N
c o [distill] watch-based   red--  cl tried        0 cl-sh     0 cl-rem    0 lit-rem      0 T: 0.00 T-out: N
c o --> Executing strategy token: distill-cls-onlyrem
c o [distill-long-irred] cls tried: 59/59 T: 0.00 T-out: N T-r: 99.98%
c o Executing OCC strategy token(s): 'occ-backw-sub,occ-resolv-subs,occ-rem-with-orgates,occ-ternary-res,
c o [occ] mem usage for occur      0 MB
c o [occ] Linked in IRRED BIN by default: 266926
c o [occ] Linked in RED   BIN by default: 35
c o [occ] mem usage for occur      0 MB
c o Mem for watch alloc    : 12          MB (0.00      %)
c o Mem for watch array    : 0           MB (0.00      %)
c o Executing OCC strategy token: occ-backw-sub
c o [occ-backw-sub-long-w-long] rem cl: 0 tried: 18205/18205 (100.0%) T: 0.00 T-out: N T-r: 98.99%
c o Executing OCC strategy token: occ-resolv-subs
c o [occ-resolv-subs] removed: 0 checked: 446814 T: 0.1
c o Executing OCC strategy token: occ-rem-with-orgates
c o [occ-gates] found:     0 avg-s: 0.0 T: 0.00 T-out: N T-r: 94.65%
c o [occ-gate-based-lit-rem] lit-rem: 0 cl-rem: 0 T: 0.00 T-out: N
c o Executing OCC strategy token: occ-ternary-res
c o [occ-ternary-res] Ternary res-tri: 0 res-bin: 0 sub: 0 str: 0 T: 0.00 T-out: N T-r: 99.94%
c o --> Executing strategy token: must-scc-vrepl
c o [scc] new: 0 BP 0M T: 0.00
c o [vrep] vars 0 lits 0 rem-bin-cls 0 rem-long-cls 0 BP 0M T: 0.01
c o Executing OCC strategy token(s): 'occ-bve,
c o [occ] mem usage for occur      0 MB
c o [occ] Linked in IRRED BIN by default: 266926
c o [occ] Linked in RED   BIN by default: 35
c o [occ] mem usage for occur      0 MB
c o Mem for watch alloc    : 12          MB (0.00      %)
c o Mem for watch array    : 0           MB (0.00      %)
c o Executing OCC strategy token: occ-bve
c o [occ-empty-res] Empty resolvent elimed: 0 T: 0.00 T-out: N
c o [occ-bve] iter v-elim 0
c o cl_inc_rate=1.00, var_dec_rate=1.00 (grow=0)
c o Reduced to 2301 vars, 266985 cls (grow=0)
c o [occ-bve] iter v-elim 0
c o cl_inc_rate=1.00, var_dec_rate=1.00 (grow=3)
c o Reduced to 2301 vars, 266985 cls (grow=3)
c o [occ-bve] iter v-elim 0
c o cl_inc_rate=1.00, var_dec_rate=1.00 (grow=4)
c o Reduced to 2301 vars, 266985 cls (grow=4)
c o [occ-bve] iter v-elim 0
c o cl_inc_rate=1.00, var_dec_rate=1.00 (grow=6)
c o Reduced to 2301 vars, 266985 cls (grow=6)
c o x n vars       : 2301
c o #try to eliminate:   252
c o #var-elim        :     0
c o #T-o: N
c o #T-r: 100.00%
c o #T  : 0.06
c o [occur] 0.01 is overhead
c o [occur] link-in T: 0.01 cleanup T: 0.00
c o [occ-xor-bve] elimed: 0 T: 0.00 T-out: N
c o --> Executing strategy token: sub-impl
c o [impl-sub] bin: 0 T: 0.00 T-out: N w-visit: 4602
c o --> Executing strategy token: distill-cls-onlyrem
c o [distill-long-irred] cls tried: 59/59 T: 0.00 T-out: N T-r: 99.98%
c o --> Executing strategy token: intree-probe
c o [scc] new: 0 BP 0M T: 0.00
c o [vrep] vars 0 lits 0 rem-bin-cls 0 rem-long-cls 0 BP 0M T: 0.01
c o [intree] Set 0 vars hyper-added: 0 trans-irred: 0 trans-red: 0 T: 0.05 T-out: N T-r: -7.57%
c o Executing OCC strategy token(s): 'occ-backw-sub-str,
c o [occ] mem usage for occur      0 MB
c o [occ] Linked in IRRED BIN by default: 266926
c o [occ] Linked in RED   BIN by default: 35
c o [occ] mem usage for occur      0 MB
c o Mem for watch alloc    : 12          MB (0.00      %)
c o Mem for watch array    : 0           MB (0.00      %)
c o Executing OCC strategy token: occ-backw-sub-str
c o [occ-backw-sub-str-long-w-bins] subs: 0 str: 0 tried: 534795 0-depth ass: 0 T: 0.02 T-out: Y T-r: -0.00%
c o [occ-backw-sub-long-w-long] rem cl: 0 tried: 18205/18205 (100.0%) T: 0.00 T-out: N T-r: 98.87%
c o [occ-backw-sub-str-long-w-long] sub: 0 str: 0 tried: 54615/18205 (300.0)  T: 0.02 T-out: N T-r: 87.64%
c o --> Executing strategy token: sub-str-cls-with-bin
c o [distill] watch-based irred--  cl tried      118 cl-sh     0 cl-rem    0 lit-rem      0 T: 0.00 T-out: N
c o [distill] watch-based   red--  cl tried        0 cl-sh     0 cl-rem    0 lit-rem      0 T: 0.00 T-out: N
c o --> Executing strategy token: clean-cls
c o --> Executing strategy token: distill-cls
c o [distill-long-irred] cls tried: 59/59 T: 0.00 T-out: N T-r: 99.98%
c o [distill-long-irred] cls tried: 59/59 T: 0.01 T-out: N T-r: 99.61%
c o --> Executing strategy token: distill-bins
c o [distill-bin] useful: 0/5572/266926 lits-rem: 0 cl-rem: 0 0-depth-assigns: 0 T: 0.09 T-out: Y
c o Executing OCC strategy token(s): 'occ-backw-sub,
c o [occ] mem usage for occur      0 MB
c o [occ] Linked in IRRED BIN by default: 266926
c o [occ] Linked in RED   BIN by default: 35
c o [occ] mem usage for occur      0 MB
c o Mem for watch alloc    : 12          MB (0.00      %)
c o Mem for watch array    : 0           MB (0.00      %)
c o Executing OCC strategy token: occ-backw-sub
c o [occ-backw-sub-long-w-long] rem cl: 0 tried: 18205/18205 (100.0%) T: 0.00 T-out: N T-r: 98.99%
c o [consolidate] mini T: 0.00
c o global_timeout_multiplier: 3.3000
c o [branch] rebuilding order heap for all branchings. Current branching: vsids
c o --> Executing strategy token: oracle-vivif-fast
c o --> Executing strategy token: must-renumber
c o [renumber] T: 0.01
c o [oracle-bin] potential pairs: 267126 T: 0.0066
c o --> Executing strategy token: must-scc-vrepl
c o [scc] new: 0 BP 0M T: 0.00
c o [vrep] vars 0 lits 0 rem-bin-cls 0 rem-long-cls 0 BP 0M T: 0.01
c o [oracle-vivif] lits-rem: 0 learnt-units: 0 T-out: Y T-remain: -6.5664% T: 7.33
c o [oracle-bin] bin-added: 4 equiv-added: 0 T-out: Y T-remain: 99.19% T: 0.04
c o [oracle-vivif] cache usefulness: 18% total T: 7.45
c o --> Executing strategy token: oracle-sparsify-fast
c o --> Executing strategy token: sub-impl
c o [impl-sub] bin: 4 T: 0.01 T-out: N w-visit: 4602
c o Executing OCC strategy token(s): 'occ-backw-sub,
c o [occ] mem usage for occur      0 MB
c o [occ] Linked in IRRED BIN by default: 266926
c o [occ] Linked in RED   BIN by default: 35
c o [occ] mem usage for occur      0 MB
c o Mem for watch alloc    : 12          MB (0.00      %)
c o Mem for watch array    : 0           MB (0.00      %)
c o Executing OCC strategy token: occ-backw-sub
c o [occ-backw-sub-long-w-long] rem cl: 0 tried: 32434/32434 (100.0%) T: 0.01 T-out: N T-r: 98.22%
c o --> Executing strategy token: must-renumber
c o [renumber] T: 0.02
c o [oracle-sparsify] removed: 0 of which bin: 0 tot considered: 266985 ccnr useful: 0 oracle uknown: 1 cache useful: 0% learnt-units: 0 T: 1.41 buildT: 0.06
c o [consolidate] mini T: 0.00
c o global_timeout_multiplier: 3.3000
c o [branch] rebuilding order heap for all branchings. Current branching: vsids
c o Executing OCC strategy token(s): 'occ-bve,
c o [occ] mem usage for occur      0 MB
c o [occ] Linked in IRRED BIN by default: 266926
c o [occ] Linked in RED   BIN by default: 35
c o [occ] mem usage for occur      0 MB
c o Mem for watch alloc    : 12          MB (0.00      %)
c o Mem for watch array    : 0           MB (0.00      %)
c o Executing OCC strategy token: occ-bve
c o [occ-empty-res] Empty resolvent elimed: 0 T: 0.00 T-out: N
c o [occ-bve] iter v-elim 0
c o cl_inc_rate=1.00, var_dec_rate=1.00 (grow=0)
c o Reduced to 2301 vars, 266985 cls (grow=0)
c o x n vars       : 2301
c o #try to eliminate:    63
c o #var-elim        :     0
c o #T-o: N
c o #T-r: 100.00%
c o #T  : 0.02
c o [occur] 0.02 is overhead
c o [occur] link-in T: 0.02 cleanup T: 0.00
c o [occ-xor-bve] elimed: 0 T: 0.00 T-out: N
c o [consolidate] mini T: 0.00
c o global_timeout_multiplier: 3.3000
c o [branch] rebuilding order heap for all branchings. Current branching: vsids
c o --> Executing strategy token: must-scc-vrepl
c o [scc] new: 0 BP 0M T: 0.00
c o [vrep] vars 0 lits 0 rem-bin-cls 0 rem-long-cls 0 BP 0M T: 0.01
c o --> Executing strategy token: must-renumber
c o [renumber] T: 0.01
c o [consolidate] mini T: 0.00
c o global_timeout_multiplier: 3.3000
c o [branch] rebuilding order heap for all branchings. Current branching: vsids
c o [occ] mem usage for occur      0 MB
c o [occ] Linked in IRRED BIN by default: 266926
c o [occ] Linked in RED   BIN by default: 35
c o [occ] mem usage for occur      0 MB
c o Mem for watch alloc    : 12          MB (0.00      %)
c o Mem for watch array    : 0           MB (0.00      %)
c o [empty] empty_occ: 0 T: 0.00
c o Executing OCC strategy token(s): 'occ-bve-empty,
c o [occ] mem usage for occur      0 MB
c o [occ] Linked in IRRED BIN by default: 266926
c o [occ] Linked in RED   BIN by default: 35
c o [occ] mem usage for occur      0 MB
c o Mem for watch alloc    : 12          MB (0.00      %)
c o Mem for watch array    : 0           MB (0.00      %)
c o Executing OCC strategy token: occ-bve-empty
c o [occ-empty-res] Empty resolvent elimed: 0 T: 0.00 T-out: N
c o --> Executing strategy token: must-renumber
c o [renumber] T: 0.01
c o [consolidate] mini T: 0.00
c o global_timeout_multiplier: 3.3000
c o [branch] rebuilding order heap for all branchings. Current branching: vsids
c o [0m[puura] new_empty_sampl_vars size: 0[0m
c o [get-cnf] Checking for variables mapping to same new var to set AIG definitions...
c o solver orig num vars: 2301 solver simp num vars: 2301
c o [0m[31m[puura] Done. final vars: 2301 final cls: 266985 T: 65.14[0m
c o [0m[31m[autarky] Found autarkies: 0 autarky vars: 0 T-out: N T: 0.09[0m
c o --> Executing strategy token: must-scc-vrepl
c o [scc] new: 0 BP 0M T: 0.00
c o [vrep] vars 0 lits 0 rem-bin-cls 0 rem-long-cls 0 BP 0M T: 0.01
c o --> Executing strategy token: full-probe
c o [full-probe]  bin_only: 0 set: 0 repl: 0 T: 0.09 T-out: N T-r: 16.79%
c o --> Executing strategy token: sub-impl
c o [impl-sub] bin: 0 T: 0.00 T-out: N w-visit: 4602
c o --> Executing strategy token: sub-cls-with-bin
c o [distill] watch-based irred--  cl tried       59 cl-sh     0 cl-rem    0 lit-rem      0 T: 0.00 T-out: N
c o [distill] watch-based   red--  cl tried        0 cl-sh     0 cl-rem    0 lit-rem      0 T: 0.00 T-out: N
c o --> Executing strategy token: distill-cls-onlyrem
c o [distill-long-irred] cls tried: 59/59 T: 0.00 T-out: N T-r: 99.97%
c o Executing OCC strategy token(s): 'occ-backw-sub,occ-resolv-subs,occ-rem-with-orgates,occ-ternary-res,
c o [occ] mem usage for occur      0 MB
c o [occ] Linked in IRRED BIN by default: 266926
c o [occ] Linked in RED   BIN by default: 35
c o Mem for watch alloc    : 11          MB (0.00      %)
c o Mem for watch array    : 0           MB (0.00      %)
c o Executing OCC strategy token: occ-backw-sub
c o [occ-backw-sub-long-w-long] rem cl: 0 tried: 32434/32434 (100.0%) T: 0.01 T-out: N T-r: 98.22%
c o Executing OCC strategy token: occ-resolv-subs
c o [occ-resolv-subs] removed: 0 checked: 446814 T: 0.1
c o Executing OCC strategy token: occ-rem-with-orgates
c o [occ-gates] found:     0 avg-s: 0.0 T: 0.00 T-out: N T-r: 94.65%
c o [occ-gate-based-lit-rem] lit-rem: 0 cl-rem: 0 T: 0.00 T-out: N
c o Executing OCC strategy token: occ-ternary-res
c o [occ-ternary-res] Ternary res-tri: 0 res-bin: 0 sub: 0 str: 0 T: 0.00 T-out: N T-r: 99.89%
c o --> Executing strategy token: must-scc-vrepl
c o [scc] new: 0 BP 0M T: 0.00
c o [vrep] vars 0 lits 0 rem-bin-cls 0 rem-long-cls 0 BP 0M T: 0.02
c o Executing OCC strategy token(s): 'occ-bve,
c o [occ] mem usage for occur      0 MB
c o [occ] Linked in IRRED BIN by default: 266926
c o [occ] Linked in RED   BIN by default: 35
c o Mem for watch alloc    : 11          MB (0.00      %)
c o Mem for watch array    : 0           MB (0.00      %)
c o Executing OCC strategy token: occ-bve
c o [occ-empty-res] Empty resolvent elimed: 0 T: 0.00 T-out: N
c o [occ-bve] iter v-elim 0
c o cl_inc_rate=1.00, var_dec_rate=1.00 (grow=0)
c o Reduced to 2301 vars, 266985 cls (grow=0)
c o x n vars       : 2301
c o #try to eliminate:    63
c o #var-elim        :     0
c o #T-o: N
c o #T-r: 100.00%
c o #T  : 0.02
c o [occur] 0.02 is overhead
c o [occur] link-in T: 0.02 cleanup T: 0.00
c o [occ-xor-bve] elimed: 0 T: 0.00 T-out: N
c o --> Executing strategy token: sub-impl
c o [impl-sub] bin: 0 T: 0.00 T-out: N w-visit: 4602
c o --> Executing strategy token: distill-cls-onlyrem
c o [distill-long-irred] cls tried: 59/59 T: 0.00 T-out: N T-r: 99.96%
c o --> Executing strategy token: intree-probe
c o [scc] new: 0 BP 0M T: 0.00
c o [vrep] vars 0 lits 0 rem-bin-cls 0 rem-long-cls 0 BP 0M T: 0.01
c o [intree] Set 0 vars hyper-added: 10 trans-irred: 0 trans-red: 0 T: 0.09 T-out: N T-r: 7.24%
c o Executing OCC strategy token(s): 'occ-backw-sub-str,
c o [occ] mem usage for occur      0 MB
c o [occ] Linked in IRRED BIN by default: 266926
c o [occ] Linked in RED   BIN by default: 45
c o Mem for watch alloc    : 12          MB (0.00      %)
c o Mem for watch array    : 0           MB (0.00      %)
c o Executing OCC strategy token: occ-backw-sub-str
c o [occ-backw-sub-str-long-w-bins] subs: 0 str: 0 tried: 134778 0-depth ass: 0 T: 0.02 T-out: Y T-r: -0.00%
c o [occ-backw-sub-long-w-long] rem cl: 0 tried: 32434/32434 (100.0%) T: 0.01 T-out: N T-r: 98.02%
c o [occ-backw-sub-str-long-w-long] sub: 0 str: 0 tried: 97302/32434 (300.0)  T: 0.04 T-out: N T-r: 78.10%
c o --> Executing strategy token: sub-str-cls-with-bin
c o [distill] watch-based irred--  cl tried      118 cl-sh     0 cl-rem    0 lit-rem      0 T: 0.00 T-out: N
c o [distill] watch-based   red--  cl tried        0 cl-sh     0 cl-rem    0 lit-rem      0 T: 0.00 T-out: N
c o --> Executing strategy token: clean-cls
c o --> Executing strategy token: distill-cls
c o [distill-long-irred] cls tried: 59/59 T: 0.00 T-out: N T-r: 99.96%
c o [distill-long-irred] cls tried: 59/59 T: 0.01 T-out: N T-r: 99.25%
c o --> Executing strategy token: distill-bins
c o [distill-bin] useful: 0/3482/266926 lits-rem: 0 cl-rem: 0 0-depth-assigns: 0 T: 0.09 T-out: Y
c o [consolidate] mini T: 0.00
c o global_timeout_multiplier: 3.3000
c o [branch] rebuilding order heap for all branchings. Current branching: vsids
c o --> Executing strategy token: oracle-vivif-sparsify
c o --> Executing strategy token: must-renumber
c o [renumber] T: 0.02
c o [oracle-bin] potential pairs: 267126 T: 0.0069
c o --> Executing strategy token: must-scc-vrepl
c o [scc] new: 0 BP 0M T: 0.00
c o [vrep] vars 0 lits 0 rem-bin-cls 0 rem-long-cls 0 BP 0M T: 0.02
c o [oracle-vivif] lits-rem: 0 learnt-units: 0 T-out: Y T-remain: -23.0490% T: 25.04
c o [oracle-bin] bin-added: 3 equiv-added: 0 T-out: Y T-remain: 99.19% T: 0.04
c o [oracle-vivif] cache usefulness: 31% total T: 25.20
c o --> Executing strategy token: sub-impl
c o [impl-sub] bin: 3 T: 0.01 T-out: N w-visit: 4602
c o Executing OCC strategy token(s): 'occ-backw-sub,
c o [occ] mem usage for occur      0 MB
c o [occ] Linked in IRRED BIN by default: 266926
c o [occ] Linked in RED   BIN by default: 45
c o Mem for watch alloc    : 16          MB (0.00      %)
c o Mem for watch array    : 0           MB (0.00      %)
c o Executing OCC strategy token: occ-backw-sub
c o [occ-backw-sub-long-w-long] rem cl: 0 tried: 49480/49480 (100.0%) T: 0.02 T-out: N T-r: 97.24%
c o --> Executing strategy token: must-renumber
c o [renumber] T: 0.03
c o [oracle-sparsify] removed: 0 of which bin: 0 tot considered: 266985 ccnr useful: 0 oracle uknown: 1 cache useful: 0% learnt-units: 0 T: 6.30 buildT: 0.06
c o [consolidate] mini T: 0.00
c o global_timeout_multiplier: 3.3000
c o [branch] rebuilding order heap for all branchings. Current branching: vsids
c o --> Executing strategy token: must-scc-vrepl
c o [scc] new: 0 BP 0M T: 0.00
c o [vrep] vars 0 lits 0 rem-bin-cls 0 rem-long-cls 0 BP 0M T: 0.02
c o --> Executing strategy token: full-probe
c o [full-probe]  bin_only: 0 set: 0 repl: 0 T: 0.10 T-out: Y T-r: -0.03%
c o --> Executing strategy token: sub-impl
c o [impl-sub] bin: 0 T: 0.00 T-out: N w-visit: 4602
c o --> Executing strategy token: sub-cls-with-bin
c o [distill] watch-based irred--  cl tried       59 cl-sh     0 cl-rem    0 lit-rem      0 T: 0.00 T-out: N
c o [distill] watch-based   red--  cl tried        0 cl-sh     0 cl-rem    0 lit-rem      0 T: 0.00 T-out: N
c o --> Executing strategy token: distill-cls-onlyrem
c o [distill-long-irred] cls tried: 59/59 T: 0.00 T-out: N T-r: 99.96%
c o Executing OCC strategy token(s): 'occ-backw-sub,occ-resolv-subs,occ-rem-with-orgates,occ-ternary-res,
c o [occ] mem usage for occur      0 MB
c o [occ] Linked in IRRED BIN by default: 266926
c o [occ] Linked in RED   BIN by default: 45
c o [occ] mem usage for occur      0 MB
c o Mem for watch alloc    : 18          MB (0.00      %)
c o Mem for watch array    : 0           MB (0.00      %)
c o Executing OCC strategy token: occ-backw-sub
c o [occ-backw-sub-long-w-long] rem cl: 0 tried: 49480/49480 (100.0%) T: 0.01 T-out: N T-r: 97.24%
c o Executing OCC strategy token: occ-resolv-subs
c o [occ-resolv-subs] removed: 0 checked: 446814 T: 0.1
c o Executing OCC strategy token: occ-rem-with-orgates
c o [occ-gates] found:     0 avg-s: 0.0 T: 0.00 T-out: N T-r: 94.65%
c o [occ-gate-based-lit-rem] lit-rem: 0 cl-rem: 0 T: 0.00 T-out: N
c o Executing OCC strategy token: occ-ternary-res
c o [occ-ternary-res] Ternary res-tri: 0 res-bin: 0 sub: 0 str: 0 T: 0.00 T-out: N T-r: 99.84%
c o --> Executing strategy token: must-scc-vrepl
c o [scc] new: 0 BP 0M T: 0.00
c o [vrep] vars 0 lits 0 rem-bin-cls 0 rem-long-cls 0 BP 0M T: 0.02
c o Executing OCC strategy token(s): 'occ-bve,
c o [occ] mem usage for occur      0 MB
c o [occ] Linked in IRRED BIN by default: 266926
c o [occ] Linked in RED   BIN by default: 45
c o [occ] mem usage for occur      0 MB
c o Mem for watch alloc    : 18          MB (0.00      %)
c o Mem for watch array    : 0           MB (0.00      %)
c o Executing OCC strategy token: occ-bve
c o [occ-empty-res] Empty resolvent elimed: 0 T: 0.00 T-out: N
c o [occ-bve] iter v-elim 0
c o cl_inc_rate=1.00, var_dec_rate=1.00 (grow=0)
c o Reduced to 2301 vars, 266985 cls (grow=0)
c o x n vars       : 2301
c o #try to eliminate:    63
c o #var-elim        :     0
c o #T-o: N
c o #T-r: 100.00%
c o #T  : 0.02
c o [occur] 0.02 is overhead
c o [occur] link-in T: 0.02 cleanup T: 0.00
c o [occ-xor-bve] elimed: 0 T: 0.00 T-out: N
c o --> Executing strategy token: sub-impl
c o [impl-sub] bin: 0 T: 0.00 T-out: N w-visit: 4602
c o --> Executing strategy token: distill-cls-onlyrem
c o [distill-long-irred] cls tried: 59/59 T: 0.00 T-out: N T-r: 99.95%
c o --> Executing strategy token: intree-probe
c o [scc] new: 0 BP 0M T: 0.00
c o [vrep] vars 0 lits 0 rem-bin-cls 0 rem-long-cls 0 BP 0M T: 0.02
c o [intree] Set 0 vars hyper-added: 16 trans-irred: 0 trans-red: 0 T: 0.12 T-out: N T-r: -6.87%
c o Executing OCC strategy token(s): 'occ-backw-sub-str,
c o [occ] mem usage for occur      0 MB
c o [occ] Linked in IRRED BIN by default: 266926
c o [occ] Linked in RED   BIN by default: 61
c o [occ] mem usage for occur      0 MB
c o Mem for watch alloc    : 18          MB (0.00      %)
c o Mem for watch array    : 0           MB (0.00      %)
c o Executing OCC strategy token: occ-backw-sub-str
c o [occ-backw-sub-str-long-w-bins] subs: 0 str: 0 tried: 268209 0-depth ass: 0 T: 0.02 T-out: Y T-r: -0.00%
c o [occ-backw-sub-long-w-long] rem cl: 0 tried: 49480/49480 (100.0%) T: 0.01 T-out: N T-r: 96.93%
c o [occ-backw-sub-str-long-w-long] sub: 0 str: 0 tried: 148440/49480 (300.0)  T: 0.05 T-out: N T-r: 66.16%
c o --> Executing strategy token: sub-str-cls-with-bin
c o [distill] watch-based irred--  cl tried      118 cl-sh     0 cl-rem    0 lit-rem      0 T: 0.00 T-out: N
c o [distill] watch-based   red--  cl tried        0 cl-sh     0 cl-rem    0 lit-rem      0 T: 0.00 T-out: N
c o --> Executing strategy token: clean-cls
c o --> Executing strategy token: distill-cls
c o [distill-long-irred] cls tried: 59/59 T: 0.00 T-out: N T-r: 99.95%
c o [distill-long-irred] cls tried: 59/59 T: 0.02 T-out: N T-r: 98.83%
c o --> Executing strategy token: distill-bins
c o [distill-bin] useful: 0/2113/266926 lits-rem: 0 cl-rem: 0 0-depth-assigns: 0 T: 0.08 T-out: Y
c o Executing OCC strategy token(s): 'occ-backw-sub,
c o [occ] mem usage for occur      0 MB
c o [occ] Linked in IRRED BIN by default: 266926
c o [occ] Linked in RED   BIN by default: 61
c o [occ] mem usage for occur      0 MB
c o Mem for watch alloc    : 22          MB (0.00      %)
c o Mem for watch array    : 0           MB (0.00      %)
c o Executing OCC strategy token: occ-backw-sub
c o [occ-backw-sub-long-w-long] rem cl: 0 tried: 49480/49480 (100.0%) T: 0.01 T-out: N T-r: 97.24%
c o [consolidate] mini T: 0.00
c o global_timeout_multiplier: 3.3000
c o [branch] rebuilding order heap for all branchings. Current branching: vsids
c o --> Executing strategy token: oracle-vivif-fast
c o --> Executing strategy token: must-renumber
c o [renumber] T: 0.02
c o [oracle-bin] potential pairs: 267126 T: 0.0064
c o --> Executing strategy token: must-scc-vrepl
c o [scc] new: 0 BP 0M T: 0.00
c o [vrep] vars 0 lits 0 rem-bin-cls 0 rem-long-cls 0 BP 0M T: 0.02
c o [oracle-vivif] lits-rem: 0 learnt-units: 0 T-out: Y T-remain: -4.1343% T: 6.95
c o [oracle-bin] bin-added: 28 equiv-added: 0 T-out: Y T-remain: 97.60% T: 0.06
c o [oracle-vivif] cache usefulness: 45% total T: 7.16
c o --> Executing strategy token: oracle-sparsify-fast
c o --> Executing strategy token: sub-impl
c o [impl-sub] bin: 28 T: 0.01 T-out: N w-visit: 4602
c o Executing OCC strategy token(s): 'occ-backw-sub,
c o [occ] mem usage for occur      0 MB
c o [occ] Linked in IRRED BIN by default: 266926
c o [occ] Linked in RED   BIN by default: 61
c o [occ] mem usage for occur      0 MB
c o Mem for watch alloc    : 22          MB (0.00      %)
c o Mem for watch array    : 0           MB (0.00      %)
c o Executing OCC strategy token: occ-backw-sub
c o [occ-backw-sub-long-w-long] rem cl: 0 tried: 69394/69394 (100.0%) T: 0.02 T-out: N T-r: 96.00%
c o --> Executing strategy token: must-renumber
c o [renumber] T: 0.04
c o [oracle-sparsify] removed: 0 of which bin: 0 tot considered: 266985 ccnr useful: 0 oracle uknown: 1 cache useful: 0% learnt-units: 0 T: 2.15 buildT: 0.06
c o [consolidate] mini T: 0.00
c o global_timeout_multiplier: 3.3000
c o [branch] rebuilding order heap for all branchings. Current branching: vsids
c o Executing OCC strategy token(s): 'occ-bve,
c o [occ] mem usage for occur      0 MB
c o [occ] Linked in IRRED BIN by default: 266926
c o [occ] Linked in RED   BIN by default: 61
c o [occ] mem usage for occur      0 MB
c o Mem for watch alloc    : 22          MB (0.00      %)
c o Mem for watch array    : 0           MB (0.00      %)
c o Executing OCC strategy token: occ-bve
c o [occ-empty-res] Empty resolvent elimed: 0 T: 0.00 T-out: N
c o [occ-bve] iter v-elim 0
c o cl_inc_rate=1.00, var_dec_rate=1.00 (grow=0)
c o Reduced to 2301 vars, 266985 cls (grow=0)
c o x n vars       : 2301
c o #try to eliminate:    63
c o #var-elim        :     0
c o #T-o: N
c o #T-r: 100.00%
c o #T  : 0.02
c o [occur] 0.04 is overhead
c o [occur] link-in T: 0.04 cleanup T: 0.00
c o [occ-xor-bve] elimed: 0 T: 0.00 T-out: N
c o [consolidate] mini T: 0.00
c o global_timeout_multiplier: 3.3000
c o [branch] rebuilding order heap for all branchings. Current branching: vsids
c o --> Executing strategy token: must-scc-vrepl
c o [scc] new: 0 BP 0M T: 0.00
c o [vrep] vars 0 lits 0 rem-bin-cls 0 rem-long-cls 0 BP 0M T: 0.03
c o --> Executing strategy token: must-renumber
c o [renumber] T: 0.03
c o [consolidate] mini T: 0.00
c o global_timeout_multiplier: 3.3000
c o [branch] rebuilding order heap for all branchings. Current branching: vsids
c o [occ] mem usage for occur      0 MB
c o [occ] Linked in IRRED BIN by default: 266926
c o [occ] Linked in RED   BIN by default: 61
c o [occ] mem usage for occur      0 MB
c o Mem for watch alloc    : 22          MB (0.00      %)
c o Mem for watch array    : 0           MB (0.00      %)
c o [empty] empty_occ: 0 T: 0.00
c o Executing OCC strategy token(s): 'occ-bve-empty,
c o [occ] mem usage for occur      0 MB
c o [occ] Linked in IRRED BIN by default: 266926
c o [occ] Linked in RED   BIN by default: 61
c o [occ] mem usage for occur      0 MB
c o Mem for watch alloc    : 22          MB (0.00      %)
c o Mem for watch array    : 0           MB (0.00      %)
c o Executing OCC strategy token: occ-bve-empty
c o [occ-empty-res] Empty resolvent elimed: 0 T: 0.00 T-out: N
c o --> Executing strategy token: must-renumber
c o [renumber] T: 0.03
c o [consolidate] mini T: 0.00
c o global_timeout_multiplier: 3.3000
c o [branch] rebuilding order heap for all branchings. Current branching: vsids
c o [0m[puura] new_empty_sampl_vars size: 0[0m
c o [get-cnf] Checking for variables mapping to same new var to set AIG definitions...
c o solver orig num vars: 2301 solver simp num vars: 2301
c o [0m[31m[puura] Done. final vars: 2301 final cls: 266985 T: 43.50[0m
c o [0m[arjun-sbva] entering SBVA with     vars: 2301    cls:   266985 opt sampl: 2301[0m
c o [0m[arjun-sbva] exited SBVA with       vars: 2301    cls:   266985[0m
c o [0m[arjun-sbva] K steps remaining: -608.46 T-out: Yes T: 0.06[0m
c o Arjun T: 264.38
c o Found 1 disconnected component(s)
c o [par] Using non-parallel counting
c o ind size: 2238 nvars: 2301
c o opt ind size: 2301 ind size: 2238 nvars: 2301
c o Sampling set size: 2238
c o Opt sampling set size: 2301
c o Bin irred/red      266926     61        
c o Long irred cls/tri 59         0         
c o Long red cls/tri   69335      0         
c o [td] nodes: 2301 nvars: 2301 edges: 267126
c o [td] Primal graph   nodes: 2301 edges: 267126 density: 0.050 edge/var: 116.091
c o [td] Too many edges, 267126 skipping TD
c o [rdb] cls before: 79335 after: 79335 low lbd: 434 lbd cutoff: 2 target computed: 20000 cannot be del : 147 used: 78901 rdb: 1
c o [mem] consolidate  old-sz:   99M new-sz: 4306K new bits offs: 20 T: 0.00
c o [rdb] cls before: 27619 after: 17666 low lbd: 434 lbd cutoff: 2 target computed: 20000 cannot be del : 218 used: 16815 rdb: 4
c o [mem] consolidate  old-sz: 12701K new-sz: 3881K new bits offs: 19 T: 0.00
c o [rdb] cls before: 25673 after: 16619 low lbd: 434 lbd cutoff: 2 target computed: 20000 cannot be del : 252 used: 15775 rdb: 7
c o [rdb] cls before: 26992 after: 17334 low lbd: 434 lbd cutoff: 2 target computed: 20000 cannot be del : 212 used: 16350 rdb: 10
c o [mem] consolidate  old-sz: 12496K new-sz: 3962K new bits offs: 19 T: 0.00
c o [rdb] cls before: 27563 after: 17481 low lbd: 434 lbd cutoff: 2 target computed: 20000 cannot be del : 322 used: 16289 rdb: 13
c o [mem] consolidate  old-sz: 12586K new-sz: 3525K new bits offs: 19 T: 0.00
c o [rdb] cls before: 26612 after: 18255 low lbd: 434 lbd cutoff: 2 target computed: 20000 cannot be del : 253 used: 17222 rdb: 16
c o [mem] consolidate  old-sz: 12280K new-sz: 3781K new bits offs: 19 T: 0.00
c o [rdb] cls before: 26860 after: 16498 low lbd: 434 lbd cutoff: 2 target computed: 15000 cannot be del : 216 used: 15270 rdb: 19
c o [rdb] cls before: 28449 after: 16825 low lbd: 434 lbd cutoff: 2 target computed: 20000 cannot be del : 201 used: 15448 rdb: 22
c o [mem] consolidate  old-sz: 12280K new-sz: 3595K new bits offs: 19 T: 0.00
c o [rdb] cls before: 26701 after: 17104 low lbd: 434 lbd cutoff: 2 target computed: 20000 cannot be del : 260 used: 14888 rdb: 25
c o [mem] consolidate  old-sz: 13252K new-sz: 3861K new bits offs: 19 T: 0.00
c o [rdb] cls before: 27257 after: 16676 low lbd: 434 lbd cutoff: 2 target computed: 20000 cannot be del : 171 used: 13942 rdb: 28
c o [mem] consolidate  old-sz: 12996K new-sz: 3626K new bits offs: 19 T: 0.00
c o [rdb] cls before: 27056 after: 18580 low lbd: 434 lbd cutoff: 2 target computed: 20000 cannot be del : 214 used: 16162 rdb: 31
c o [rdb] cls before: 27894 after: 17928 low lbd: 434 lbd cutoff: 2 target computed: 20000 cannot be del : 261 used: 15387 rdb: 34
c o [mem] consolidate  old-sz: 12006K new-sz: 3496K new bits offs: 19 T: 0.00
c o [rdb] cls before: 28594 after: 18155 low lbd: 434 lbd cutoff: 2 target computed: 20000 cannot be del : 229 used: 14678 rdb: 37
c o [mem] consolidate  old-sz: 12722K new-sz: 3950K new bits offs: 19 T: 0.00
c o [rdb] cls before: 30792 after: 19637 low lbd: 434 lbd cutoff: 2 target computed: 20000 cannot be del : 171 used: 16439 rdb: 40
c o [mem] consolidate  old-sz: 13005K new-sz: 3959K new bits offs: 19 T: 0.00
c o [rdb] cls before: 30318 after: 17062 low lbd: 434 lbd cutoff: 2 target computed: 20000 cannot be del : 211 used: 13290 rdb: 43
c o [mem] consolidate  old-sz: 10495K new-sz: 3530K new bits offs: 19 T: 0.00
c o [rdb] cls before: 28231 after: 19618 low lbd: 434 lbd cutoff: 2 target computed: 20000 cannot be del : 236 used: 16419 rdb: 46
c o [rdb] cls before: 28475 after: 19286 low lbd: 434 lbd cutoff: 2 target computed: 20000 cannot be del : 231 used: 16788 rdb: 49
c o [mem] consolidate  old-sz: 11637K new-sz: 3527K new bits offs: 19 T: 0.00
c o [rdb] cls before: 28211 after: 17504 low lbd: 434 lbd cutoff: 2 target computed: 20000 cannot be del : 259 used: 14639 rdb: 52
c o [mem] consolidate  old-sz: 9642K new-sz: 3246K new bits offs: 19 T: 0.00
c o [rdb] cls before: 28682 after: 17794 low lbd: 434 lbd cutoff: 2 target computed: 20000 cannot be del : 296 used: 14691 rdb: 55
c o [mem] consolidate  old-sz: 11491K new-sz: 3490K new bits offs: 19 T: 0.00
c o [rdb] cls before: 28453 after: 19026 low lbd: 434 lbd cutoff: 2 target computed: 20000 cannot be del : 205 used: 16310 rdb: 58
c o [mem] consolidate  old-sz: 9392K new-sz: 3323K new bits offs: 19 T: 0.00
c o [rdb] cls before: 26675 after: 18294 low lbd: 434 lbd cutoff: 2 target computed: 15000 cannot be del : 216 used: 16430 rdb: 61
c o [mem] consolidate  old-sz: 9708K new-sz: 3469K new bits offs: 19 T: 0.00
c o [rdb] cls before: 27455 after: 18190 low lbd: 434 lbd cutoff: 2 target computed: 20000 cannot be del : 250 used: 15353 rdb: 64
c o [mem] consolidate  old-sz: 11998K new-sz: 3466K new bits offs: 19 T: 0.00
c o [rdb] cls before: 28116 after: 18064 low lbd: 434 lbd cutoff: 2 target computed: 20000 cannot be del : 260 used: 15265 rdb: 67
c o [rdb] cls before: 29560 after: 18617 low lbd: 434 lbd cutoff: 2 target computed: 20000 cannot be del : 248 used: 16177 rdb: 70
c o [mem] consolidate  old-sz: 11881K new-sz: 3474K new bits offs: 19 T: 0.00
c o [rdb] cls before: 28736 after: 18260 low lbd: 434 lbd cutoff: 2 target computed: 20000 cannot be del : 231 used: 15377 rdb: 73
c o [mem] consolidate  old-sz: 9539K new-sz: 3341K new bits offs: 19 T: 0.00
c o [rdb] cls before: 28126 after: 18211 low lbd: 434 lbd cutoff: 2 target computed: 20000 cannot be del : 248 used: 14240 rdb: 76
c o [mem] consolidate  old-sz: 8937K new-sz: 3064K new bits offs: 19 T: 0.00
c o [rdb] cls before: 28285 after: 18916 low lbd: 434 lbd cutoff: 2 target computed: 20000 cannot be del : 228 used: 15697 rdb: 79
c o [mem] consolidate  old-sz: 10991K new-sz: 3178K new bits offs: 19 T: 0.00
c o [rdb] cls before: 29136 after: 18838 low lbd: 434 lbd cutoff: 2 target computed: 20000 cannot be del : 250 used: 13747 rdb: 82
c o [mem] consolidate  old-sz: 11040K new-sz: 3452K new bits offs: 19 T: 0.00
c o [rdb] cls before: 30312 after: 19898 low lbd: 434 lbd cutoff: 2 target computed: 20000 cannot be del : 260 used: 14333 rdb: 85
c o [mem] consolidate  old-sz: 9339K new-sz: 3402K new bits offs: 19 T: 0.00
c o [rdb] cls before: 30036 after: 21640 low lbd: 434 lbd cutoff: 2 target computed: 20000 cannot be del : 207 used: 16600 rdb: 88
c o [mem] consolidate  old-sz: 9141K new-sz: 3192K new bits offs: 19 T: 0.00
c o [rdb] cls before: 29541 after: 19780 low lbd: 434 lbd cutoff: 2 target computed: 20000 cannot be del : 237 used: 14406 rdb: 91
c o [rdb] cls before: 30607 after: 19857 low lbd: 434 lbd cutoff: 2 target computed: 20000 cannot be del : 147 used: 14400 rdb: 94
c o [mem] consolidate  old-sz: 10420K new-sz: 3111K new bits offs: 19 T: 0.00
c o [rdb] cls before: 30265 after: 19906 low lbd: 434 lbd cutoff: 2 target computed: 20000 cannot be del : 220 used: 14288 rdb: 97
c o [mem] consolidate  old-sz: 10326K new-sz: 3260K new bits offs: 19 T: 0.00
c o [rdb] cls before: 31313 after: 20957 low lbd: 434 lbd cutoff: 2 target computed: 20000 cannot be del : 244 used: 14874 rdb: 100
c o [mem] consolidate  old-sz: 10690K new-sz: 3379K new bits offs: 19 T: 0.00
c o [rdb] cls before: 31218 after: 21196 low lbd: 434 lbd cutoff: 2 target computed: 20000 cannot be del : 254 used: 14240 rdb: 103
c o [rdb] cls before: 32077 after: 22156 low lbd: 434 lbd cutoff: 2 target computed: 20000 cannot be del : 248 used: 16726 rdb: 106
c o [mem] consolidate  old-sz: 10962K new-sz: 3424K new bits offs: 19 T: 0.00
c o total time so far: 441.38
c o decisions K                    2248      -- Kdec/s:     12.73    
c o conflicts                      1072201      -- confl/s:    6071.51  
c o rem lits triedK/rem lits remK  1072      39611     
c o shrink tried/useful%/lits rem  1072201   93.5486   34902173  
c o avg clsz/rem lits avg/finalavg 170.3663  84.7092   47.7649  
c o rdbs/low lbd/rem               107   434    1118779
c o looks/look-computes            0/0
c o sat call/sat/unsat/confl/rst  0     0     0     0     0     
c o buddy called /unsat ratio           0     / 0.0000 
c o buddy avg num bin/long cls/vs  0.0000 / 0.0000 / 0.0000
c o buddy max num bin/long cls/vs  0     / 0     / 0    
c o orig cubes/lit-r avg/exten avg 0     / 0.00  / 0.00 
c o cubes orig/symm/final          0     / 0     / 0    
c o cubes resolved/flp-removed     0     / 0    
c o tot restarts                   0    
c o comp sortsK/avg sz             2214  / 1.01541197
c o comps recordK/non-reset ratio  4000 / 0.49
c o vivif: try/cls/clviv/litsravg  34        23249     6896      0.06      
c o toplev subs runs/bins/long-cls 0         0         0         0         0         
c o toplevel probes/fail/bprop     0         0         0         
c o Mem used                       0.00 GB
c o cache pollutions call/removed  2450348/2069537
c o cache entries K                179
c o MB cache                       33.190
c o cache K (lookup/ stores/ hits/ dels) 4000   2249   1750   0       -- Klookup/s:  22.65    
c o cache miss rate                0.562
c o avg hit/store num vars 4.191 / 165.513
c o 
c o [rdb] cls before: 31478 after: 21567 low lbd: 434 lbd cutoff: 2 target computed: 20000 cannot be del : 184 used: 16172 rdb: 109
c o [mem] consolidate  old-sz: 9349K new-sz: 3332K new bits offs: 19 T: 0.00
c o [rdb] cls before: 31921 after: 21075 low lbd: 434 lbd cutoff: 2 target computed: 20000 cannot be del : 260 used: 13887 rdb: 112
c o [mem] consolidate  old-sz: 8802K new-sz: 3189K new bits offs: 19 T: 0.00
c o [rdb] cls before: 33330 after: 22368 low lbd: 434 lbd cutoff: 2 target computed: 20000 cannot be del : 221 used: 15792 rdb: 115
c o [mem] consolidate  old-sz: 10359K new-sz: 3473K new bits offs: 19 T: 0.00
c o [rdb] cls before: 32588 after: 22972 low lbd: 434 lbd cutoff: 2 target computed: 20000 cannot be del : 213 used: 16301 rdb: 118
c o [mem] consolidate  old-sz: 11095K new-sz: 3446K new bits offs: 19 T: 0.00
c o [rdb] cls before: 31914 after: 23162 low lbd: 434 lbd cutoff: 2 target computed: 20000 cannot be del : 219 used: 16110 rdb: 121
c o [rdb] cls before: 32089 after: 22646 low lbd: 434 lbd cutoff: 2 target computed: 20000 cannot be del : 266 used: 15934 rdb: 124
c o [mem] consolidate  old-sz: 11024K new-sz: 3494K new bits offs: 19 T: 0.00
c o [rdb] cls before: 33103 after: 23071 low lbd: 434 lbd cutoff: 2 target computed: 20000 cannot be del : 214 used: 16624 rdb: 127
c o [mem] consolidate  old-sz: 10676K new-sz: 3388K new bits offs: 19 T: 0.00
c o [rdb] cls before: 31863 after: 23603 low lbd: 434 lbd cutoff: 2 target computed: 20000 cannot be del : 214 used: 16379 rdb: 130
c o [mem] consolidate  old-sz: 10670K new-sz: 3134K new bits offs: 19 T: 0.00
c o [rdb] cls before: 31389 after: 23020 low lbd: 434 lbd cutoff: 2 target computed: 20000 cannot be del : 212 used: 16281 rdb: 133
c o [rdb] cls before: 33986 after: 24094 low lbd: 434 lbd cutoff: 2 target computed: 20000 cannot be del : 197 used: 17553 rdb: 136
c o [mem] consolidate  old-sz: 10098K new-sz: 3384K new bits offs: 19 T: 0.00
c o [rdb] cls before: 34021 after: 23228 low lbd: 434 lbd cutoff: 2 target computed: 20000 cannot be del : 252 used: 16553 rdb: 139
c o [mem] consolidate  old-sz: 8663K new-sz: 3439K new bits offs: 19 T: 0.00
c o [rdb] cls before: 32022 after: 22712 low lbd: 434 lbd cutoff: 2 target computed: 20000 cannot be del : 257 used: 14575 rdb: 142
c o [mem] consolidate  old-sz: 8837K new-sz: 3295K new bits offs: 19 T: 0.00
c o [rdb] cls before: 32619 after: 22412 low lbd: 434 lbd cutoff: 2 target computed: 20000 cannot be del : 306 used: 14930 rdb: 145
c o [mem] consolidate  old-sz: 8829K new-sz: 3324K new bits offs: 19 T: 0.00
c o [rdb] cls before: 31762 after: 22291 low lbd: 434 lbd cutoff: 2 target computed: 20000 cannot be del : 266 used: 13933 rdb: 148
c o [mem] consolidate  old-sz: 9023K new-sz: 3359K new bits offs: 19 T: 0.00
c o [rdb] cls before: 33024 after: 22797 low lbd: 434 lbd cutoff: 2 target computed: 20000 cannot be del : 224 used: 15248 rdb: 151
c o [mem] consolidate  old-sz: 10604K new-sz: 3372K new bits offs: 19 T: 0.00
c o [rdb] cls before: 31597 after: 22203 low lbd: 434 lbd cutoff: 2 target computed: 20000 cannot be del : 260 used: 14350 rdb: 154
c o [mem] consolidate  old-sz: 10607K new-sz: 3435K new bits offs: 19 T: 0.00
c o [rdb] cls before: 34021 after: 23223 low lbd: 434 lbd cutoff: 2 target computed: 20000 cannot be del : 240 used: 16301 rdb: 157
c o [mem] consolidate  old-sz: 8974K new-sz: 3313K new bits offs: 19 T: 0.00
c o [rdb] cls before: 31614 after: 21935 low lbd: 434 lbd cutoff: 2 target computed: 20000 cannot be del : 211 used: 14902 rdb: 160
c o [rdb] cls before: 32382 after: 23319 low lbd: 434 lbd cutoff: 2 target computed: 20000 cannot be del : 240 used: 16346 rdb: 163
c o [mem] consolidate  old-sz: 11025K new-sz: 3497K new bits offs: 19 T: 0.00
c o [rdb] cls before: 31980 after: 22332 low lbd: 434 lbd cutoff: 2 target computed: 20000 cannot be del : 245 used: 14725 rdb: 166
c o [mem] consolidate  old-sz: 9347K new-sz: 3534K new bits offs: 19 T: 0.00
c o [rdb] cls before: 28222 after: 19127 low lbd: 434 lbd cutoff: 2 target computed: 20000 cannot be del : 221 used: 15741 rdb: 169
c o [mem] consolidate  old-sz: 9195K new-sz: 3232K new bits offs: 19 T: 0.00
c o [rdb] cls before: 28731 after: 17669 low lbd: 434 lbd cutoff: 2 target computed: 20000 cannot be del : 229 used: 14025 rdb: 172
c o [mem] consolidate  old-sz: 8627K new-sz: 2946K new bits offs: 19 T: 0.00
c o [rdb] cls before: 29208 after: 19234 low lbd: 434 lbd cutoff: 2 target computed: 20000 cannot be del : 234 used: 15489 rdb: 175
c o [mem] consolidate  old-sz: 9843K new-sz: 2935K new bits offs: 19 T: 0.00
c o [rdb] cls before: 27577 after: 19041 low lbd: 434 lbd cutoff: 2 target computed: 20000 cannot be del : 224 used: 15058 rdb: 178
c o [mem] consolidate  old-sz: 9963K new-sz: 3130K new bits offs: 19 T: 0.00
c o [rdb] cls before: 29510 after: 19408 low lbd: 434 lbd cutoff: 2 target computed: 20000 cannot be del : 193 used: 15418 rdb: 181
c o [mem] consolidate  old-sz: 8369K new-sz: 3053K new bits offs: 19 T: 0.00
c o [rdb] cls before: 28854 after: 20185 low lbd: 434 lbd cutoff: 2 target computed: 20000 cannot be del : 181 used: 15772 rdb: 184
c o [rdb] cls before: 30273 after: 18931 low lbd: 434 lbd cutoff: 2 target computed: 20000 cannot be del : 239 used: 14960 rdb: 187
c o [mem] consolidate  old-sz: 10267K new-sz: 3034K new bits offs: 19 T: 0.00
c o [rdb] cls before: 29918 after: 19430 low lbd: 434 lbd cutoff: 2 target computed: 20000 cannot be del : 202 used: 14571 rdb: 190
c o [mem] consolidate  old-sz: 9903K new-sz: 3217K new bits offs: 19 T: 0.00
c o [rdb] cls before: 30540 after: 19945 low lbd: 434 lbd cutoff: 2 target computed: 20000 cannot be del : 237 used: 15491 rdb: 193
c o [mem] consolidate  old-sz: 8542K new-sz: 3007K new bits offs: 19 T: 0.00
c o [rdb] cls before: 30191 after: 20886 low lbd: 434 lbd cutoff: 2 target computed: 20000 cannot be del : 208 used: 15886 rdb: 196
c o [mem] consolidate  old-sz: 10351K new-sz: 3307K new bits offs: 19 T: 0.00
c o [rdb] cls before: 30993 after: 20646 low lbd: 434 lbd cutoff: 2 target computed: 20000 cannot be del : 198 used: 15709 rdb: 199
c o [mem] consolidate  old-sz: 8447K new-sz: 3084K new bits offs: 19 T: 0.00
c o [rdb] cls before: 30972 after: 22247 low lbd: 434 lbd cutoff: 2 target computed: 20000 cannot be del : 219 used: 16837 rdb: 202
c o [mem] consolidate  old-sz: 8378K new-sz: 3113K new bits offs: 19 T: 0.00
c o [rdb] cls before: 30269 after: 21544 low lbd: 434 lbd cutoff: 2 target computed: 20000 cannot be del : 257 used: 15040 rdb: 205
c o [rdb] cls before: 31459 after: 21693 low lbd: 434 lbd cutoff: 2 target computed: 20000 cannot be del : 250 used: 15250 rdb: 208
c o [mem] consolidate  old-sz: 10394K new-sz: 3370K new bits offs: 19 T: 0.00
c o [rdb] cls before: 32541 after: 22345 low lbd: 434 lbd cutoff: 2 target computed: 20000 cannot be del : 288 used: 15683 rdb: 211
c o [mem] consolidate  old-sz: 10906K new-sz: 3423K new bits offs: 19 T: 0.00
c o [rdb] cls before: 31328 after: 22659 low lbd: 434 lbd cutoff: 2 target computed: 20000 cannot be del : 255 used: 15968 rdb: 214
c o [mem] consolidate  old-sz: 11219K new-sz: 3439K new bits offs: 19 T: 0.00
c o [rdb] cls before: 32580 after: 22617 low lbd: 434 lbd cutoff: 2 target computed: 20000 cannot be del : 216 used: 16055 rdb: 217
c o [mem] consolidate  old-sz: 8864K new-sz: 3234K new bits offs: 19 T: 0.00
c o [rdb] cls before: 31406 after: 22313 low lbd: 434 lbd cutoff: 2 target computed: 20000 cannot be del : 240 used: 16077 rdb: 220
c o [rdb] cls before: 32649 after: 21954 low lbd: 434 lbd cutoff: 2 target computed: 20000 cannot be del : 245 used: 15137 rdb: 223
c o [mem] consolidate  old-sz: 10313K new-sz: 3244K new bits offs: 19 T: 0.00
c o [rdb] cls before: 32614 after: 22109 low lbd: 434 lbd cutoff: 2 target computed: 20000 cannot be del : 254 used: 16031 rdb: 226
c o [mem] consolidate  old-sz: 10594K new-sz: 3383K new bits offs: 19 T: 0.00
c o [rdb] cls before: 33455 after: 23485 low lbd: 434 lbd cutoff: 2 target computed: 20000 cannot be del : 279 used: 17158 rdb: 229
c o [mem] consolidate  old-sz: 10776K new-sz: 3177K new bits offs: 19 T: 0.00
c o [rdb] cls before: 31899 after: 22052 low lbd: 434 lbd cutoff: 2 target computed: 20000 cannot be del : 240 used: 14453 rdb: 232
c o [rdb] cls before: 32240 after: 22393 low lbd: 434 lbd cutoff: 2 target computed: 20000 cannot be del : 242 used: 14367 rdb: 235
c o [mem] consolidate  old-sz: 10439K new-sz: 3312K new bits offs: 19 T: 0.00
c o [rdb] cls before: 32469 after: 23185 low lbd: 434 lbd cutoff: 2 target computed: 20000 cannot be del : 238 used: 15613 rdb: 238
c o [mem] consolidate  old-sz: 10747K new-sz: 3445K new bits offs: 19 T: 0.00
c o [rdb] cls before: 32752 after: 22864 low lbd: 434 lbd cutoff: 2 target computed: 20000 cannot be del : 225 used: 15790 rdb: 241
c o [mem] consolidate  old-sz: 8791K new-sz: 3270K new bits offs: 19 T: 0.00
c o [rdb] cls before: 32858 after: 22400 low lbd: 434 lbd cutoff: 2 target computed: 20000 cannot be del : 219 used: 15005 rdb: 244
c o [mem] consolidate  old-sz: 8429K new-sz: 3207K new bits offs: 19 T: 0.00
c o [rdb] cls before: 32586 after: 22751 low lbd: 434 lbd cutoff: 2 target computed: 20000 cannot be del : 291 used: 15087 rdb: 247
c o [mem] consolidate  old-sz: 8453K new-sz: 3211K new bits offs: 19 T: 0.00
c o [rdb] cls before: 33082 after: 23587 low lbd: 434 lbd cutoff: 2 target computed: 20000 cannot be del : 221 used: 16276 rdb: 250
c o [mem] consolidate  old-sz: 10683K new-sz: 3346K new bits offs: 19 T: 0.00
c o [rdb] cls before: 33227 after: 22989 low lbd: 434 lbd cutoff: 2 target computed: 20000 cannot be del : 228 used: 15356 rdb: 253
c o [rdb] cls before: 33545 after: 23197 low lbd: 434 lbd cutoff: 2 target computed: 20000 cannot be del : 197 used: 17297 rdb: 256
c o [mem] consolidate  old-sz: 10364K new-sz: 3212K new bits offs: 19 T: 0.00
c o [rdb] cls before: 32998 after: 23770 low lbd: 434 lbd cutoff: 2 target computed: 20000 cannot be del : 244 used: 15943 rdb: 259
c o [mem] consolidate  old-sz: 10464K new-sz: 3295K new bits offs: 19 T: 0.00
c o [rdb] cls before: 32822 after: 23045 low lbd: 434 lbd cutoff: 2 target computed: 20000 cannot be del : 261 used: 16110 rdb: 262
c o [mem] consolidate  old-sz: 8658K new-sz: 3222K new bits offs: 19 T: 0.00
c o [rdb] cls before: 33287 after: 22742 low lbd: 434 lbd cutoff: 2 target computed: 20000 cannot be del : 273 used: 14581 rdb: 265
c o [mem] consolidate  old-sz: 10162K new-sz: 3119K new bits offs: 19 T: 0.00
c o [rdb] cls before: 32755 after: 23789 low lbd: 434 lbd cutoff: 2 target computed: 20000 cannot be del : 270 used: 16304 rdb: 268
c o [rdb] cls before: 33428 after: 24251 low lbd: 434 lbd cutoff: 2 target computed: 20000 cannot be del : 278 used: 16408 rdb: 271
c o [mem] consolidate  old-sz: 9825K new-sz: 3302K new bits offs: 19 T: 0.00
c o [rdb] cls before: 33404 after: 23858 low lbd: 434 lbd cutoff: 2 target computed: 20000 cannot be del : 247 used: 17204 rdb: 274
c o [mem] consolidate  old-sz: 8293K new-sz: 3235K new bits offs: 19 T: 0.00
c o [rdb] cls before: 33638 after: 23547 low lbd: 435 lbd cutoff: 2 target computed: 20000 cannot be del : 254 used: 16276 rdb: 277
c o [mem] consolidate  old-sz: 8459K new-sz: 3303K new bits offs: 19 T: 0.00
c o [rdb] cls before: 33673 after: 24227 low lbd: 435 lbd cutoff: 2 target computed: 20000 cannot be del : 256 used: 16683 rdb: 280
c o [mem] consolidate  old-sz: 11120K new-sz: 3423K new bits offs: 19 T: 0.00
c o [rdb] cls before: 33875 after: 22494 low lbd: 435 lbd cutoff: 2 target computed: 20000 cannot be del : 263 used: 14880 rdb: 283
c o [mem] consolidate  old-sz: 10610K new-sz: 3296K new bits offs: 19 T: 0.00
c o [rdb] cls before: 33884 after: 22541 low lbd: 436 lbd cutoff: 2 target computed: 20000 cannot be del : 245 used: 15191 rdb: 286
c o [mem] consolidate  old-sz: 8867K new-sz: 3400K new bits offs: 19 T: 0.00
c o [rdb] cls before: 33473 after: 23983 low lbd: 436 lbd cutoff: 2 target computed: 20000 cannot be del : 299 used: 16874 rdb: 289
c o [rdb] cls before: 33563 after: 24504 low lbd: 436 lbd cutoff: 2 target computed: 20000 cannot be del : 207 used: 17304 rdb: 292
c o [mem] consolidate  old-sz: 10655K new-sz: 3353K new bits offs: 19 T: 0.00
c o [rdb] cls before: 33459 after: 23391 low lbd: 436 lbd cutoff: 2 target computed: 20000 cannot be del : 272 used: 15313 rdb: 295
c o [mem] consolidate  old-sz: 8561K new-sz: 3234K new bits offs: 19 T: 0.00
c o [rdb] cls before: 33926 after: 23252 low lbd: 436 lbd cutoff: 2 target computed: 20000 cannot be del : 243 used: 15719 rdb: 298
c o [mem] consolidate  old-sz: 8465K new-sz: 3216K new bits offs: 19 T: 0.00
c o [rdb] cls before: 33866 after: 22876 low lbd: 436 lbd cutoff: 2 target computed: 20000 cannot be del : 258 used: 16097 rdb: 301
c o [mem] consolidate  old-sz: 8228K new-sz: 3049K new bits offs: 19 T: 0.00
c o [rdb] cls before: 32434 after: 22837 low lbd: 436 lbd cutoff: 2 target computed: 20000 cannot be del : 197 used: 14995 rdb: 304
c o [mem] consolidate  old-sz: 8244K new-sz: 3190K new bits offs: 19 T: 0.00
c o [rdb] cls before: 32920 after: 23630 low lbd: 436 lbd cutoff: 2 target computed: 20000 cannot be del : 280 used: 15901 rdb: 307
c o [mem] consolidate  old-sz: 10584K new-sz: 3284K new bits offs: 19 T: 0.00
c o [rdb] cls before: 33853 after: 23844 low lbd: 436 lbd cutoff: 2 target computed: 20000 cannot be del : 222 used: 15888 rdb: 310
c o [mem] consolidate  old-sz: 10580K new-sz: 3384K new bits offs: 19 T: 0.00
c o [rdb] cls before: 33849 after: 23897 low lbd: 436 lbd cutoff: 2 target computed: 20000 cannot be del : 298 used: 16447 rdb: 313
c o [mem] consolidate  old-sz: 8892K new-sz: 3288K new bits offs: 19 T: 0.00
c o [rdb] cls before: 32688 after: 22351 low lbd: 436 lbd cutoff: 2 target computed: 20000 cannot be del : 229 used: 14400 rdb: 316
c o [rdb] cls before: 32712 after: 23564 low lbd: 436 lbd cutoff: 2 target computed: 20000 cannot be del : 257 used: 16028 rdb: 319
c o [mem] consolidate  old-sz: 10388K new-sz: 3340K new bits offs: 19 T: 0.00
c o [rdb] cls before: 32434 after: 22958 low lbd: 436 lbd cutoff: 2 target computed: 20000 cannot be del : 237 used: 16002 rdb: 322
c o [mem] consolidate  old-sz: 9247K new-sz: 3498K new bits offs: 19 T: 0.00
c o [rdb] cls before: 33846 after: 24359 low lbd: 436 lbd cutoff: 2 target computed: 20000 cannot be del : 303 used: 17382 rdb: 325
c o [mem] consolidate  old-sz: 10899K new-sz: 3320K new bits offs: 19 T: 0.00
c o [rdb] cls before: 33555 after: 23927 low lbd: 436 lbd cutoff: 2 target computed: 20000 cannot be del : 278 used: 16590 rdb: 328
c o [mem] consolidate  old-sz: 10475K new-sz: 3282K new bits offs: 19 T: 0.00
c o [rdb] cls before: 32154 after: 23157 low lbd: 436 lbd cutoff: 2 target computed: 20000 cannot be del : 297 used: 15897 rdb: 331
c o [rdb] cls before: 33334 after: 23211 low lbd: 436 lbd cutoff: 2 target computed: 20000 cannot be del : 226 used: 15287 rdb: 334
c o [mem] consolidate  old-sz: 11249K new-sz: 3563K new bits offs: 19 T: 0.00
c o [rdb] cls before: 33310 after: 22373 low lbd: 436 lbd cutoff: 2 target computed: 20000 cannot be del : 205 used: 14689 rdb: 337
c o [mem] consolidate  old-sz: 9212K new-sz: 3355K new bits offs: 19 T: 0.00
c o [rdb] cls before: 32762 after: 23837 low lbd: 436 lbd cutoff: 2 target computed: 20000 cannot be del : 216 used: 16298 rdb: 340
c o [mem] consolidate  old-sz: 10933K new-sz: 3471K new bits offs: 19 T: 0.00
c o [rdb] cls before: 31412 after: 21947 low lbd: 436 lbd cutoff: 2 target computed: 20000 cannot be del : 275 used: 14918 rdb: 343
c o [mem] consolidate  old-sz: 8991K new-sz: 3278K new bits offs: 19 T: 0.00
c o [rdb] cls before: 32654 after: 23008 low lbd: 436 lbd cutoff: 2 target computed: 20000 cannot be del : 192 used: 15732 rdb: 346
c o [mem] consolidate  old-sz: 10118K new-sz: 3221K new bits offs: 19 T: 0.00
c o [rdb] cls before: 33656 after: 23339 low lbd: 436 lbd cutoff: 2 target computed: 20000 cannot be del : 331 used: 16421 rdb: 349
c o [mem] consolidate  old-sz: 8521K new-sz: 3438K new bits offs: 19 T: 0.00
c o [rdb] cls before: 33597 after: 23189 low lbd: 436 lbd cutoff: 2 target computed: 20000 cannot be del : 243 used: 16135 rdb: 352
c o [rdb] cls before: 33747 after: 23628 low lbd: 436 lbd cutoff: 2 target computed: 20000 cannot be del : 277 used: 15956 rdb: 355
c o [mem] consolidate  old-sz: 10366K new-sz: 3255K new bits offs: 19 T: 0.00
c o [rdb] cls before: 32189 after: 23022 low lbd: 436 lbd cutoff: 2 target computed: 20000 cannot be del : 281 used: 14828 rdb: 358
c o [mem] consolidate  old-sz: 8518K new-sz: 3366K new bits offs: 19 T: 0.00
c o [rdb] cls before: 33620 after: 22829 low lbd: 436 lbd cutoff: 2 target computed: 20000 cannot be del : 215 used: 14543 rdb: 361
c o [mem] consolidate  old-sz: 8759K new-sz: 3349K new bits offs: 19 T: 0.00
c o [rdb] cls before: 33767 after: 23439 low lbd: 436 lbd cutoff: 2 target computed: 20000 cannot be del : 272 used: 15605 rdb: 364
c o [mem] consolidate  old-sz: 10502K new-sz: 3331K new bits offs: 19 T: 0.00
c o [rdb] cls before: 34519 after: 23758 low lbd: 436 lbd cutoff: 2 target computed: 20000 cannot be del : 244 used: 16081 rdb: 367
c o [mem] consolidate  old-sz: 8429K new-sz: 3198K new bits offs: 19 T: 0.00
c o [rdb] cls before: 33844 after: 23445 low lbd: 436 lbd cutoff: 2 target computed: 20000 cannot be del : 294 used: 16461 rdb: 370
c o [mem] consolidate  old-sz: 10594K new-sz: 3539K new bits offs: 19 T: 0.00
c o [rdb] cls before: 34173 after: 22361 low lbd: 436 lbd cutoff: 2 target computed: 20000 cannot be del : 228 used: 14881 rdb: 373
c o [mem] consolidate  old-sz: 8584K new-sz: 3162K new bits offs: 19 T: 0.00
c o [rdb] cls before: 33280 after: 23345 low lbd: 436 lbd cutoff: 2 target computed: 20000 cannot be del : 240 used: 15239 rdb: 376
c o [rdb] cls before: 33448 after: 22763 low lbd: 436 lbd cutoff: 2 target computed: 20000 cannot be del : 258 used: 14756 rdb: 379
c o [mem] consolidate  old-sz: 10211K new-sz: 3235K new bits offs: 19 T: 0.00
c o [rdb] cls before: 33759 after: 23809 low lbd: 436 lbd cutoff: 2 target computed: 20000 cannot be del : 202 used: 16163 rdb: 382
c o [mem] consolidate  old-sz: 10709K new-sz: 3383K new bits offs: 19 T: 0.00
c o [rdb] cls before: 34621 after: 24490 low lbd: 436 lbd cutoff: 2 target computed: 20000 cannot be del : 156 used: 17009 rdb: 385
c o [mem] consolidate  old-sz: 8879K new-sz: 3286K new bits offs: 19 T: 0.00
c o [rdb] cls before: 34328 after: 23658 low lbd: 436 lbd cutoff: 2 target computed: 20000 cannot be del : 234 used: 15568 rdb: 388
c o [mem] consolidate  old-sz: 10406K new-sz: 3419K new bits offs: 19 T: 0.00
c o [rdb] cls before: 33135 after: 23198 low lbd: 436 lbd cutoff: 2 target computed: 20000 cannot be del : 259 used: 14508 rdb: 391
c o [rdb] cls before: 34279 after: 24205 low lbd: 436 lbd cutoff: 2 target computed: 20000 cannot be del : 218 used: 16566 rdb: 394
c o [mem] consolidate  old-sz: 10831K new-sz: 3465K new bits offs: 19 T: 0.00
c o [rdb] cls before: 32955 after: 23293 low lbd: 436 lbd cutoff: 2 target computed: 20000 cannot be del : 256 used: 15765 rdb: 397
c o [mem] consolidate  old-sz: 8898K new-sz: 3198K new bits offs: 19 T: 0.00
c o [rdb] cls before: 34125 after: 23346 low lbd: 436 lbd cutoff: 2 target computed: 20000 cannot be del : 257 used: 16761 rdb: 400
c o [mem] consolidate  old-sz: 9992K new-sz: 3147K new bits offs: 19 T: 0.00
c o [rdb] cls before: 33091 after: 23447 low lbd: 436 lbd cutoff: 2 target computed: 20000 cannot be del : 243 used: 16413 rdb: 403
c o [mem] consolidate  old-sz: 9944K new-sz: 3145K new bits offs: 19 T: 0.00
c o [rdb] cls before: 33281 after: 22707 low lbd: 436 lbd cutoff: 2 target computed: 20000 cannot be del : 177 used: 15078 rdb: 406
c o [rdb] cls before: 33573 after: 24634 low lbd: 436 lbd cutoff: 2 target computed: 20000 cannot be del : 233 used: 17250 rdb: 409
c o [mem] consolidate  old-sz: 10062K new-sz: 3359K new bits offs: 19 T: 0.00
c o [rdb] cls before: 34593 after: 23771 low lbd: 436 lbd cutoff: 2 target computed: 20000 cannot be del : 225 used: 15730 rdb: 412
c o [mem] consolidate  old-sz: 8561K new-sz: 3217K new bits offs: 19 T: 0.00
c o [rdb] cls before: 34613 after: 22811 low lbd: 436 lbd cutoff: 2 target computed: 20000 cannot be del : 269 used: 14238 rdb: 415
c o [mem] consolidate  old-sz: 8292K new-sz: 3089K new bits offs: 19 T: 0.00
c o [rdb] cls before: 33938 after: 23521 low lbd: 436 lbd cutoff: 2 target computed: 20000 cannot be del : 240 used: 15809 rdb: 418
c o [mem] consolidate  old-sz: 9891K new-sz: 3246K new bits offs: 19 T: 0.00
c o [rdb] cls before: 34014 after: 24232 low lbd: 436 lbd cutoff: 2 target computed: 20000 cannot be del : 190 used: 15919 rdb: 421
c o [mem] consolidate  old-sz: 10366K new-sz: 3309K new bits offs: 19 T: 0.00
c o [rdb] cls before: 33624 after: 24537 low lbd: 436 lbd cutoff: 2 target computed: 20000 cannot be del : 262 used: 16394 rdb: 424
c o [mem] consolidate  old-sz: 8615K new-sz: 3283K new bits offs: 19 T: 0.00
c o [rdb] cls before: 33551 after: 24674 low lbd: 436 lbd cutoff: 2 target computed: 20000 cannot be del : 218 used: 16490 rdb: 427
c o [mem] consolidate  old-sz: 8418K new-sz: 3210K new bits offs: 19 T: 0.00
c o [rdb] cls before: 33455 after: 24658 low lbd: 436 lbd cutoff: 2 target computed: 20000 cannot be del : 219 used: 16834 rdb: 430
c o [rdb] cls before: 33785 after: 22794 low lbd: 436 lbd cutoff: 2 target computed: 20000 cannot be del : 256 used: 15376 rdb: 433
c o [mem] consolidate  old-sz: 10067K new-sz: 3136K new bits offs: 19 T: 0.00
c o [rdb] cls before: 33888 after: 24165 low lbd: 437 lbd cutoff: 2 target computed: 20000 cannot be del : 162 used: 16421 rdb: 436
c o [mem] consolidate  old-sz: 9728K new-sz: 2985K new bits offs: 19 T: 0.00
c o [rdb] cls before: 32836 after: 24192 low lbd: 437 lbd cutoff: 2 target computed: 20000 cannot be del : 210 used: 16753 rdb: 439
c o [mem] consolidate  old-sz: 9774K new-sz: 3302K new bits offs: 19 T: 0.00
c o [rdb] cls before: 33309 after: 25019 low lbd: 437 lbd cutoff: 2 target computed: 20000 cannot be del : 222 used: 18119 rdb: 442
c o [rdb] cls before: 33584 after: 24026 low lbd: 437 lbd cutoff: 2 target computed: 20000 cannot be del : 243 used: 16846 rdb: 445
c o [mem] consolidate  old-sz: 10487K new-sz: 3313K new bits offs: 19 T: 0.00
c o [rdb] cls before: 34192 after: 22939 low lbd: 438 lbd cutoff: 2 target computed: 20000 cannot be del : 196 used: 15574 rdb: 448
c o [mem] consolidate  old-sz: 8254K new-sz: 3136K new bits offs: 19 T: 0.00
c o [rdb] cls before: 33352 after: 23589 low lbd: 438 lbd cutoff: 2 target computed: 20000 cannot be del : 179 used: 15696 rdb: 451
c o [mem] consolidate  old-sz: 9601K new-sz: 3090K new bits offs: 19 T: 0.00
c o [rdb] cls before: 34434 after: 24829 low lbd: 438 lbd cutoff: 2 target computed: 20000 cannot be del : 237 used: 17785 rdb: 454
c o [mem] consolidate  old-sz: 9527K new-sz: 3153K new bits offs: 19 T: 0.00
c o [rdb] cls before: 33270 after: 23808 low lbd: 438 lbd cutoff: 2 target computed: 20000 cannot be del : 277 used: 15302 rdb: 457
c o [rdb] cls before: 33765 after: 24513 low lbd: 438 lbd cutoff: 2 target computed: 20000 cannot be del : 251 used: 16818 rdb: 460
c o [mem] consolidate  old-sz: 10083K new-sz: 3402K new bits offs: 19 T: 0.00
c o [rdb] cls before: 34382 after: 23608 low lbd: 438 lbd cutoff: 2 target computed: 20000 cannot be del : 225 used: 15671 rdb: 463
c o [mem] consolidate  old-sz: 8103K new-sz: 3074K new bits offs: 19 T: 0.00
c o [rdb] cls before: 34871 after: 23103 low lbd: 438 lbd cutoff: 2 target computed: 20000 cannot be del : 271 used: 14809 rdb: 466
c o [mem] consolidate  old-sz: 7797K new-sz: 3013K new bits offs: 19 T: 0.00
c o [rdb] cls before: 32952 after: 23656 low lbd: 438 lbd cutoff: 2 target computed: 20000 cannot be del : 238 used: 17185 rdb: 469
c o [mem] consolidate  old-sz: 9490K new-sz: 3072K new bits offs: 19 T: 0.00
c o [rdb] cls before: 32475 after: 22742 low lbd: 438 lbd cutoff: 2 target computed: 20000 cannot be del : 271 used: 14884 rdb: 472
c o [mem] consolidate  old-sz: 8439K new-sz: 3263K new bits offs: 19 T: 0.00
c o [rdb] cls before: 33405 after: 23670 low lbd: 438 lbd cutoff: 2 target computed: 20000 cannot be del : 264 used: 16377 rdb: 475
c o [mem] consolidate  old-sz: 10414K new-sz: 3201K new bits offs: 19 T: 0.00
c o [rdb] cls before: 33851 after: 24562 low lbd: 438 lbd cutoff: 2 target computed: 20000 cannot be del : 267 used: 17768 rdb: 478
c o [mem] consolidate  old-sz: 8444K new-sz: 3333K new bits offs: 19 T: 0.00
c o [rdb] cls before: 32720 after: 23510 low lbd: 438 lbd cutoff: 2 target computed: 20000 cannot be del : 193 used: 16121 rdb: 481
c o [rdb] cls before: 34949 after: 24374 low lbd: 439 lbd cutoff: 2 target computed: 20000 cannot be del : 224 used: 17334 rdb: 484
c o [mem] consolidate  old-sz: 10506K new-sz: 3222K new bits offs: 19 T: 0.00
c o [rdb] cls before: 33726 after: 24131 low lbd: 439 lbd cutoff: 2 target computed: 20000 cannot be del : 270 used: 15856 rdb: 487
c o [mem] consolidate  old-sz: 8594K new-sz: 3315K new bits offs: 19 T: 0.00
c o [rdb] cls before: 33839 after: 23871 low lbd: 439 lbd cutoff: 2 target computed: 20000 cannot be del : 312 used: 16377 rdb: 490
c o [mem] consolidate  old-sz: 9109K new-sz: 3537K new bits offs: 19 T: 0.00
c o [rdb] cls before: 32541 after: 22854 low lbd: 439 lbd cutoff: 2 target computed: 20000 cannot be del : 273 used: 15584 rdb: 493
c o [mem] consolidate  old-sz: 9054K new-sz: 3393K new bits offs: 19 T: 0.00
c o [rdb] cls before: 34001 after: 24156 low lbd: 439 lbd cutoff: 2 target computed: 20000 cannot be del : 286 used: 17632 rdb: 496
c o [mem] consolidate  old-sz: 10608K new-sz: 3237K new bits offs: 19 T: 0.00
c o [rdb] cls before: 33556 after: 24277 low lbd: 439 lbd cutoff: 2 target computed: 20000 cannot be del : 265 used: 17369 rdb: 499
c o [mem] consolidate  old-sz: 10598K new-sz: 3383K new bits offs: 19 T: 0.00
c o [rdb] cls before: 33003 after: 23595 low lbd: 439 lbd cutoff: 2 target computed: 20000 cannot be del : 258 used: 15942 rdb: 502
c o [mem] consolidate  old-sz: 8672K new-sz: 3174K new bits offs: 19 T: 0.00
c o [rdb] cls before: 32889 after: 23057 low lbd: 439 lbd cutoff: 2 target computed: 20000 cannot be del : 232 used: 15932 rdb: 505
c o [mem] consolidate  old-sz: 8670K new-sz: 3344K new bits offs: 19 T: 0.00
c o [rdb] cls before: 32731 after: 23489 low lbd: 439 lbd cutoff: 2 target computed: 20000 cannot be del : 258 used: 16386 rdb: 508
c o [rdb] cls before: 34230 after: 23286 low lbd: 439 lbd cutoff: 2 target computed: 20000 cannot be del : 270 used: 16545 rdb: 511
c o [mem] consolidate  old-sz: 11121K new-sz: 3397K new bits offs: 19 T: 0.00
c o [rdb] cls before: 33417 after: 23549 low lbd: 439 lbd cutoff: 2 target computed: 20000 cannot be del : 287 used: 16946 rdb: 514
c o [mem] consolidate  old-sz: 10482K new-sz: 3317K new bits offs: 19 T: 0.00
c o [rdb] cls before: 33276 after: 23832 low lbd: 439 lbd cutoff: 2 target computed: 20000 cannot be del : 267 used: 16851 rdb: 517
c o [mem] consolidate  old-sz: 10282K new-sz: 3343K new bits offs: 19 T: 0.00
c o [rdb] cls before: 34085 after: 23762 low lbd: 439 lbd cutoff: 2 target computed: 20000 cannot be del : 278 used: 16224 rdb: 520
c o [rdb] cls before: 34258 after: 23691 low lbd: 439 lbd cutoff: 2 target computed: 20000 cannot be del : 318 used: 15771 rdb: 523
c o [mem] consolidate  old-sz: 10897K new-sz: 3443K new bits offs: 19 T: 0.00
c o [rdb] cls before: 33701 after: 23668 low lbd: 439 lbd cutoff: 2 target computed: 20000 cannot be del : 256 used: 15885 rdb: 526
c o [mem] consolidate  old-sz: 8875K new-sz: 3340K new bits offs: 19 T: 0.00
c o [rdb] cls before: 32654 after: 24360 low lbd: 439 lbd cutoff: 2 target computed: 20000 cannot be del : 237 used: 18000 rdb: 529
c o [mem] consolidate  old-sz: 10017K new-sz: 3172K new bits offs: 19 T: 0.00
c o [rdb] cls before: 33030 after: 22973 low lbd: 439 lbd cutoff: 2 target computed: 20000 cannot be del : 274 used: 15294 rdb: 532
c o [mem] consolidate  old-sz: 10832K new-sz: 3469K new bits offs: 19 T: 0.00
c o [rdb] cls before: 34173 after: 23311 low lbd: 439 lbd cutoff: 2 target computed: 20000 cannot be del : 224 used: 15380 rdb: 535
c o [mem] consolidate  old-sz: 9011K new-sz: 3349K new bits offs: 19 T: 0.00
c o [rdb] cls before: 33138 after: 23784 low lbd: 439 lbd cutoff: 2 target computed: 20000 cannot be del : 283 used: 15867 rdb: 538
c o [rdb] cls before: 34430 after: 24003 low lbd: 439 lbd cutoff: 2 target computed: 20000 cannot be del : 279 used: 15877 rdb: 541
c o [mem] consolidate  old-sz: 10416K new-sz: 3283K new bits offs: 19 T: 0.00
c o [rdb] cls before: 33971 after: 23260 low lbd: 439 lbd cutoff: 2 target computed: 20000 cannot be del : 239 used: 16833 rdb: 544
c o [mem] consolidate  old-sz: 8531K new-sz: 3150K new bits offs: 19 T: 0.00
c o [rdb] cls before: 33296 after: 23921 low lbd: 439 lbd cutoff: 2 target computed: 20000 cannot be del : 250 used: 16207 rdb: 547
c o [mem] consolidate  old-sz: 10496K new-sz: 3477K new bits offs: 19 T: 0.00
c o [rdb] cls before: 33208 after: 24593 low lbd: 440 lbd cutoff: 2 target computed: 20000 cannot be del : 184 used: 16624 rdb: 550
c o [mem] consolidate  old-sz: 8848K new-sz: 3219K new bits offs: 19 T: 0.00
c o [rdb] cls before: 34018 after: 23699 low lbd: 440 lbd cutoff: 2 target computed: 20000 cannot be del : 282 used: 16060 rdb: 553
c o [mem] consolidate  old-sz: 8604K new-sz: 3383K new bits offs: 19 T: 0.00
c o [rdb] cls before: 33812 after: 24187 low lbd: 440 lbd cutoff: 2 target computed: 20000 cannot be del : 296 used: 15837 rdb: 556
c o [mem] consolidate  old-sz: 10344K new-sz: 3147K new bits offs: 19 T: 0.00
c o [rdb] cls before: 33897 after: 24275 low lbd: 440 lbd cutoff: 2 target computed: 20000 cannot be del : 268 used: 17058 rdb: 559
c o [mem] consolidate  old-sz: 8224K new-sz: 3195K new bits offs: 19 T: 0.00
c o [rdb] cls before: 33690 after: 23871 low lbd: 440 lbd cutoff: 2 target computed: 20000 cannot be del : 226 used: 15930 rdb: 562
c o [mem] consolidate  old-sz: 8297K new-sz: 3232K new bits offs: 19 T: 0.00
c o [rdb] cls before: 33298 after: 24285 low lbd: 440 lbd cutoff: 2 target computed: 20000 cannot be del : 248 used: 16083 rdb: 565
c o [rdb] cls before: 33907 after: 24471 low lbd: 440 lbd cutoff: 2 target computed: 20000 cannot be del : 220 used: 16509 rdb: 568
c o [mem] consolidate  old-sz: 10289K new-sz: 3292K new bits offs: 19 T: 0.00
c o [rdb] cls before: 34138 after: 24403 low lbd: 440 lbd cutoff: 2 target computed: 20000 cannot be del : 301 used: 16142 rdb: 571
c o [mem] consolidate  old-sz: 8369K new-sz: 3315K new bits offs: 19 T: 0.00
c o [rdb] cls before: 33960 after: 23471 low lbd: 440 lbd cutoff: 2 target computed: 20000 cannot be del : 199 used: 15489 rdb: 574
c o [mem] consolidate  old-sz: 8611K new-sz: 3352K new bits offs: 19 T: 0.00
c o [rdb] cls before: 34438 after: 24840 low lbd: 441 lbd cutoff: 2 target computed: 20000 cannot be del : 230 used: 16886 rdb: 577
c o [mem] consolidate  old-sz: 10237K new-sz: 3271K new bits offs: 19 T: 0.00
c o [rdb] cls before: 34352 after: 24294 low lbd: 441 lbd cutoff: 2 target computed: 20000 cannot be del : 224 used: 15911 rdb: 580
c o [mem] consolidate  old-sz: 8261K new-sz: 3148K new bits offs: 19 T: 0.00
c o [rdb] cls before: 33855 after: 24355 low lbd: 441 lbd cutoff: 2 target computed: 20000 cannot be del : 283 used: 17204 rdb: 583
c o [mem] consolidate  old-sz: 9686K new-sz: 3110K new bits offs: 19 T: 0.00
c o [rdb] cls before: 34638 after: 24828 low lbd: 441 lbd cutoff: 2 target computed: 20000 cannot be del : 203 used: 18244 rdb: 586
c o [mem] consolidate  old-sz: 8430K new-sz: 3362K new bits offs: 19 T: 0.00
c o [rdb] cls before: 33537 after: 24263 low lbd: 441 lbd cutoff: 2 target computed: 20000 cannot be del : 248 used: 15652 rdb: 589
c o [rdb] cls before: 34162 after: 23185 low lbd: 441 lbd cutoff: 2 target computed: 20000 cannot be del : 248 used: 15913 rdb: 592
c o [mem] consolidate  old-sz: 10817K new-sz: 3328K new bits offs: 19 T: 0.00
c o [rdb] cls before: 34173 after: 24102 low lbd: 441 lbd cutoff: 2 target computed: 20000 cannot be del : 259 used: 16579 rdb: 595
c o [mem] consolidate  old-sz: 10680K new-sz: 3359K new bits offs: 19 T: 0.00
c o [rdb] cls before: 32535 after: 23324 low lbd: 441 lbd cutoff: 2 target computed: 20000 cannot be del : 236 used: 15350 rdb: 598
c o [mem] consolidate  old-sz: 8564K new-sz: 3272K new bits offs: 19 T: 0.00
c o [rdb] cls before: 32893 after: 23017 low lbd: 441 lbd cutoff: 2 target computed: 20000 cannot be del : 233 used: 14318 rdb: 601
c o [mem] consolidate  old-sz: 8247K new-sz: 3166K new bits offs: 19 T: 0.00
c o [rdb] cls before: 33284 after: 23150 low lbd: 441 lbd cutoff: 2 target computed: 20000 cannot be del : 280 used: 15168 rdb: 604
c o [mem] consolidate  old-sz: 10061K new-sz: 3200K new bits offs: 19 T: 0.00
c o [rdb] cls before: 33281 after: 24028 low lbd: 441 lbd cutoff: 2 target computed: 20000 cannot be del : 232 used: 15905 rdb: 607
c o [rdb] cls before: 33466 after: 22654 low lbd: 441 lbd cutoff: 2 target computed: 20000 cannot be del : 229 used: 14501 rdb: 610
c o [mem] consolidate  old-sz: 9877K new-sz: 3056K new bits offs: 19 T: 0.00
c o [rdb] cls before: 33230 after: 24069 low lbd: 441 lbd cutoff: 2 target computed: 20000 cannot be del : 278 used: 15947 rdb: 613
c o [mem] consolidate  old-sz: 9754K new-sz: 3264K new bits offs: 19 T: 0.00
c o [rdb] cls before: 32671 after: 22913 low lbd: 441 lbd cutoff: 2 target computed: 20000 cannot be del : 232 used: 14158 rdb: 616
c o [mem] consolidate  old-sz: 8229K new-sz: 3218K new bits offs: 19 T: 0.00
c o [rdb] cls before: 34341 after: 24185 low lbd: 441 lbd cutoff: 2 target computed: 20000 cannot be del : 242 used: 16396 rdb: 619
c o [mem] consolidate  old-sz: 7998K new-sz: 3130K new bits offs: 19 T: 0.00
c o [rdb] cls before: 32334 after: 22908 low lbd: 441 lbd cutoff: 2 target computed: 20000 cannot be del : 282 used: 16248 rdb: 622
c o [mem] consolidate  old-sz: 8297K new-sz: 3051K new bits offs: 19 T: 0.00
c o [rdb] cls before: 33114 after: 23389 low lbd: 441 lbd cutoff: 2 target computed: 20000 cannot be del : 307 used: 15594 rdb: 625
c o [mem] consolidate  old-sz: 10008K new-sz: 3204K new bits offs: 19 T: 0.00
c o [rdb] cls before: 33983 after: 24206 low lbd: 441 lbd cutoff: 2 target computed: 20000 cannot be del : 227 used: 16881 rdb: 628
c o [rdb] cls before: 34351 after: 23732 low lbd: 441 lbd cutoff: 2 target computed: 20000 cannot be del : 272 used: 16659 rdb: 631
c o [mem] consolidate  old-sz: 10237K new-sz: 3294K new bits offs: 19 T: 0.00
c o [rdb] cls before: 33367 after: 23814 low lbd: 441 lbd cutoff: 2 target computed: 20000 cannot be del : 237 used: 16334 rdb: 634
c o [mem] consolidate  old-sz: 10269K new-sz: 3281K new bits offs: 19 T: 0.00
c o [rdb] cls before: 34452 after: 24392 low lbd: 441 lbd cutoff: 2 target computed: 20000 cannot be del : 251 used: 16903 rdb: 637
c o [mem] consolidate  old-sz: 8404K new-sz: 3241K new bits offs: 19 T: 0.00
c o [rdb] cls before: 33436 after: 24098 low lbd: 441 lbd cutoff: 2 target computed: 20000 cannot be del : 222 used: 16716 rdb: 640
c o [mem] consolidate  old-sz: 8167K new-sz: 3101K new bits offs: 19 T: 0.00
c o [rdb] cls before: 34370 after: 23807 low lbd: 441 lbd cutoff: 2 target computed: 20000 cannot be del : 186 used: 15673 rdb: 643
c o [mem] consolidate  old-sz: 7940K new-sz: 3144K new bits offs: 19 T: 0.00
c o [rdb] cls before: 34059 after: 24763 low lbd: 441 lbd cutoff: 2 target computed: 20000 cannot be del : 234 used: 16798 rdb: 646
c o [mem] consolidate  old-sz: 9657K new-sz: 3152K new bits offs: 19 T: 0.00
c o [rdb] cls before: 34648 after: 24198 low lbd: 441 lbd cutoff: 2 target computed: 20000 cannot be del : 218 used: 16203 rdb: 649
c o [mem] consolidate  old-sz: 8112K new-sz: 3192K new bits offs: 19 T: 0.00
c o [rdb] cls before: 34180 after: 23465 low lbd: 441 lbd cutoff: 2 target computed: 20000 cannot be del : 239 used: 15546 rdb: 652
c o [mem] consolidate  old-sz: 8144K new-sz: 3129K new bits offs: 19 T: 0.00
c o [rdb] cls before: 34123 after: 24922 low lbd: 441 lbd cutoff: 2 target computed: 20000 cannot be del : 153 used: 16907 rdb: 655
c o [rdb] cls before: 35415 after: 24692 low lbd: 441 lbd cutoff: 2 target computed: 20000 cannot be del : 216 used: 17920 rdb: 658
c o [mem] consolidate  old-sz: 9738K new-sz: 3311K new bits offs: 19 T: 0.00
c o [rdb] cls before: 34931 after: 24686 low lbd: 441 lbd cutoff: 2 target computed: 20000 cannot be del : 210 used: 16896 rdb: 661
c o [mem] consolidate  old-sz: 8654K new-sz: 3322K new bits offs: 19 T: 0.00
c o [rdb] cls before: 35716 after: 25749 low lbd: 441 lbd cutoff: 2 target computed: 20000 cannot be del : 297 used: 18841 rdb: 664
c o [mem] consolidate  old-sz: 10051K new-sz: 3206K new bits offs: 19 T: 0.00
c o [rdb] cls before: 33862 after: 25561 low lbd: 441 lbd cutoff: 2 target computed: 20000 cannot be del : 237 used: 18329 rdb: 667
c o [mem] consolidate  old-sz: 9982K new-sz: 3481K new bits offs: 19 T: 0.00
c o [rdb] cls before: 35179 after: 23216 low lbd: 441 lbd cutoff: 2 target computed: 20000 cannot be del : 214 used: 14756 rdb: 670
c o [mem] consolidate  old-sz: 9055K new-sz: 3409K new bits offs: 19 T: 0.00
c o [rdb] cls before: 33812 after: 23987 low lbd: 441 lbd cutoff: 2 target computed: 20000 cannot be del : 266 used: 15579 rdb: 673
c o [rdb] cls before: 33915 after: 23845 low lbd: 441 lbd cutoff: 2 target computed: 20000 cannot be del : 296 used: 16486 rdb: 676
c o [mem] consolidate  old-sz: 10490K new-sz: 3260K new bits offs: 19 T: 0.00
c o [rdb] cls before: 33889 after: 24168 low lbd: 441 lbd cutoff: 2 target computed: 20000 cannot be del : 305 used: 16119 rdb: 679
c o [mem] consolidate  old-sz: 10614K new-sz: 3342K new bits offs: 19 T: 0.00
c o [rdb] cls before: 34362 after: 23994 low lbd: 441 lbd cutoff: 2 target computed: 20000 cannot be del : 264 used: 15492 rdb: 682
c o [mem] consolidate  old-sz: 10398K new-sz: 3179K new bits offs: 19 T: 0.00
c o [rdb] cls before: 33478 after: 23670 low lbd: 441 lbd cutoff: 2 target computed: 20000 cannot be del : 206 used: 15904 rdb: 685
c o [mem] consolidate  old-sz: 8501K new-sz: 3241K new bits offs: 19 T: 0.00
c o [rdb] cls before: 32737 after: 23965 low lbd: 441 lbd cutoff: 2 target computed: 20000 cannot be del : 297 used: 16767 rdb: 688
c o [rdb] cls before: 34176 after: 24252 low lbd: 441 lbd cutoff: 2 target computed: 20000 cannot be del : 275 used: 17026 rdb: 691
c o [mem] consolidate  old-sz: 10461K new-sz: 3281K new bits offs: 19 T: 0.00
c o [rdb] cls before: 33811 after: 22983 low lbd: 441 lbd cutoff: 2 target computed: 20000 cannot be del : 263 used: 14359 rdb: 694
c o [mem] consolidate  old-sz: 8676K new-sz: 3167K new bits offs: 19 T: 0.00
c o [rdb] cls before: 33918 after: 24306 low lbd: 441 lbd cutoff: 2 target computed: 20000 cannot be del : 213 used: 16398 rdb: 697
c o [mem] consolidate  old-sz: 10228K new-sz: 3354K new bits offs: 19 T: 0.00
c o [rdb] cls before: 34372 after: 24343 low lbd: 441 lbd cutoff: 2 target computed: 20000 cannot be del : 166 used: 17943 rdb: 700
c o [mem] consolidate  old-sz: 8814K new-sz: 3417K new bits offs: 19 T: 0.00
c o [rdb] cls before: 34464 after: 23890 low lbd: 441 lbd cutoff: 2 target computed: 20000 cannot be del : 260 used: 16239 rdb: 703
c o [mem] consolidate  old-sz: 10528K new-sz: 3350K new bits offs: 19 T: 0.00
c o [rdb] cls before: 34909 after: 23680 low lbd: 441 lbd cutoff: 2 target computed: 20000 cannot be del : 240 used: 15789 rdb: 706
c o [mem] consolidate  old-sz: 8823K new-sz: 3385K new bits offs: 19 T: 0.00
c o [rdb] cls before: 34119 after: 23502 low lbd: 441 lbd cutoff: 2 target computed: 20000 cannot be del : 273 used: 17238 rdb: 709
c o [mem] consolidate  old-sz: 8503K new-sz: 3184K new bits offs: 19 T: 0.00
c o [rdb] cls before: 32994 after: 22226 low lbd: 441 lbd cutoff: 2 target computed: 20000 cannot be del : 257 used: 15700 rdb: 712
c o [rdb] cls before: 33034 after: 23798 low lbd: 441 lbd cutoff: 2 target computed: 20000 cannot be del : 273 used: 15903 rdb: 715
c o [mem] consolidate  old-sz: 10471K new-sz: 3297K new bits offs: 19 T: 0.00
c o [rdb] cls before: 33134 after: 22864 low lbd: 441 lbd cutoff: 2 target computed: 20000 cannot be del : 226 used: 15527 rdb: 718
c o [mem] consolidate  old-sz: 8726K new-sz: 3320K new bits offs: 19 T: 0.00
c o [rdb] cls before: 33807 after: 23725 low lbd: 441 lbd cutoff: 2 target computed: 20000 cannot be del : 276 used: 15498 rdb: 721
c o [mem] consolidate  old-sz: 10484K new-sz: 3218K new bits offs: 19 T: 0.00
c o [rdb] cls before: 32893 after: 23987 low lbd: 441 lbd cutoff: 2 target computed: 20000 cannot be del : 194 used: 16612 rdb: 724
c o [mem] consolidate  old-sz: 10315K new-sz: 3224K new bits offs: 19 T: 0.00
c o [rdb] cls before: 33300 after: 23856 low lbd: 441 lbd cutoff: 2 target computed: 20000 cannot be del : 222 used: 15875 rdb: 727
c o [rdb] cls before: 33494 after: 22183 low lbd: 441 lbd cutoff: 2 target computed: 20000 cannot be del : 177 used: 15656 rdb: 730
c o [mem] consolidate  old-sz: 9823K new-sz: 3119K new bits offs: 19 T: 0.00
c o [rdb] cls before: 32760 after: 22466 low lbd: 441 lbd cutoff: 2 target computed: 20000 cannot be del : 232 used: 15461 rdb: 733
c o [mem] consolidate  old-sz: 9895K new-sz: 3114K new bits offs: 19 T: 0.00
c o [rdb] cls before: 33325 after: 23517 low lbd: 441 lbd cutoff: 2 target computed: 20000 cannot be del : 171 used: 16598 rdb: 736
c o [mem] consolidate  old-sz: 8081K new-sz: 3065K new bits offs: 19 T: 0.00
c o [rdb] cls before: 32560 after: 23484 low lbd: 441 lbd cutoff: 2 target computed: 20000 cannot be del : 226 used: 17233 rdb: 739
c o [mem] consolidate  old-sz: 9920K new-sz: 3215K new bits offs: 19 T: 0.00
c o [rdb] cls before: 33027 after: 22862 low lbd: 441 lbd cutoff: 2 target computed: 20000 cannot be del : 254 used: 15153 rdb: 742
c o [rdb] cls before: 33560 after: 21920 low lbd: 441 lbd cutoff: 2 target computed: 20000 cannot be del : 221 used: 13717 rdb: 745
c o [mem] consolidate  old-sz: 10577K new-sz: 3238K new bits offs: 19 T: 0.00
c o [rdb] cls before: 33506 after: 23551 low lbd: 441 lbd cutoff: 2 target computed: 20000 cannot be del : 232 used: 15991 rdb: 748
c o [mem] consolidate  old-sz: 10876K new-sz: 3372K new bits offs: 19 T: 0.00
c o [rdb] cls before: 32761 after: 22778 low lbd: 441 lbd cutoff: 2 target computed: 20000 cannot be del : 210 used: 14608 rdb: 751
c o [mem] consolidate  old-sz: 8897K new-sz: 3342K new bits offs: 19 T: 0.00
c o [rdb] cls before: 34081 after: 23959 low lbd: 441 lbd cutoff: 2 target computed: 20000 cannot be del : 210 used: 15948 rdb: 754
c o [mem] consolidate  old-sz: 10204K new-sz: 3293K new bits offs: 19 T: 0.00
c o [rdb] cls before: 33838 after: 22392 low lbd: 441 lbd cutoff: 2 target computed: 20000 cannot be del : 247 used: 15220 rdb: 757
c o [mem] consolidate  old-sz: 8747K new-sz: 3260K new bits offs: 19 T: 0.00
c o [rdb] cls before: 33121 after: 22504 low lbd: 441 lbd cutoff: 2 target computed: 20000 cannot be del : 224 used: 14798 rdb: 760
c o [mem] consolidate  old-sz: 8472K new-sz: 3085K new bits offs: 19 T: 0.00
c o [rdb] cls before: 31913 after: 22748 low lbd: 441 lbd cutoff: 2 target computed: 20000 cannot be del : 259 used: 15550 rdb: 763
c o [rdb] cls before: 33580 after: 22696 low lbd: 441 lbd cutoff: 2 target computed: 20000 cannot be del : 162 used: 15207 rdb: 766
c o [mem] consolidate  old-sz: 9759K new-sz: 3003K new bits offs: 19 T: 0.00
c o [rdb] cls before: 33081 after: 23302 low lbd: 441 lbd cutoff: 2 target computed: 20000 cannot be del : 255 used: 15586 rdb: 769
c o [mem] consolidate  old-sz: 9435K new-sz: 3144K new bits offs: 19 T: 0.00
c o [rdb] cls before: 34052 after: 23700 low lbd: 441 lbd cutoff: 2 target computed: 20000 cannot be del : 285 used: 16983 rdb: 772
c o [mem] consolidate  old-sz: 7922K new-sz: 3071K new bits offs: 19 T: 0.00
c o [rdb] cls before: 32879 after: 23718 low lbd: 441 lbd cutoff: 2 target computed: 20000 cannot be del : 195 used: 15754 rdb: 775
c o [mem] consolidate  old-sz: 10510K new-sz: 3570K new bits offs: 19 T: 0.00
c o [rdb] cls before: 33102 after: 24081 low lbd: 441 lbd cutoff: 2 target computed: 20000 cannot be del : 238 used: 15791 rdb: 778
c o [rdb] cls before: 33823 after: 23163 low lbd: 441 lbd cutoff: 2 target computed: 20000 cannot be del : 250 used: 14567 rdb: 781
c o [mem] consolidate  old-sz: 11614K new-sz: 3644K new bits offs: 19 T: 0.00
c o [rdb] cls before: 34721 after: 24035 low lbd: 441 lbd cutoff: 2 target computed: 20000 cannot be del : 231 used: 15901 rdb: 784
c o [mem] consolidate  old-sz: 11570K new-sz: 3590K new bits offs: 19 T: 0.00
c o [rdb] cls before: 32912 after: 24058 low lbd: 441 lbd cutoff: 2 target computed: 20000 cannot be del : 231 used: 15804 rdb: 787
c o [mem] consolidate  old-sz: 11554K new-sz: 3659K new bits offs: 19 T: 0.00
c o [rdb] cls before: 34254 after: 23197 low lbd: 441 lbd cutoff: 2 target computed: 20000 cannot be del : 310 used: 15680 rdb: 790
c o [mem] consolidate  old-sz: 9259K new-sz: 3339K new bits offs: 19 T: 0.00
c o [rdb] cls before: 32832 after: 24014 low lbd: 441 lbd cutoff: 2 target computed: 20000 cannot be del : 284 used: 15939 rdb: 793
c o [rdb] cls before: 34070 after: 23856 low lbd: 441 lbd cutoff: 2 target computed: 20000 cannot be del : 268 used: 16356 rdb: 796
c o [mem] consolidate  old-sz: 11159K new-sz: 3404K new bits offs: 19 T: 0.00
c o [rdb] cls before: 33257 after: 23787 low lbd: 441 lbd cutoff: 2 target computed: 20000 cannot be del : 252 used: 16749 rdb: 799
c o [mem] consolidate  old-sz: 8871K new-sz: 3467K new bits offs: 19 T: 0.00
c o [rdb] cls before: 33611 after: 24190 low lbd: 441 lbd cutoff: 2 target computed: 20000 cannot be del : 163 used: 16310 rdb: 802
c o [mem] consolidate  old-sz: 11096K new-sz: 3281K new bits offs: 19 T: 0.00
c o [rdb] cls before: 33706 after: 22915 low lbd: 441 lbd cutoff: 2 target computed: 20000 cannot be del : 283 used: 14853 rdb: 805
c o [mem] consolidate  old-sz: 10739K new-sz: 3481K new bits offs: 19 T: 0.00
c o [rdb] cls before: 34408 after: 23663 low lbd: 441 lbd cutoff: 2 target computed: 20000 cannot be del : 195 used: 15585 rdb: 808
c o [mem] consolidate  old-sz: 9023K new-sz: 3224K new bits offs: 19 T: 0.00
c o [rdb] cls before: 33582 after: 24141 low lbd: 441 lbd cutoff: 2 target computed: 20000 cannot be del : 240 used: 16478 rdb: 811
c o [rdb] cls before: 33647 after: 23055 low lbd: 441 lbd cutoff: 2 target computed: 20000 cannot be del : 173 used: 14785 rdb: 814
c o [mem] consolidate  old-sz: 10313K new-sz: 3344K new bits offs: 19 T: 0.00
c o [rdb] cls before: 33343 after: 22356 low lbd: 441 lbd cutoff: 2 target computed: 20000 cannot be del : 186 used: 14554 rdb: 817
c o [mem] consolidate  old-sz: 8959K new-sz: 3267K new bits offs: 19 T: 0.00
c o [rdb] cls before: 32783 after: 22627 low lbd: 441 lbd cutoff: 2 target computed: 20000 cannot be del : 240 used: 15363 rdb: 820
c o [mem] consolidate  old-sz: 10655K new-sz: 3180K new bits offs: 19 T: 0.00
c o [rdb] cls before: 32729 after: 23411 low lbd: 441 lbd cutoff: 2 target computed: 20000 cannot be del : 237 used: 15178 rdb: 823
c o [mem] consolidate  old-sz: 11263K new-sz: 3582K new bits offs: 19 T: 0.00
c o [rdb] cls before: 33305 after: 23542 low lbd: 441 lbd cutoff: 2 target computed: 20000 cannot be del : 165 used: 16219 rdb: 826
c o [mem] consolidate  old-sz: 9118K new-sz: 3123K new bits offs: 19 T: 0.00
c o [rdb] cls before: 31431 after: 22158 low lbd: 441 lbd cutoff: 2 target computed: 20000 cannot be del : 297 used: 15233 rdb: 829
c o [rdb] cls before: 31769 after: 21683 low lbd: 441 lbd cutoff: 2 target computed: 20000 cannot be del : 222 used: 15268 rdb: 832
c o [mem] consolidate  old-sz: 10886K new-sz: 3270K new bits offs: 19 T: 0.00
c o [rdb] cls before: 32655 after: 22513 low lbd: 441 lbd cutoff: 2 target computed: 20000 cannot be del : 193 used: 17084 rdb: 835
c o [mem] consolidate  old-sz: 10060K new-sz: 3006K new bits offs: 19 T: 0.00
c o [rdb] cls before: 32108 after: 23046 low lbd: 441 lbd cutoff: 2 target computed: 20000 cannot be del : 306 used: 15288 rdb: 838
c o [mem] consolidate  old-sz: 10452K new-sz: 3647K new bits offs: 19 T: 0.00
c o [rdb] cls before: 34154 after: 19057 low lbd: 441 lbd cutoff: 2 target computed: 15000 cannot be del : 292 used: 15852 rdb: 841
c o [mem] consolidate  old-sz: 9090K new-sz: 3057K new bits offs: 19 T: 0.00
c o [rdb] cls before: 29297 after: 18366 low lbd: 441 lbd cutoff: 2 target computed: 20000 cannot be del : 275 used: 14752 rdb: 844
c o [rdb] cls before: 29561 after: 19664 low lbd: 441 lbd cutoff: 2 target computed: 20000 cannot be del : 236 used: 16480 rdb: 847
c o [mem] consolidate  old-sz: 10111K new-sz: 3089K new bits offs: 19 T: 0.00
c o [rdb] cls before: 28263 after: 18757 low lbd: 441 lbd cutoff: 2 target computed: 20000 cannot be del : 264 used: 14954 rdb: 850
c o [mem] consolidate  old-sz: 8420K new-sz: 2987K new bits offs: 19 T: 0.00
c o [rdb] cls before: 30004 after: 19731 low lbd: 441 lbd cutoff: 2 target computed: 20000 cannot be del : 258 used: 15782 rdb: 853
c o [mem] consolidate  old-sz: 10296K new-sz: 3084K new bits offs: 19 T: 0.00
c o [rdb] cls before: 30102 after: 19670 low lbd: 441 lbd cutoff: 2 target computed: 20000 cannot be del : 252 used: 15731 rdb: 856
c o [mem] consolidate  old-sz: 10220K new-sz: 3104K new bits offs: 19 T: 0.00
c o [rdb] cls before: 30139 after: 19398 low lbd: 441 lbd cutoff: 2 target computed: 20000 cannot be del : 271 used: 14829 rdb: 859
c o [mem] consolidate  old-sz: 8564K new-sz: 3219K new bits offs: 19 T: 0.00
c o [rdb] cls before: 29600 after: 20183 low lbd: 441 lbd cutoff: 2 target computed: 20000 cannot be del : 263 used: 15247 rdb: 862
c o [rdb] cls before: 30737 after: 21034 low lbd: 441 lbd cutoff: 2 target computed: 20000 cannot be del : 198 used: 15617 rdb: 865
c o [mem] consolidate  old-sz: 10718K new-sz: 3173K new bits offs: 19 T: 0.00
c o [rdb] cls before: 31106 after: 21075 low lbd: 441 lbd cutoff: 2 target computed: 20000 cannot be del : 206 used: 15805 rdb: 868
c o [mem] consolidate  old-sz: 10406K new-sz: 3278K new bits offs: 19 T: 0.00
c o [rdb] cls before: 30870 after: 21152 low lbd: 441 lbd cutoff: 2 target computed: 20000 cannot be del : 199 used: 15286 rdb: 871
c o [mem] consolidate  old-sz: 8462K new-sz: 3097K new bits offs: 19 T: 0.00
c o [rdb] cls before: 31159 after: 21958 low lbd: 441 lbd cutoff: 2 target computed: 20000 cannot be del : 274 used: 17172 rdb: 874
c o [mem] consolidate  old-sz: 8404K new-sz: 3016K new bits offs: 19 T: 0.00
c o [rdb] cls before: 30862 after: 20952 low lbd: 441 lbd cutoff: 2 target computed: 20000 cannot be del : 194 used: 15225 rdb: 877
c o [mem] consolidate  old-sz: 10451K new-sz: 3213K new bits offs: 19 T: 0.00
c o [rdb] cls before: 31305 after: 21385 low lbd: 441 lbd cutoff: 2 target computed: 20000 cannot be del : 238 used: 15599 rdb: 880
c o [rdb] cls before: 31963 after: 22527 low lbd: 441 lbd cutoff: 2 target computed: 20000 cannot be del : 242 used: 16528 rdb: 883
c o [mem] consolidate  old-sz: 10567K new-sz: 3384K new bits offs: 19 T: 0.00
c o [rdb] cls before: 32453 after: 21874 low lbd: 441 lbd cutoff: 2 target computed: 20000 cannot be del : 282 used: 16131 rdb: 886
c o [mem] consolidate  old-sz: 8847K new-sz: 3266K new bits offs: 19 T: 0.00
c o [rdb] cls before: 32623 after: 21688 low lbd: 441 lbd cutoff: 2 target computed: 20000 cannot be del : 293 used: 16437 rdb: 889
c o [mem] consolidate  old-sz: 8854K new-sz: 3115K new bits offs: 19 T: 0.00
c o [rdb] cls before: 31630 after: 21392 low lbd: 441 lbd cutoff: 2 target computed: 20000 cannot be del : 202 used: 15515 rdb: 892
c o [mem] consolidate  old-sz: 8345K new-sz: 3056K new bits offs: 19 T: 0.00
c o [rdb] cls before: 32595 after: 22541 low lbd: 441 lbd cutoff: 2 target computed: 20000 cannot be del : 217 used: 16115 rdb: 895
c o [mem] consolidate  old-sz: 10354K new-sz: 3291K new bits offs: 19 T: 0.00
c o [rdb] cls before: 31318 after: 22075 low lbd: 441 lbd cutoff: 2 target computed: 20000 cannot be del : 213 used: 16349 rdb: 898
c o [mem] consolidate  old-sz: 10296K new-sz: 3210K new bits offs: 19 T: 0.00
c o [rdb] cls before: 31119 after: 21906 low lbd: 441 lbd cutoff: 2 target computed: 20000 cannot be del : 222 used: 15304 rdb: 901
c o [rdb] cls before: 32511 after: 21965 low lbd: 441 lbd cutoff: 2 target computed: 20000 cannot be del : 238 used: 15133 rdb: 904
c o [mem] consolidate  old-sz: 10560K new-sz: 3289K new bits offs: 19 T: 0.00
c o [rdb] cls before: 32262 after: 21706 low lbd: 441 lbd cutoff: 2 target computed: 20000 cannot be del : 229 used: 14397 rdb: 907
c o [mem] consolidate  old-sz: 8689K new-sz: 3091K new bits offs: 19 T: 0.00
c o [rdb] cls before: 32803 after: 23116 low lbd: 441 lbd cutoff: 2 target computed: 20000 cannot be del : 206 used: 16029 rdb: 910
c o [mem] consolidate  old-sz: 10203K new-sz: 3227K new bits offs: 19 T: 0.00
c o [rdb] cls before: 32961 after: 22565 low lbd: 441 lbd cutoff: 2 target computed: 20000 cannot be del : 232 used: 15383 rdb: 913
c o [mem] consolidate  old-sz: 10323K new-sz: 3212K new bits offs: 19 T: 0.00
c o [rdb] cls before: 32005 after: 22530 low lbd: 441 lbd cutoff: 2 target computed: 20000 cannot be del : 249 used: 15262 rdb: 916
c o [rdb] cls before: 33234 after: 24056 low lbd: 441 lbd cutoff: 2 target computed: 20000 cannot be del : 245 used: 17401 rdb: 919
c o [mem] consolidate  old-sz: 10299K new-sz: 3305K new bits offs: 19 T: 0.00
c o [rdb] cls before: 32586 after: 23783 low lbd: 441 lbd cutoff: 2 target computed: 20000 cannot be del : 247 used: 16961 rdb: 922
c o [mem] consolidate  old-sz: 8690K new-sz: 3362K new bits offs: 19 T: 0.00
c o [rdb] cls before: 33643 after: 23490 low lbd: 441 lbd cutoff: 2 target computed: 20000 cannot be del : 227 used: 16920 rdb: 925
c o [mem] consolidate  old-sz: 8508K new-sz: 3270K new bits offs: 19 T: 0.00
c o [rdb] cls before: 32376 after: 23464 low lbd: 441 lbd cutoff: 2 target computed: 20000 cannot be del : 274 used: 16218 rdb: 928
c o [mem] consolidate  old-sz: 8475K new-sz: 3230K new bits offs: 19 T: 0.00
c o [rdb] cls before: 33111 after: 23025 low lbd: 441 lbd cutoff: 2 target computed: 20000 cannot be del : 272 used: 16454 rdb: 931
c o [mem] consolidate  old-sz: 8271K new-sz: 3162K new bits offs: 19 T: 0.00
c o [rdb] cls before: 33050 after: 23147 low lbd: 441 lbd cutoff: 2 target computed: 20000 cannot be del : 248 used: 15330 rdb: 934
c o [mem] consolidate  old-sz: 9714K new-sz: 3088K new bits offs: 19 T: 0.00
c o [rdb] cls before: 32982 after: 22639 low lbd: 441 lbd cutoff: 2 target computed: 20000 cannot be del : 259 used: 15205 rdb: 937
c o [mem] consolidate  old-sz: 8501K new-sz: 3261K new bits offs: 19 T: 0.00
c o [rdb] cls before: 33748 after: 24254 low lbd: 441 lbd cutoff: 2 target computed: 20000 cannot be del : 246 used: 17253 rdb: 940
c o [mem] consolidate  old-sz: 10381K new-sz: 3266K new bits offs: 19 T: 0.00
c o [rdb] cls before: 33359 after: 22406 low lbd: 441 lbd cutoff: 2 target computed: 20000 cannot be del : 258 used: 15177 rdb: 943
c o [mem] consolidate  old-sz: 8261K new-sz: 3111K new bits offs: 19 T: 0.00
c o [rdb] cls before: 33277 after: 23549 low lbd: 442 lbd cutoff: 2 target computed: 20000 cannot be del : 207 used: 15990 rdb: 946
c o [rdb] cls before: 33678 after: 23914 low lbd: 442 lbd cutoff: 2 target computed: 20000 cannot be del : 286 used: 17185 rdb: 949
c o [mem] consolidate  old-sz: 9857K new-sz: 3308K new bits offs: 19 T: 0.00
c o [rdb] cls before: 33222 after: 23665 low lbd: 442 lbd cutoff: 2 target computed: 20000 cannot be del : 242 used: 17112 rdb: 952
c o [mem] consolidate  old-sz: 8668K new-sz: 3334K new bits offs: 19 T: 0.00
c o [rdb] cls before: 33151 after: 22277 low lbd: 442 lbd cutoff: 2 target computed: 20000 cannot be del : 246 used: 13814 rdb: 955
c o [mem] consolidate  old-sz: 8823K new-sz: 3224K new bits offs: 19 T: 0.00
c o [rdb] cls before: 34400 after: 23815 low lbd: 442 lbd cutoff: 2 target computed: 20000 cannot be del : 227 used: 16393 rdb: 958
c o [mem] consolidate  old-sz: 10421K new-sz: 3310K new bits offs: 19 T: 0.00
c o [rdb] cls before: 32458 after: 23433 low lbd: 442 lbd cutoff: 2 target computed: 20000 cannot be del : 266 used: 16218 rdb: 961
c o [mem] consolidate  old-sz: 8749K new-sz: 3325K new bits offs: 19 T: 0.00
c o [rdb] cls before: 33731 after: 23966 low lbd: 442 lbd cutoff: 2 target computed: 20000 cannot be del : 231 used: 16804 rdb: 964
c o [mem] consolidate  old-sz: 10684K new-sz: 3459K new bits offs: 19 T: 0.00
c o [rdb] cls before: 33048 after: 23700 low lbd: 442 lbd cutoff: 2 target computed: 20000 cannot be del : 307 used: 15973 rdb: 967
c o [mem] consolidate  old-sz: 9215K new-sz: 3271K new bits offs: 19 T: 0.00
c o [rdb] cls before: 32652 after: 23498 low lbd: 442 lbd cutoff: 2 target computed: 20000 cannot be del : 267 used: 15521 rdb: 970
c o [rdb] cls before: 33830 after: 23514 low lbd: 442 lbd cutoff: 2 target computed: 20000 cannot be del : 201 used: 16056 rdb: 973
c o [mem] consolidate  old-sz: 10573K new-sz: 3362K new bits offs: 19 T: 0.00
c o [rdb] cls before: 33301 after: 22900 low lbd: 442 lbd cutoff: 2 target computed: 20000 cannot be del : 200 used: 15579 rdb: 976
c o [mem] consolidate  old-sz: 9006K new-sz: 3340K new bits offs: 19 T: 0.00
c o [rdb] cls before: 33319 after: 23601 low lbd: 442 lbd cutoff: 2 target computed: 20000 cannot be del : 268 used: 16021 rdb: 979
c o [mem] consolidate  old-sz: 10616K new-sz: 3326K new bits offs: 19 T: 0.00
c o [rdb] cls before: 33419 after: 23303 low lbd: 442 lbd cutoff: 2 target computed: 20000 cannot be del : 208 used: 14994 rdb: 982
c o [mem] consolidate  old-sz: 10408K new-sz: 3289K new bits offs: 19 T: 0.00
c o [rdb] cls before: 33657 after: 23638 low lbd: 442 lbd cutoff: 2 target computed: 20000 cannot be del : 244 used: 15954 rdb: 985
c o [mem] consolidate  old-sz: 8589K new-sz: 3229K new bits offs: 19 T: 0.00
c o total time so far: 1824.46
c o decisions K                    15552     -- Kdec/s:     9.97     
c o conflicts                      9877911      -- confl/s:    6333.32  
c o rem lits triedK/rem lits remK  9877      269455    
c o shrink tried/useful%/lits rem  9877911   94.6257   278716062 
c o avg clsz/rem lits avg/finalavg 146.4273  68.6346   41.3560  
c o rdbs/low lbd/rem               987   442    9916779
c o looks/look-computes            0/0
c o sat call/sat/unsat/confl/rst  0     0     0     0     0     
c o buddy called /unsat ratio           0     / 0.0000 
c o buddy avg num bin/long cls/vs  0.0000 / 0.0000 / 0.0000
c o buddy max num bin/long cls/vs  0     / 0     / 0    
c o orig cubes/lit-r avg/exten avg 0     / 0.00  / 0.00 
c o cubes orig/symm/final          0     / 0     / 0    
c o cubes resolved/flp-removed     0     / 0    
c o tot restarts                   0    
c o comp sortsK/avg sz             15446 / 1.00689839
c o comps recordK/non-reset ratio  24000 / 0.47
c o vivif: try/cls/clviv/litsravg  326       455715    31571     0.20      
c o toplev subs runs/bins/long-cls 0         0         0         0         0         
c o toplevel probes/fail/bprop     0         0         0         
c o Mem used                       0.00 GB
c o cache pollutions call/removed  22687069/13799774
c o cache entries K                1753
c o MB cache                       274.606
c o cache K (lookup/ stores/ hits/ dels) 24000  15553  8446   0       -- Klookup/s:  15.39    
c o cache miss rate                0.648
c o avg hit/store num vars 4.244 / 211.158
c o 
c o [rdb] cls before: 33536 after: 23221 low lbd: 442 lbd cutoff: 2 target computed: 20000 cannot be del : 229 used: 16283 rdb: 988
c o [rdb] cls before: 33608 after: 23697 low lbd: 442 lbd cutoff: 2 target computed: 20000 cannot be del : 253 used: 15967 rdb: 991
c o [mem] consolidate  old-sz: 9901K new-sz: 3207K new bits offs: 19 T: 0.00
c o [rdb] cls before: 33805 after: 22917 low lbd: 442 lbd cutoff: 2 target computed: 20000 cannot be del : 293 used: 15735 rdb: 994
c o [mem] consolidate  old-sz: 8179K new-sz: 2939K new bits offs: 19 T: 0.00
c o [rdb] cls before: 33276 after: 24566 low lbd: 442 lbd cutoff: 2 target computed: 20000 cannot be del : 254 used: 16863 rdb: 997
c o [mem] consolidate  old-sz: 9523K new-sz: 3266K new bits offs: 19 T: 0.00
c o [rdb] cls before: 33774 after: 23092 low lbd: 442 lbd cutoff: 2 target computed: 20000 cannot be del : 206 used: 13995 rdb: 1000
c o [mem] consolidate  old-sz: 8897K new-sz: 3417K new bits offs: 19 T: 0.00
c o [rdb] cls before: 33540 after: 23457 low lbd: 442 lbd cutoff: 2 target computed: 20000 cannot be del : 136 used: 14443 rdb: 1003
c o [mem] consolidate  old-sz: 10720K new-sz: 3247K new bits offs: 19 T: 0.00
c o [rdb] cls before: 33483 after: 23327 low lbd: 442 lbd cutoff: 2 target computed: 20000 cannot be del : 214 used: 14895 rdb: 1006
c o [mem] consolidate  old-sz: 8460K new-sz: 3259K new bits offs: 19 T: 0.00
c o [rdb] cls before: 33318 after: 23356 low lbd: 442 lbd cutoff: 2 target computed: 20000 cannot be del : 208 used: 15070 rdb: 1009
c o [rdb] cls before: 33585 after: 21763 low lbd: 442 lbd cutoff: 2 target computed: 20000 cannot be del : 211 used: 13764 rdb: 1012
c o [mem] consolidate  old-sz: 10649K new-sz: 3445K new bits offs: 19 T: 0.00
c o [rdb] cls before: 33047 after: 22775 low lbd: 442 lbd cutoff: 2 target computed: 20000 cannot be del : 260 used: 14616 rdb: 1015
c o [mem] consolidate  old-sz: 11577K new-sz: 3567K new bits offs: 19 T: 0.00
c o [rdb] cls before: 32796 after: 23457 low lbd: 442 lbd cutoff: 2 target computed: 20000 cannot be del : 304 used: 15504 rdb: 1018
c o [mem] consolidate  old-sz: 11836K new-sz: 3464K new bits offs: 19 T: 0.00
c o [rdb] cls before: 32443 after: 23193 low lbd: 442 lbd cutoff: 2 target computed: 20000 cannot be del : 289 used: 15139 rdb: 1021
c o [rdb] cls before: 33325 after: 22532 low lbd: 442 lbd cutoff: 2 target computed: 20000 cannot be del : 185 used: 15986 rdb: 1024
c o [mem] consolidate  old-sz: 11222K new-sz: 3365K new bits offs: 19 T: 0.00
c o [rdb] cls before: 33054 after: 22110 low lbd: 442 lbd cutoff: 2 target computed: 20000 cannot be del : 213 used: 15416 rdb: 1027
c o [mem] consolidate  old-sz: 8963K new-sz: 3381K new bits offs: 19 T: 0.00
c o [rdb] cls before: 31791 after: 21464 low lbd: 442 lbd cutoff: 2 target computed: 20000 cannot be del : 193 used: 14041 rdb: 1030
c o [mem] consolidate  old-sz: 8774K new-sz: 3290K new bits offs: 19 T: 0.00
c o [rdb] cls before: 32535 after: 22028 low lbd: 443 lbd cutoff: 2 target computed: 20000 cannot be del : 240 used: 14197 rdb: 1033
c o [mem] consolidate  old-sz: 10780K new-sz: 3329K new bits offs: 19 T: 0.00
c o [rdb] cls before: 33071 after: 21863 low lbd: 443 lbd cutoff: 2 target computed: 20000 cannot be del : 198 used: 14107 rdb: 1036
c o [mem] consolidate  old-sz: 8714K new-sz: 3164K new bits offs: 19 T: 0.00
c o [rdb] cls before: 32741 after: 23500 low lbd: 443 lbd cutoff: 2 target computed: 20000 cannot be del : 254 used: 16066 rdb: 1039
c o [mem] consolidate  old-sz: 10457K new-sz: 3335K new bits offs: 19 T: 0.00
c o [rdb] cls before: 31102 after: 22116 low lbd: 443 lbd cutoff: 2 target computed: 20000 cannot be del : 148 used: 14322 rdb: 1042
c o [rdb] cls before: 31939 after: 22767 low lbd: 443 lbd cutoff: 2 target computed: 20000 cannot be del : 239 used: 14647 rdb: 1045
c o [mem] consolidate  old-sz: 11184K new-sz: 3565K new bits offs: 19 T: 0.00
c o [rdb] cls before: 32907 after: 22433 low lbd: 443 lbd cutoff: 2 target computed: 20000 cannot be del : 240 used: 14156 rdb: 1048
c o [mem] consolidate  old-sz: 10069K new-sz: 3675K new bits offs: 19 T: 0.00
c o [rdb] cls before: 32484 after: 22760 low lbd: 443 lbd cutoff: 2 target computed: 20000 cannot be del : 234 used: 15166 rdb: 1051
c o [mem] consolidate  old-sz: 11979K new-sz: 3549K new bits offs: 19 T: 0.00
c o [rdb] cls before: 32111 after: 21457 low lbd: 443 lbd cutoff: 2 target computed: 20000 cannot be del : 244 used: 14051 rdb: 1054
c o [mem] consolidate  old-sz: 9891K new-sz: 3758K new bits offs: 19 T: 0.00
c o [rdb] cls before: 32784 after: 23098 low lbd: 443 lbd cutoff: 2 target computed: 20000 cannot be del : 286 used: 15732 rdb: 1057
c o [mem] consolidate  old-sz: 11902K new-sz: 3403K new bits offs: 19 T: 0.00
c o [rdb] cls before: 31941 after: 22370 low lbd: 443 lbd cutoff: 2 target computed: 20000 cannot be del : 226 used: 14785 rdb: 1060
c o [rdb] cls before: 32729 after: 23394 low lbd: 443 lbd cutoff: 2 target computed: 20000 cannot be del : 231 used: 15878 rdb: 1063
c o [mem] consolidate  old-sz: 11382K new-sz: 3616K new bits offs: 19 T: 0.00
c o [rdb] cls before: 33531 after: 23174 low lbd: 443 lbd cutoff: 2 target computed: 20000 cannot be del : 196 used: 15487 rdb: 1066
c o [mem] consolidate  old-sz: 9470K new-sz: 3520K new bits offs: 19 T: 0.00
c o [rdb] cls before: 32131 after: 23871 low lbd: 443 lbd cutoff: 2 target computed: 20000 cannot be del : 229 used: 16586 rdb: 1069
c o [mem] consolidate  old-sz: 11192K new-sz: 3416K new bits offs: 19 T: 0.00
c o [rdb] cls before: 32351 after: 22311 low lbd: 443 lbd cutoff: 2 target computed: 20000 cannot be del : 292 used: 14410 rdb: 1072
c o [mem] consolidate  old-sz: 9271K new-sz: 3381K new bits offs: 19 T: 0.00
c o [rdb] cls before: 32713 after: 23556 low lbd: 443 lbd cutoff: 2 target computed: 20000 cannot be del : 174 used: 15755 rdb: 1075
c o [mem] consolidate  old-sz: 11407K new-sz: 3418K new bits offs: 19 T: 0.00
c o [rdb] cls before: 33072 after: 23492 low lbd: 443 lbd cutoff: 2 target computed: 20000 cannot be del : 276 used: 15687 rdb: 1078
c o [rdb] cls before: 33804 after: 22840 low lbd: 443 lbd cutoff: 2 target computed: 20000 cannot be del : 214 used: 15094 rdb: 1081
c o [mem] consolidate  old-sz: 10830K new-sz: 3342K new bits offs: 19 T: 0.00
c o [rdb] cls before: 31697 after: 22492 low lbd: 443 lbd cutoff: 2 target computed: 20000 cannot be del : 228 used: 15067 rdb: 1084
c o [mem] consolidate  old-sz: 8909K new-sz: 3401K new bits offs: 19 T: 0.00
c o [rdb] cls before: 33018 after: 21385 low lbd: 443 lbd cutoff: 2 target computed: 20000 cannot be del : 187 used: 13675 rdb: 1087
c o [mem] consolidate  old-sz: 9276K new-sz: 3386K new bits offs: 19 T: 0.00
c o [rdb] cls before: 31285 after: 22418 low lbd: 443 lbd cutoff: 2 target computed: 20000 cannot be del : 248 used: 15114 rdb: 1090
c o [mem] consolidate  old-sz: 11297K new-sz: 3363K new bits offs: 19 T: 0.00
c o [rdb] cls before: 31411 after: 21953 low lbd: 443 lbd cutoff: 2 target computed: 20000 cannot be del : 250 used: 14395 rdb: 1093
c o [mem] consolidate  old-sz: 9241K new-sz: 3391K new bits offs: 19 T: 0.00
c o [rdb] cls before: 32779 after: 23240 low lbd: 443 lbd cutoff: 2 target computed: 20000 cannot be del : 227 used: 15957 rdb: 1096
c o [mem] consolidate  old-sz: 10944K new-sz: 3382K new bits offs: 19 T: 0.00
c o [rdb] cls before: 33097 after: 22416 low lbd: 443 lbd cutoff: 2 target computed: 20000 cannot be del : 244 used: 14445 rdb: 1099
c o [mem] consolidate  old-sz: 9603K new-sz: 3359K new bits offs: 19 T: 0.00
c o [rdb] cls before: 32928 after: 22953 low lbd: 443 lbd cutoff: 2 target computed: 20000 cannot be del : 227 used: 14926 rdb: 1102
c o [rdb] cls before: 34007 after: 22863 low lbd: 443 lbd cutoff: 2 target computed: 20000 cannot be del : 236 used: 15155 rdb: 1105
c o [mem] consolidate  old-sz: 10973K new-sz: 3441K new bits offs: 19 T: 0.00
c o [rdb] cls before: 31607 after: 21488 low lbd: 443 lbd cutoff: 2 target computed: 20000 cannot be del : 240 used: 13714 rdb: 1108
c o [mem] consolidate  old-sz: 8982K new-sz: 3277K new bits offs: 19 T: 0.00
c o [rdb] cls before: 32842 after: 23777 low lbd: 443 lbd cutoff: 2 target computed: 20000 cannot be del : 201 used: 16303 rdb: 1111
c o [mem] consolidate  old-sz: 10972K new-sz: 3412K new bits offs: 19 T: 0.00
c o [rdb] cls before: 32280 after: 22723 low lbd: 443 lbd cutoff: 2 target computed: 20000 cannot be del : 277 used: 14516 rdb: 1114
c o [mem] consolidate  old-sz: 8938K new-sz: 3463K new bits offs: 19 T: 0.00
c o [rdb] cls before: 32665 after: 23586 low lbd: 443 lbd cutoff: 2 target computed: 20000 cannot be del : 275 used: 16005 rdb: 1117
c o [mem] consolidate  old-sz: 10853K new-sz: 3448K new bits offs: 19 T: 0.00
c o [rdb] cls before: 33789 after: 23072 low lbd: 443 lbd cutoff: 2 target computed: 20000 cannot be del : 215 used: 15321 rdb: 1120
c o [mem] consolidate  old-sz: 8694K new-sz: 3238K new bits offs: 19 T: 0.00
c o [rdb] cls before: 33236 after: 22714 low lbd: 444 lbd cutoff: 2 target computed: 20000 cannot be del : 250 used: 15849 rdb: 1123
c o [mem] consolidate  old-sz: 8666K new-sz: 3368K new bits offs: 19 T: 0.00
c o [rdb] cls before: 33095 after: 23260 low lbd: 444 lbd cutoff: 2 target computed: 20000 cannot be del : 231 used: 15403 rdb: 1126
c o [mem] consolidate  old-sz: 9230K new-sz: 3602K new bits offs: 19 T: 0.00
c o [rdb] cls before: 33012 after: 23149 low lbd: 444 lbd cutoff: 2 target computed: 20000 cannot be del : 201 used: 15182 rdb: 1129
c o [mem] consolidate  old-sz: 9482K new-sz: 3574K new bits offs: 19 T: 0.00
c o [rdb] cls before: 32936 after: 23427 low lbd: 444 lbd cutoff: 2 target computed: 20000 cannot be del : 228 used: 15302 rdb: 1132
c o [mem] consolidate  old-sz: 9184K new-sz: 3278K new bits offs: 19 T: 0.00
c o [rdb] cls before: 32224 after: 23075 low lbd: 444 lbd cutoff: 2 target computed: 20000 cannot be del : 236 used: 14737 rdb: 1135
c o [rdb] cls before: 33843 after: 21775 low lbd: 444 lbd cutoff: 2 target computed: 20000 cannot be del : 260 used: 13748 rdb: 1138
c o [mem] consolidate  old-sz: 10775K new-sz: 3180K new bits offs: 19 T: 0.00
c o [rdb] cls before: 33318 after: 22817 low lbd: 444 lbd cutoff: 2 target computed: 20000 cannot be del : 206 used: 14528 rdb: 1141
c o [mem] consolidate  old-sz: 10422K new-sz: 3184K new bits offs: 19 T: 0.00
c o [rdb] cls before: 32174 after: 22106 low lbd: 444 lbd cutoff: 2 target computed: 20000 cannot be del : 232 used: 13750 rdb: 1144
c o [mem] consolidate  old-sz: 11150K new-sz: 3423K new bits offs: 19 T: 0.00
c o [rdb] cls before: 32381 after: 22989 low lbd: 444 lbd cutoff: 2 target computed: 20000 cannot be del : 283 used: 15016 rdb: 1147
c o [rdb] cls before: 34024 after: 24097 low lbd: 444 lbd cutoff: 2 target computed: 20000 cannot be del : 250 used: 17274 rdb: 1150
c o [mem] consolidate  old-sz: 11528K new-sz: 3663K new bits offs: 19 T: 0.00
c o [rdb] cls before: 33373 after: 22946 low lbd: 444 lbd cutoff: 2 target computed: 20000 cannot be del : 231 used: 15957 rdb: 1153
c o [mem] consolidate  old-sz: 9336K new-sz: 3383K new bits offs: 19 T: 0.00
c o [rdb] cls before: 32747 after: 22428 low lbd: 444 lbd cutoff: 2 target computed: 20000 cannot be del : 195 used: 16000 rdb: 1156
c o [mem] consolidate  old-sz: 9142K new-sz: 3393K new bits offs: 19 T: 0.00
c o [rdb] cls before: 32141 after: 22245 low lbd: 444 lbd cutoff: 2 target computed: 20000 cannot be del : 317 used: 15349 rdb: 1159
c o [mem] consolidate  old-sz: 9516K new-sz: 3563K new bits offs: 19 T: 0.00
c o [rdb] cls before: 31930 after: 23086 low lbd: 444 lbd cutoff: 2 target computed: 20000 cannot be del : 259 used: 15548 rdb: 1162
c o [mem] consolidate  old-sz: 11471K new-sz: 3351K new bits offs: 19 T: 0.00
c o [rdb] cls before: 32762 after: 22710 low lbd: 444 lbd cutoff: 2 target computed: 20000 cannot be del : 301 used: 16129 rdb: 1165
c o [mem] consolidate  old-sz: 9046K new-sz: 3298K new bits offs: 19 T: 0.00
c o [rdb] cls before: 32696 after: 23448 low lbd: 444 lbd cutoff: 2 target computed: 20000 cannot be del : 242 used: 16532 rdb: 1168
c o [mem] consolidate  old-sz: 10757K new-sz: 3218K new bits offs: 19 T: 0.00
c o [rdb] cls before: 32367 after: 22272 low lbd: 444 lbd cutoff: 2 target computed: 20000 cannot be del : 212 used: 14894 rdb: 1171
c o [rdb] cls before: 33125 after: 23633 low lbd: 444 lbd cutoff: 2 target computed: 20000 cannot be del : 186 used: 16269 rdb: 1174
c o [mem] consolidate  old-sz: 10614K new-sz: 3436K new bits offs: 19 T: 0.00
c o [rdb] cls before: 32700 after: 22810 low lbd: 444 lbd cutoff: 2 target computed: 20000 cannot be del : 207 used: 15112 rdb: 1177
c o [mem] consolidate  old-sz: 8911K new-sz: 3350K new bits offs: 19 T: 0.00
c o [rdb] cls before: 33196 after: 23592 low lbd: 444 lbd cutoff: 2 target computed: 20000 cannot be del : 231 used: 16229 rdb: 1180
c o [mem] consolidate  old-sz: 10667K new-sz: 3193K new bits offs: 19 T: 0.00
c o [rdb] cls before: 31932 after: 22608 low lbd: 444 lbd cutoff: 2 target computed: 20000 cannot be del : 244 used: 15409 rdb: 1183
c o [mem] consolidate  old-sz: 8663K new-sz: 3258K new bits offs: 19 T: 0.00
c o [rdb] cls before: 33385 after: 23548 low lbd: 444 lbd cutoff: 2 target computed: 20000 cannot be del : 266 used: 16066 rdb: 1186
c o [mem] consolidate  old-sz: 10161K new-sz: 3313K new bits offs: 19 T: 0.00
c o [rdb] cls before: 34072 after: 23387 low lbd: 444 lbd cutoff: 2 target computed: 20000 cannot be del : 269 used: 16094 rdb: 1189
c o [mem] consolidate  old-sz: 8642K new-sz: 3290K new bits offs: 19 T: 0.00
c o [rdb] cls before: 33121 after: 22919 low lbd: 444 lbd cutoff: 2 target computed: 20000 cannot be del : 242 used: 15376 rdb: 1192
c o [mem] consolidate  old-sz: 8806K new-sz: 3314K new bits offs: 19 T: 0.00
c o [rdb] cls before: 32679 after: 23302 low lbd: 444 lbd cutoff: 2 target computed: 20000 cannot be del : 270 used: 16081 rdb: 1195
c o [rdb] cls before: 33395 after: 23745 low lbd: 444 lbd cutoff: 2 target computed: 20000 cannot be del : 155 used: 17083 rdb: 1198
c o [mem] consolidate  old-sz: 10282K new-sz: 3208K new bits offs: 19 T: 0.00
c o [rdb] cls before: 33314 after: 21864 low lbd: 444 lbd cutoff: 2 target computed: 20000 cannot be del : 236 used: 13335 rdb: 1201
c o [mem] consolidate  old-sz: 8528K new-sz: 3137K new bits offs: 19 T: 0.00
c o [rdb] cls before: 33374 after: 23875 low lbd: 444 lbd cutoff: 2 target computed: 20000 cannot be del : 224 used: 15767 rdb: 1204
c o [mem] consolidate  old-sz: 10607K new-sz: 3442K new bits offs: 19 T: 0.00
c o [rdb] cls before: 33717 after: 22280 low lbd: 444 lbd cutoff: 2 target computed: 20000 cannot be del : 249 used: 13985 rdb: 1207
c o [mem] consolidate  old-sz: 8926K new-sz: 3263K new bits offs: 19 T: 0.00
c o [rdb] cls before: 33409 after: 23561 low lbd: 444 lbd cutoff: 2 target computed: 20000 cannot be del : 260 used: 16162 rdb: 1210
c o [mem] consolidate  old-sz: 8878K new-sz: 3414K new bits offs: 19 T: 0.00
c o [rdb] cls before: 33309 after: 23076 low lbd: 444 lbd cutoff: 2 target computed: 20000 cannot be del : 201 used: 15370 rdb: 1213
c o [mem] consolidate  old-sz: 11515K new-sz: 3640K new bits offs: 19 T: 0.00
c o [rdb] cls before: 32540 after: 23681 low lbd: 444 lbd cutoff: 2 target computed: 20000 cannot be del : 318 used: 15497 rdb: 1216
c o [rdb] cls before: 33685 after: 23686 low lbd: 444 lbd cutoff: 2 target computed: 20000 cannot be del : 286 used: 15980 rdb: 1219
c o [mem] consolidate  old-sz: 12452K new-sz: 3847K new bits offs: 19 T: 0.00
c o [rdb] cls before: 32812 after: 23253 low lbd: 444 lbd cutoff: 2 target computed: 20000 cannot be del : 276 used: 15660 rdb: 1222
c o [mem] consolidate  old-sz: 9989K new-sz: 3578K new bits offs: 19 T: 0.00
c o [rdb] cls before: 32280 after: 22219 low lbd: 444 lbd cutoff: 2 target computed: 20000 cannot be del : 230 used: 14481 rdb: 1225
c o [mem] consolidate  old-sz: 9614K new-sz: 3571K new bits offs: 19 T: 0.00
c o [rdb] cls before: 34361 after: 23266 low lbd: 444 lbd cutoff: 2 target computed: 20000 cannot be del : 302 used: 15381 rdb: 1228
c o [mem] consolidate  old-sz: 11734K new-sz: 3492K new bits offs: 19 T: 0.00
c o [rdb] cls before: 31970 after: 22703 low lbd: 444 lbd cutoff: 2 target computed: 20000 cannot be del : 299 used: 15606 rdb: 1231
c o [mem] consolidate  old-sz: 9497K new-sz: 3541K new bits offs: 19 T: 0.00
c o [rdb] cls before: 33447 after: 23538 low lbd: 444 lbd cutoff: 2 target computed: 20000 cannot be del : 258 used: 16344 rdb: 1234
c o [mem] consolidate  old-sz: 11159K new-sz: 3553K new bits offs: 19 T: 0.00
c o [rdb] cls before: 33927 after: 23939 low lbd: 444 lbd cutoff: 2 target computed: 20000 cannot be del : 241 used: 17376 rdb: 1237
c o [mem] consolidate  old-sz: 9246K new-sz: 3474K new bits offs: 19 T: 0.00
c o [rdb] cls before: 32589 after: 21527 low lbd: 444 lbd cutoff: 2 target computed: 20000 cannot be del : 257 used: 14098 rdb: 1240
c o [mem] consolidate  old-sz: 9461K new-sz: 3378K new bits offs: 19 T: 0.00
c o [rdb] cls before: 32157 after: 23008 low lbd: 444 lbd cutoff: 2 target computed: 20000 cannot be del : 179 used: 16038 rdb: 1243
c o [rdb] cls before: 33098 after: 21851 low lbd: 444 lbd cutoff: 2 target computed: 20000 cannot be del : 286 used: 14740 rdb: 1246
c o [mem] consolidate  old-sz: 10900K new-sz: 3249K new bits offs: 19 T: 0.00
c o [rdb] cls before: 32234 after: 21346 low lbd: 444 lbd cutoff: 2 target computed: 20000 cannot be del : 262 used: 13905 rdb: 1249
c o [mem] consolidate  old-sz: 8825K new-sz: 3259K new bits offs: 19 T: 0.00
c o [rdb] cls before: 32855 after: 23167 low lbd: 444 lbd cutoff: 2 target computed: 20000 cannot be del : 234 used: 15700 rdb: 1252
c o [mem] consolidate  old-sz: 10929K new-sz: 3454K new bits offs: 19 T: 0.00
c o [rdb] cls before: 32917 after: 22614 low lbd: 444 lbd cutoff: 2 target computed: 20000 cannot be del : 277 used: 15250 rdb: 1255
c o [mem] consolidate  old-sz: 9031K new-sz: 3386K new bits offs: 19 T: 0.00
c o [rdb] cls before: 33204 after: 23376 low lbd: 444 lbd cutoff: 2 target computed: 20000 cannot be del : 223 used: 15769 rdb: 1258
c o [mem] consolidate  old-sz: 11216K new-sz: 3492K new bits offs: 19 T: 0.00
c o [rdb] cls before: 32780 after: 23617 low lbd: 444 lbd cutoff: 2 target computed: 20000 cannot be del : 202 used: 16141 rdb: 1261
c o [mem] consolidate  old-sz: 9393K new-sz: 3351K new bits offs: 19 T: 0.00
c o [rdb] cls before: 32659 after: 23983 low lbd: 444 lbd cutoff: 2 target computed: 20000 cannot be del : 324 used: 16405 rdb: 1264
c o [mem] consolidate  old-sz: 8894K new-sz: 3353K new bits offs: 19 T: 0.00
c o [rdb] cls before: 32199 after: 23299 low lbd: 444 lbd cutoff: 2 target computed: 20000 cannot be del : 273 used: 15330 rdb: 1267
c o [rdb] cls before: 32803 after: 23458 low lbd: 444 lbd cutoff: 2 target computed: 20000 cannot be del : 252 used: 16320 rdb: 1270
c o [mem] consolidate  old-sz: 11146K new-sz: 3629K new bits offs: 19 T: 0.00
c o [rdb] cls before: 33287 after: 22918 low lbd: 444 lbd cutoff: 2 target computed: 20000 cannot be del : 184 used: 14922 rdb: 1273
c o [mem] consolidate  old-sz: 9291K new-sz: 3352K new bits offs: 19 T: 0.00
c o [rdb] cls before: 32031 after: 22638 low lbd: 444 lbd cutoff: 2 target computed: 20000 cannot be del : 243 used: 14942 rdb: 1276
c o [mem] consolidate  old-sz: 8858K new-sz: 3349K new bits offs: 19 T: 0.00
c o [rdb] cls before: 33978 after: 22865 low lbd: 444 lbd cutoff: 2 target computed: 20000 cannot be del : 212 used: 14977 rdb: 1279
c o [mem] consolidate  old-sz: 10801K new-sz: 3481K new bits offs: 19 T: 0.00
c o [rdb] cls before: 33637 after: 22843 low lbd: 444 lbd cutoff: 2 target computed: 20000 cannot be del : 271 used: 15070 rdb: 1282
c o [mem] consolidate  old-sz: 9441K new-sz: 3607K new bits offs: 19 T: 0.00
c o [rdb] cls before: 33166 after: 23611 low lbd: 444 lbd cutoff: 2 target computed: 20000 cannot be del : 219 used: 15882 rdb: 1285
c o [mem] consolidate  old-sz: 11042K new-sz: 3391K new bits offs: 19 T: 0.00
c o [rdb] cls before: 34202 after: 22274 low lbd: 444 lbd cutoff: 2 target computed: 20000 cannot be del : 278 used: 14236 rdb: 1288
c o [mem] consolidate  old-sz: 8961K new-sz: 3265K new bits offs: 19 T: 0.00
c o [rdb] cls before: 32514 after: 22734 low lbd: 444 lbd cutoff: 2 target computed: 20000 cannot be del : 287 used: 14744 rdb: 1291
c o [rdb] cls before: 33967 after: 23571 low lbd: 444 lbd cutoff: 2 target computed: 20000 cannot be del : 275 used: 15696 rdb: 1294
c o [mem] consolidate  old-sz: 10993K new-sz: 3481K new bits offs: 19 T: 0.00
c o [rdb] cls before: 34027 after: 23629 low lbd: 444 lbd cutoff: 2 target computed: 20000 cannot be del : 303 used: 16216 rdb: 1297
c o [mem] consolidate  old-sz: 10670K new-sz: 3283K new bits offs: 19 T: 0.00
c o [rdb] cls before: 33353 after: 21513 low lbd: 444 lbd cutoff: 2 target computed: 20000 cannot be del : 198 used: 13965 rdb: 1300
c o [mem] consolidate  old-sz: 8956K new-sz: 3410K new bits offs: 19 T: 0.00
c o [rdb] cls before: 33646 after: 23862 low lbd: 444 lbd cutoff: 2 target computed: 20000 cannot be del : 194 used: 16507 rdb: 1303
c o [mem] consolidate  old-sz: 8789K new-sz: 3270K new bits offs: 19 T: 0.00
c o [rdb] cls before: 33212 after: 22238 low lbd: 444 lbd cutoff: 2 target computed: 20000 cannot be del : 262 used: 15167 rdb: 1306
c o [mem] consolidate  old-sz: 10833K new-sz: 3258K new bits offs: 19 T: 0.00
c o [rdb] cls before: 33094 after: 24884 low lbd: 444 lbd cutoff: 2 target computed: 20000 cannot be del : 256 used: 18243 rdb: 1309
c o [rdb] cls before: 33272 after: 23674 low lbd: 444 lbd cutoff: 2 target computed: 20000 cannot be del : 267 used: 16644 rdb: 1312
c o [mem] consolidate  old-sz: 10418K new-sz: 3385K new bits offs: 19 T: 0.00
c o [rdb] cls before: 32871 after: 23120 low lbd: 444 lbd cutoff: 2 target computed: 20000 cannot be del : 181 used: 15373 rdb: 1315
c o [mem] consolidate  old-sz: 9593K new-sz: 3561K new bits offs: 19 T: 0.00
c o [rdb] cls before: 33352 after: 23435 low lbd: 444 lbd cutoff: 2 target computed: 20000 cannot be del : 262 used: 15632 rdb: 1318
c o [mem] consolidate  old-sz: 11047K new-sz: 3427K new bits offs: 19 T: 0.00
c o [rdb] cls before: 32569 after: 23480 low lbd: 444 lbd cutoff: 2 target computed: 20000 cannot be del : 229 used: 15492 rdb: 1321
c o [mem] consolidate  old-sz: 9140K new-sz: 3501K new bits offs: 19 T: 0.00
c o [rdb] cls before: 33200 after: 24225 low lbd: 444 lbd cutoff: 2 target computed: 20000 cannot be del : 153 used: 16920 rdb: 1324
c o [mem] consolidate  old-sz: 9137K new-sz: 3342K new bits offs: 19 T: 0.00
c o [rdb] cls before: 33742 after: 23811 low lbd: 444 lbd cutoff: 2 target computed: 20000 cannot be del : 237 used: 15851 rdb: 1327
c o [mem] consolidate  old-sz: 10685K new-sz: 3348K new bits offs: 19 T: 0.00
c o [rdb] cls before: 32921 after: 23782 low lbd: 444 lbd cutoff: 2 target computed: 20000 cannot be del : 292 used: 15861 rdb: 1330
c o [rdb] cls before: 33274 after: 24060 low lbd: 444 lbd cutoff: 2 target computed: 20000 cannot be del : 284 used: 16680 rdb: 1333
c o [mem] consolidate  old-sz: 10772K new-sz: 3397K new bits offs: 19 T: 0.00
c o [rdb] cls before: 32306 after: 21879 low lbd: 444 lbd cutoff: 2 target computed: 20000 cannot be del : 230 used: 14335 rdb: 1336
c o [mem] consolidate  old-sz: 8906K new-sz: 3362K new bits offs: 19 T: 0.00
c o [rdb] cls before: 32886 after: 22786 low lbd: 445 lbd cutoff: 2 target computed: 20000 cannot be del : 231 used: 15225 rdb: 1339
c o [mem] consolidate  old-sz: 11028K new-sz: 3320K new bits offs: 19 T: 0.00
c o [rdb] cls before: 33307 after: 23344 low lbd: 445 lbd cutoff: 2 target computed: 20000 cannot be del : 237 used: 15415 rdb: 1342
c o [mem] consolidate  old-sz: 10825K new-sz: 3419K new bits offs: 19 T: 0.00
c o [rdb] cls before: 31898 after: 22763 low lbd: 445 lbd cutoff: 2 target computed: 20000 cannot be del : 270 used: 15153 rdb: 1345
c o [rdb] cls before: 32962 after: 23600 low lbd: 445 lbd cutoff: 2 target computed: 20000 cannot be del : 214 used: 16032 rdb: 1348
c o [mem] consolidate  old-sz: 11725K new-sz: 3526K new bits offs: 19 T: 0.00
c o [rdb] cls before: 33460 after: 23432 low lbd: 445 lbd cutoff: 2 target computed: 20000 cannot be del : 233 used: 15155 rdb: 1351
c o [mem] consolidate  old-sz: 9454K new-sz: 3500K new bits offs: 19 T: 0.00
c o [rdb] cls before: 32837 after: 23845 low lbd: 445 lbd cutoff: 2 target computed: 20000 cannot be del : 243 used: 16043 rdb: 1354
c o [mem] consolidate  old-sz: 11312K new-sz: 3418K new bits offs: 19 T: 0.00
c o [rdb] cls before: 32045 after: 22634 low lbd: 445 lbd cutoff: 2 target computed: 20000 cannot be del : 212 used: 15655 rdb: 1357
c o [mem] consolidate  old-sz: 9736K new-sz: 3823K new bits offs: 19 T: 0.00
c o [rdb] cls before: 33407 after: 23401 low lbd: 445 lbd cutoff: 2 target computed: 20000 cannot be del : 238 used: 16381 rdb: 1360
c o [mem] consolidate  old-sz: 11583K new-sz: 3367K new bits offs: 19 T: 0.00
c o [rdb] cls before: 32785 after: 22552 low lbd: 445 lbd cutoff: 2 target computed: 20000 cannot be del : 207 used: 15384 rdb: 1363
c o [rdb] cls before: 33649 after: 23551 low lbd: 445 lbd cutoff: 2 target computed: 20000 cannot be del : 258 used: 15830 rdb: 1366
c o [mem] consolidate  old-sz: 11069K new-sz: 3376K new bits offs: 19 T: 0.00
c o [rdb] cls before: 33211 after: 22615 low lbd: 445 lbd cutoff: 2 target computed: 20000 cannot be del : 222 used: 14601 rdb: 1369
c o [mem] consolidate  old-sz: 9426K new-sz: 3531K new bits offs: 19 T: 0.00
c o [rdb] cls before: 33848 after: 23531 low lbd: 445 lbd cutoff: 2 target computed: 20000 cannot be del : 217 used: 16310 rdb: 1372
c o [mem] consolidate  old-sz: 11592K new-sz: 3553K new bits offs: 19 T: 0.00
c o [rdb] cls before: 33229 after: 21856 low lbd: 445 lbd cutoff: 2 target computed: 20000 cannot be del : 314 used: 14394 rdb: 1375
c o [mem] consolidate  old-sz: 9500K new-sz: 3560K new bits offs: 19 T: 0.00
c o [rdb] cls before: 33735 after: 23701 low lbd: 445 lbd cutoff: 2 target computed: 20000 cannot be del : 280 used: 16511 rdb: 1378
c o [mem] consolidate  old-sz: 9289K new-sz: 3382K new bits offs: 19 T: 0.00
c o [rdb] cls before: 31314 after: 22735 low lbd: 445 lbd cutoff: 2 target computed: 20000 cannot be del : 205 used: 15342 rdb: 1381
c o [mem] consolidate  old-sz: 11072K new-sz: 3354K new bits offs: 19 T: 0.00
c o [rdb] cls before: 32363 after: 21201 low lbd: 445 lbd cutoff: 2 target computed: 20000 cannot be del : 264 used: 14695 rdb: 1384
c o [rdb] cls before: 33018 after: 22370 low lbd: 445 lbd cutoff: 2 target computed: 20000 cannot be del : 232 used: 16021 rdb: 1387
c o [mem] consolidate  old-sz: 11207K new-sz: 3415K new bits offs: 19 T: 0.00
c o [rdb] cls before: 32849 after: 22955 low lbd: 445 lbd cutoff: 2 target computed: 20000 cannot be del : 216 used: 16838 rdb: 1390
c o [mem] consolidate  old-sz: 11093K new-sz: 3449K new bits offs: 19 T: 0.00
c o [rdb] cls before: 32125 after: 22583 low lbd: 445 lbd cutoff: 2 target computed: 20000 cannot be del : 237 used: 16024 rdb: 1393
c o [mem] consolidate  old-sz: 11072K new-sz: 3503K new bits offs: 19 T: 0.00
c o [rdb] cls before: 33318 after: 22759 low lbd: 445 lbd cutoff: 2 target computed: 20000 cannot be del : 213 used: 16432 rdb: 1396
c o [mem] consolidate  old-sz: 9412K new-sz: 3404K new bits offs: 19 T: 0.00
c o [rdb] cls before: 32033 after: 22444 low lbd: 445 lbd cutoff: 2 target computed: 20000 cannot be del : 184 used: 15159 rdb: 1399
c o [mem] consolidate  old-sz: 9241K new-sz: 3464K new bits offs: 19 T: 0.00
c o [rdb] cls before: 31918 after: 22928 low lbd: 445 lbd cutoff: 2 target computed: 20000 cannot be del : 237 used: 15847 rdb: 1402
c o [rdb] cls before: 32561 after: 22588 low lbd: 445 lbd cutoff: 2 target computed: 20000 cannot be del : 211 used: 15708 rdb: 1405
c o [mem] consolidate  old-sz: 11155K new-sz: 3352K new bits offs: 19 T: 0.00
c o [rdb] cls before: 32239 after: 22396 low lbd: 445 lbd cutoff: 2 target computed: 20000 cannot be del : 266 used: 14960 rdb: 1408
c o [mem] consolidate  old-sz: 8824K new-sz: 3275K new bits offs: 19 T: 0.00
c o [rdb] cls before: 32884 after: 22769 low lbd: 445 lbd cutoff: 2 target computed: 20000 cannot be del : 215 used: 16153 rdb: 1411
c o [mem] consolidate  old-sz: 10683K new-sz: 3336K new bits offs: 19 T: 0.00
c o [rdb] cls before: 32639 after: 23204 low lbd: 446 lbd cutoff: 2 target computed: 20000 cannot be del : 268 used: 16049 rdb: 1414
c o [mem] consolidate  old-sz: 8887K new-sz: 3193K new bits offs: 19 T: 0.00
c o [rdb] cls before: 32535 after: 22584 low lbd: 446 lbd cutoff: 2 target computed: 20000 cannot be del : 214 used: 15062 rdb: 1417
c o [mem] consolidate  old-sz: 10725K new-sz: 3469K new bits offs: 19 T: 0.00
c o [rdb] cls before: 33711 after: 24007 low lbd: 446 lbd cutoff: 2 target computed: 20000 cannot be del : 334 used: 16997 rdb: 1420
c o [mem] consolidate  old-sz: 9279K new-sz: 3425K new bits offs: 19 T: 0.00
c o [rdb] cls before: 32702 after: 23547 low lbd: 446 lbd cutoff: 2 target computed: 20000 cannot be del : 221 used: 16320 rdb: 1423
c o [rdb] cls before: 32730 after: 23423 low lbd: 446 lbd cutoff: 2 target computed: 20000 cannot be del : 285 used: 15846 rdb: 1426
c o [mem] consolidate  old-sz: 11820K new-sz: 3760K new bits offs: 19 T: 0.00
c o [rdb] cls before: 33826 after: 23464 low lbd: 446 lbd cutoff: 2 target computed: 20000 cannot be del : 226 used: 16007 rdb: 1429
c o [mem] consolidate  old-sz: 11995K new-sz: 3577K new bits offs: 19 T: 0.00
c o [rdb] cls before: 33089 after: 23758 low lbd: 446 lbd cutoff: 2 target computed: 20000 cannot be del : 234 used: 15960 rdb: 1432
c o [mem] consolidate  old-sz: 9780K new-sz: 3445K new bits offs: 19 T: 0.00
c o [rdb] cls before: 33748 after: 23579 low lbd: 446 lbd cutoff: 2 target computed: 20000 cannot be del : 216 used: 15769 rdb: 1435
c o [mem] consolidate  old-sz: 11621K new-sz: 3625K new bits offs: 19 T: 0.00
c o [rdb] cls before: 33705 after: 23057 low lbd: 446 lbd cutoff: 2 target computed: 20000 cannot be del : 283 used: 15784 rdb: 1438
c o [mem] consolidate  old-sz: 9467K new-sz: 3487K new bits offs: 19 T: 0.00
c o [rdb] cls before: 33508 after: 23480 low lbd: 446 lbd cutoff: 2 target computed: 20000 cannot be del : 270 used: 16050 rdb: 1441
c o [mem] consolidate  old-sz: 9432K new-sz: 3626K new bits offs: 19 T: 0.00
c o [rdb] cls before: 33243 after: 24062 low lbd: 446 lbd cutoff: 2 target computed: 20000 cannot be del : 262 used: 16592 rdb: 1444
c o [mem] consolidate  old-sz: 9124K new-sz: 3314K new bits offs: 19 T: 0.00
c o [rdb] cls before: 32790 after: 22703 low lbd: 446 lbd cutoff: 2 target computed: 20000 cannot be del : 225 used: 15208 rdb: 1447
c o [mem] consolidate  old-sz: 9272K new-sz: 3380K new bits offs: 19 T: 0.00
c o [rdb] cls before: 32330 after: 23543 low lbd: 446 lbd cutoff: 2 target computed: 20000 cannot be del : 263 used: 15963 rdb: 1450
c o [rdb] cls before: 34201 after: 23219 low lbd: 446 lbd cutoff: 2 target computed: 20000 cannot be del : 225 used: 16474 rdb: 1453
c o [mem] consolidate  old-sz: 10934K new-sz: 3362K new bits offs: 19 T: 0.00
c o [rdb] cls before: 33091 after: 23460 low lbd: 446 lbd cutoff: 2 target computed: 20000 cannot be del : 267 used: 15891 rdb: 1456
c o [mem] consolidate  old-sz: 11355K new-sz: 3441K new bits offs: 19 T: 0.00
c o [rdb] cls before: 33031 after: 23417 low lbd: 446 lbd cutoff: 2 target computed: 20000 cannot be del : 270 used: 16094 rdb: 1459
c o [mem] consolidate  old-sz: 11557K new-sz: 3584K new bits offs: 19 T: 0.00
c o [rdb] cls before: 33978 after: 23319 low lbd: 446 lbd cutoff: 2 target computed: 20000 cannot be del : 298 used: 15559 rdb: 1462
c o [mem] consolidate  old-sz: 9359K new-sz: 3393K new bits offs: 19 T: 0.00
c o [rdb] cls before: 33265 after: 23641 low lbd: 446 lbd cutoff: 2 target computed: 20000 cannot be del : 262 used: 16323 rdb: 1465
c o [rdb] cls before: 33515 after: 23831 low lbd: 446 lbd cutoff: 2 target computed: 20000 cannot be del : 164 used: 16576 rdb: 1468
c o [mem] consolidate  old-sz: 11223K new-sz: 3544K new bits offs: 19 T: 0.00
c o [rdb] cls before: 32345 after: 23638 low lbd: 446 lbd cutoff: 2 target computed: 20000 cannot be del : 296 used: 16264 rdb: 1471
c o [mem] consolidate  old-sz: 9048K new-sz: 3422K new bits offs: 19 T: 0.00
c o [rdb] cls before: 33820 after: 23731 low lbd: 446 lbd cutoff: 2 target computed: 20000 cannot be del : 249 used: 16174 rdb: 1474
c o [mem] consolidate  old-sz: 11300K new-sz: 3408K new bits offs: 19 T: 0.00
c o [rdb] cls before: 33338 after: 23125 low lbd: 446 lbd cutoff: 2 target computed: 20000 cannot be del : 245 used: 15215 rdb: 1477
c o [mem] consolidate  old-sz: 11207K new-sz: 3483K new bits offs: 19 T: 0.00
c o [rdb] cls before: 34178 after: 22610 low lbd: 446 lbd cutoff: 2 target computed: 20000 cannot be del : 209 used: 15653 rdb: 1480
c o [mem] consolidate  old-sz: 9059K new-sz: 3423K new bits offs: 19 T: 0.00
c o [rdb] cls before: 32978 after: 23019 low lbd: 446 lbd cutoff: 2 target computed: 20000 cannot be del : 172 used: 16000 rdb: 1483
c o [mem] consolidate  old-sz: 9281K new-sz: 3546K new bits offs: 19 T: 0.00
c o [rdb] cls before: 32934 after: 22845 low lbd: 446 lbd cutoff: 2 target computed: 20000 cannot be del : 220 used: 15048 rdb: 1486
c o [mem] consolidate  old-sz: 9312K new-sz: 3438K new bits offs: 19 T: 0.00
c o [rdb] cls before: 32808 after: 23432 low lbd: 446 lbd cutoff: 2 target computed: 20000 cannot be del : 163 used: 16826 rdb: 1489
c o [rdb] cls before: 33137 after: 23620 low lbd: 446 lbd cutoff: 2 target computed: 20000 cannot be del : 282 used: 16622 rdb: 1492
c o [mem] consolidate  old-sz: 11195K new-sz: 3505K new bits offs: 19 T: 0.00
c o [rdb] cls before: 33457 after: 21195 low lbd: 446 lbd cutoff: 2 target computed: 20000 cannot be del : 242 used: 14176 rdb: 1495
c o [mem] consolidate  old-sz: 9090K new-sz: 3031K new bits offs: 19 T: 0.00
c o [rdb] cls before: 31879 after: 22892 low lbd: 446 lbd cutoff: 2 target computed: 20000 cannot be del : 287 used: 15790 rdb: 1498
c o [mem] consolidate  old-sz: 10119K new-sz: 3202K new bits offs: 19 T: 0.00
c o [rdb] cls before: 33808 after: 21796 low lbd: 446 lbd cutoff: 2 target computed: 20000 cannot be del : 244 used: 14312 rdb: 1501
c o [mem] consolidate  old-sz: 10621K new-sz: 3087K new bits offs: 19 T: 0.00
c o [rdb] cls before: 31955 after: 23539 low lbd: 446 lbd cutoff: 2 target computed: 20000 cannot be del : 245 used: 16451 rdb: 1504
c o [rdb] cls before: 32458 after: 22530 low lbd: 446 lbd cutoff: 2 target computed: 20000 cannot be del : 305 used: 14996 rdb: 1507
c o [mem] consolidate  old-sz: 10387K new-sz: 3243K new bits offs: 19 T: 0.00
c o [rdb] cls before: 33814 after: 23718 low lbd: 446 lbd cutoff: 2 target computed: 20000 cannot be del : 233 used: 16134 rdb: 1510
c o [mem] consolidate  old-sz: 10620K new-sz: 3267K new bits offs: 19 T: 0.00
c o [rdb] cls before: 33467 after: 24130 low lbd: 446 lbd cutoff: 2 target computed: 20000 cannot be del : 263 used: 16700 rdb: 1513
c o [mem] consolidate  old-sz: 10438K new-sz: 3332K new bits offs: 19 T: 0.00
c o [rdb] cls before: 33208 after: 22979 low lbd: 446 lbd cutoff: 2 target computed: 20000 cannot be del : 239 used: 15304 rdb: 1516
c o [mem] consolidate  old-sz: 8417K new-sz: 3101K new bits offs: 19 T: 0.00
c o [rdb] cls before: 32665 after: 23324 low lbd: 446 lbd cutoff: 2 target computed: 20000 cannot be del : 331 used: 16550 rdb: 1519
c o [rdb] cls before: 32925 after: 22456 low lbd: 446 lbd cutoff: 2 target computed: 20000 cannot be del : 266 used: 14913 rdb: 1522
c o [mem] consolidate  old-sz: 10297K new-sz: 3202K new bits offs: 19 T: 0.00
c o [rdb] cls before: 32988 after: 23540 low lbd: 446 lbd cutoff: 2 target computed: 20000 cannot be del : 242 used: 16195 rdb: 1525
c o [mem] consolidate  old-sz: 10496K new-sz: 3272K new bits offs: 19 T: 0.00
c o [rdb] cls before: 32997 after: 22628 low lbd: 446 lbd cutoff: 2 target computed: 20000 cannot be del : 218 used: 15689 rdb: 1528
c o [mem] consolidate  old-sz: 8743K new-sz: 3299K new bits offs: 19 T: 0.00
c o [rdb] cls before: 32606 after: 22989 low lbd: 446 lbd cutoff: 2 target computed: 20000 cannot be del : 161 used: 15396 rdb: 1531
c o [mem] consolidate  old-sz: 10613K new-sz: 3317K new bits offs: 19 T: 0.00
c o [rdb] cls before: 33013 after: 23867 low lbd: 446 lbd cutoff: 2 target computed: 20000 cannot be del : 223 used: 16278 rdb: 1534
c o [mem] consolidate  old-sz: 8648K new-sz: 3224K new bits offs: 19 T: 0.00
c o [rdb] cls before: 32878 after: 23371 low lbd: 446 lbd cutoff: 2 target computed: 20000 cannot be del : 227 used: 16050 rdb: 1537
c o [rdb] cls before: 33674 after: 24023 low lbd: 446 lbd cutoff: 2 target computed: 20000 cannot be del : 244 used: 16175 rdb: 1540
c o [mem] consolidate  old-sz: 10359K new-sz: 3453K new bits offs: 19 T: 0.00
c o [rdb] cls before: 32784 after: 23092 low lbd: 446 lbd cutoff: 2 target computed: 20000 cannot be del : 187 used: 14948 rdb: 1543
c o [mem] consolidate  old-sz: 8640K new-sz: 3246K new bits offs: 19 T: 0.00
c o [rdb] cls before: 33017 after: 22834 low lbd: 446 lbd cutoff: 2 target computed: 20000 cannot be del : 263 used: 14853 rdb: 1546
c o [mem] consolidate  old-sz: 8341K new-sz: 3162K new bits offs: 19 T: 0.00
c o [rdb] cls before: 34111 after: 24273 low lbd: 446 lbd cutoff: 2 target computed: 20000 cannot be del : 200 used: 16846 rdb: 1549
c o [mem] consolidate  old-sz: 10025K new-sz: 3228K new bits offs: 19 T: 0.00
c o [rdb] cls before: 34154 after: 23654 low lbd: 446 lbd cutoff: 2 target computed: 20000 cannot be del : 314 used: 16075 rdb: 1552
c o [mem] consolidate  old-sz: 8271K new-sz: 3162K new bits offs: 19 T: 0.00
c o [rdb] cls before: 34297 after: 23046 low lbd: 446 lbd cutoff: 2 target computed: 20000 cannot be del : 272 used: 14949 rdb: 1555
c o [mem] consolidate  old-sz: 10260K new-sz: 3396K new bits offs: 19 T: 0.00
c o [rdb] cls before: 34283 after: 23650 low lbd: 446 lbd cutoff: 2 target computed: 20000 cannot be del : 271 used: 15995 rdb: 1558
c o [mem] consolidate  old-sz: 8691K new-sz: 3278K new bits offs: 19 T: 0.00
c o [rdb] cls before: 34226 after: 23258 low lbd: 446 lbd cutoff: 2 target computed: 20000 cannot be del : 258 used: 14828 rdb: 1561
c o [mem] consolidate  old-sz: 8679K new-sz: 3262K new bits offs: 19 T: 0.00
c o [rdb] cls before: 33428 after: 23931 low lbd: 446 lbd cutoff: 2 target computed: 20000 cannot be del : 226 used: 15899 rdb: 1564
c o [mem] consolidate  old-sz: 8609K new-sz: 3383K new bits offs: 19 T: 0.00
c o [rdb] cls before: 33381 after: 23664 low lbd: 446 lbd cutoff: 2 target computed: 20000 cannot be del : 209 used: 15890 rdb: 1567
c o [mem] consolidate  old-sz: 8614K new-sz: 3131K new bits offs: 19 T: 0.00
c o [rdb] cls before: 32704 after: 22283 low lbd: 446 lbd cutoff: 2 target computed: 20000 cannot be del : 247 used: 13811 rdb: 1570
c o [rdb] cls before: 32710 after: 19727 low lbd: 446 lbd cutoff: 2 target computed: 15000 cannot be del : 355 used: 16265 rdb: 1573
c o [mem] consolidate  old-sz: 10391K new-sz: 3061K new bits offs: 19 T: 0.00
c o [rdb] cls before: 30441 after: 18903 low lbd: 446 lbd cutoff: 2 target computed: 20000 cannot be del : 269 used: 14704 rdb: 1576
c o [mem] consolidate  old-sz: 8224K new-sz: 2926K new bits offs: 19 T: 0.00
c o [rdb] cls before: 30043 after: 19950 low lbd: 446 lbd cutoff: 2 target computed: 20000 cannot be del : 268 used: 15331 rdb: 1579
c o [mem] consolidate  old-sz: 10262K new-sz: 3180K new bits offs: 19 T: 0.00
c o [rdb] cls before: 29865 after: 20175 low lbd: 446 lbd cutoff: 2 target computed: 20000 cannot be del : 253 used: 15179 rdb: 1582
c o [mem] consolidate  old-sz: 9861K new-sz: 2925K new bits offs: 19 T: 0.00
c o [rdb] cls before: 30244 after: 19621 low lbd: 446 lbd cutoff: 2 target computed: 20000 cannot be del : 241 used: 14890 rdb: 1585
c o [mem] consolidate  old-sz: 8167K new-sz: 2967K new bits offs: 19 T: 0.00
c o [rdb] cls before: 29239 after: 19535 low lbd: 446 lbd cutoff: 2 target computed: 20000 cannot be del : 219 used: 14713 rdb: 1588
c o [rdb] cls before: 30695 after: 20932 low lbd: 446 lbd cutoff: 2 target computed: 20000 cannot be del : 292 used: 15415 rdb: 1591
c o [mem] consolidate  old-sz: 10359K new-sz: 3185K new bits offs: 19 T: 0.00
c o [rdb] cls before: 30721 after: 20991 low lbd: 446 lbd cutoff: 2 target computed: 20000 cannot be del : 232 used: 15841 rdb: 1594
c o [mem] consolidate  old-sz: 10247K new-sz: 3090K new bits offs: 19 T: 0.00
c o [rdb] cls before: 31436 after: 20557 low lbd: 446 lbd cutoff: 2 target computed: 20000 cannot be del : 253 used: 15206 rdb: 1597
c o [mem] consolidate  old-sz: 8215K new-sz: 3005K new bits offs: 19 T: 0.00
c o [rdb] cls before: 31061 after: 20525 low lbd: 446 lbd cutoff: 2 target computed: 20000 cannot be del : 205 used: 14761 rdb: 1600
c o [mem] consolidate  old-sz: 10111K new-sz: 3208K new bits offs: 19 T: 0.00
c o [rdb] cls before: 31610 after: 22708 low lbd: 446 lbd cutoff: 2 target computed: 20000 cannot be del : 192 used: 17049 rdb: 1603
c o [rdb] cls before: 32483 after: 23099 low lbd: 446 lbd cutoff: 2 target computed: 20000 cannot be del : 251 used: 17819 rdb: 1606
c o [mem] consolidate  old-sz: 10152K new-sz: 3243K new bits offs: 19 T: 0.00
c o [rdb] cls before: 30533 after: 21378 low lbd: 446 lbd cutoff: 2 target computed: 20000 cannot be del : 252 used: 15045 rdb: 1609
c o [mem] consolidate  old-sz: 8334K new-sz: 3137K new bits offs: 19 T: 0.00
c o [rdb] cls before: 30758 after: 21809 low lbd: 446 lbd cutoff: 2 target computed: 20000 cannot be del : 199 used: 16069 rdb: 1612
c o [mem] consolidate  old-sz: 9719K new-sz: 3136K new bits offs: 19 T: 0.00
c o [rdb] cls before: 31598 after: 21450 low lbd: 446 lbd cutoff: 2 target computed: 20000 cannot be del : 225 used: 15296 rdb: 1615
c o [mem] consolidate  old-sz: 9860K new-sz: 3089K new bits offs: 19 T: 0.00
c o [rdb] cls before: 32076 after: 22243 low lbd: 446 lbd cutoff: 2 target computed: 20000 cannot be del : 237 used: 15988 rdb: 1618
c o [mem] consolidate  old-sz: 7941K new-sz: 2974K new bits offs: 19 T: 0.00
c o [rdb] cls before: 31914 after: 22385 low lbd: 446 lbd cutoff: 2 target computed: 20000 cannot be del : 216 used: 16146 rdb: 1621
c o [mem] consolidate  old-sz: 8193K new-sz: 3220K new bits offs: 19 T: 0.00
c o [rdb] cls before: 31059 after: 21568 low lbd: 446 lbd cutoff: 2 target computed: 20000 cannot be del : 212 used: 14714 rdb: 1624
c o [rdb] cls before: 32514 after: 22492 low lbd: 446 lbd cutoff: 2 target computed: 20000 cannot be del : 251 used: 15536 rdb: 1627
c o [mem] consolidate  old-sz: 10569K new-sz: 3229K new bits offs: 19 T: 0.00
c o [rdb] cls before: 31506 after: 22084 low lbd: 446 lbd cutoff: 2 target computed: 20000 cannot be del : 251 used: 14353 rdb: 1630
c o [mem] consolidate  old-sz: 8855K new-sz: 3325K new bits offs: 19 T: 0.00
c o [rdb] cls before: 32995 after: 22582 low lbd: 446 lbd cutoff: 2 target computed: 20000 cannot be del : 204 used: 14999 rdb: 1633
c o [mem] consolidate  old-sz: 10812K new-sz: 3467K new bits offs: 19 T: 0.00
c o [rdb] cls before: 33163 after: 22868 low lbd: 446 lbd cutoff: 2 target computed: 20000 cannot be del : 236 used: 15857 rdb: 1636
c o [mem] consolidate  old-sz: 9079K new-sz: 3221K new bits offs: 19 T: 0.00
c o [rdb] cls before: 32953 after: 22370 low lbd: 447 lbd cutoff: 2 target computed: 20000 cannot be del : 188 used: 15347 rdb: 1639
c o [mem] consolidate  old-sz: 10788K new-sz: 3301K new bits offs: 19 T: 0.00
c o [rdb] cls before: 32456 after: 22298 low lbd: 447 lbd cutoff: 2 target computed: 20000 cannot be del : 280 used: 14807 rdb: 1642
c o [rdb] cls before: 32868 after: 23085 low lbd: 447 lbd cutoff: 2 target computed: 20000 cannot be del : 257 used: 15339 rdb: 1645
c o [mem] consolidate  old-sz: 11165K new-sz: 3391K new bits offs: 19 T: 0.00
c o [rdb] cls before: 33090 after: 23120 low lbd: 447 lbd cutoff: 2 target computed: 20000 cannot be del : 247 used: 16446 rdb: 1648
c o [mem] consolidate  old-sz: 10826K new-sz: 3213K new bits offs: 19 T: 0.00
c o [rdb] cls before: 33928 after: 24339 low lbd: 447 lbd cutoff: 2 target computed: 20000 cannot be del : 205 used: 17781 rdb: 1651
c o [mem] consolidate  old-sz: 10357K new-sz: 3361K new bits offs: 19 T: 0.00
c o [rdb] cls before: 34456 after: 24416 low lbd: 447 lbd cutoff: 2 target computed: 20000 cannot be del : 199 used: 17330 rdb: 1654
c o [mem] consolidate  old-sz: 8658K new-sz: 3252K new bits offs: 19 T: 0.00
c o [rdb] cls before: 34023 after: 22961 low lbd: 447 lbd cutoff: 2 target computed: 20000 cannot be del : 241 used: 16404 rdb: 1657
c o [rdb] cls before: 34791 after: 24799 low lbd: 447 lbd cutoff: 2 target computed: 20000 cannot be del : 294 used: 18674 rdb: 1660
c o [mem] consolidate  old-sz: 9752K new-sz: 3285K new bits offs: 19 T: 0.00
c o [rdb] cls before: 32255 after: 23717 low lbd: 447 lbd cutoff: 2 target computed: 20000 cannot be del : 289 used: 15650 rdb: 1663
c o [mem] consolidate  old-sz: 8401K new-sz: 3190K new bits offs: 19 T: 0.00
c o [rdb] cls before: 33360 after: 22342 low lbd: 448 lbd cutoff: 2 target computed: 20000 cannot be del : 235 used: 14526 rdb: 1666
c o [mem] consolidate  old-sz: 8616K new-sz: 3303K new bits offs: 19 T: 0.00
c o [rdb] cls before: 33328 after: 23277 low lbd: 448 lbd cutoff: 2 target computed: 20000 cannot be del : 236 used: 15288 rdb: 1669
c o [mem] consolidate  old-sz: 10713K new-sz: 3416K new bits offs: 19 T: 0.00
c o [rdb] cls before: 33554 after: 24084 low lbd: 448 lbd cutoff: 2 target computed: 20000 cannot be del : 293 used: 15948 rdb: 1672
c o [mem] consolidate  old-sz: 11120K new-sz: 3443K new bits offs: 19 T: 0.00
c o [rdb] cls before: 33123 after: 23889 low lbd: 448 lbd cutoff: 2 target computed: 20000 cannot be del : 262 used: 15693 rdb: 1675
c o [rdb] cls before: 33590 after: 23449 low lbd: 448 lbd cutoff: 2 target computed: 20000 cannot be del : 250 used: 15143 rdb: 1678
c o [mem] consolidate  old-sz: 10937K new-sz: 3375K new bits offs: 19 T: 0.00
c o [rdb] cls before: 33155 after: 23999 low lbd: 448 lbd cutoff: 2 target computed: 20000 cannot be del : 212 used: 16191 rdb: 1681
c o [mem] consolidate  old-sz: 10725K new-sz: 3209K new bits offs: 19 T: 0.00
c o [rdb] cls before: 33665 after: 23062 low lbd: 448 lbd cutoff: 2 target computed: 20000 cannot be del : 172 used: 15877 rdb: 1684
c o [mem] consolidate  old-sz: 10098K new-sz: 3202K new bits offs: 19 T: 0.00
c o [rdb] cls before: 33840 after: 23516 low lbd: 448 lbd cutoff: 2 target computed: 20000 cannot be del : 250 used: 15741 rdb: 1687
c o [mem] consolidate  old-sz: 8299K new-sz: 3109K new bits offs: 19 T: 0.00
c o [rdb] cls before: 32792 after: 22553 low lbd: 449 lbd cutoff: 2 target computed: 20000 cannot be del : 206 used: 13745 rdb: 1690
c o [rdb] cls before: 34276 after: 23974 low lbd: 449 lbd cutoff: 2 target computed: 20000 cannot be del : 230 used: 15879 rdb: 1693
c o [mem] consolidate  old-sz: 10595K new-sz: 3314K new bits offs: 19 T: 0.00
c o [rdb] cls before: 33485 after: 23526 low lbd: 449 lbd cutoff: 2 target computed: 20000 cannot be del : 196 used: 15215 rdb: 1696
c o [mem] consolidate  old-sz: 8989K new-sz: 3367K new bits offs: 19 T: 0.00
c o [rdb] cls before: 33379 after: 23355 low lbd: 449 lbd cutoff: 2 target computed: 20000 cannot be del : 263 used: 14849 rdb: 1699
c o [mem] consolidate  old-sz: 8723K new-sz: 3305K new bits offs: 19 T: 0.00
c o [rdb] cls before: 33338 after: 24226 low lbd: 449 lbd cutoff: 2 target computed: 20000 cannot be del : 202 used: 16481 rdb: 1702
c o [mem] consolidate  old-sz: 10857K new-sz: 3629K new bits offs: 19 T: 0.00
c o [rdb] cls before: 32999 after: 22793 low lbd: 449 lbd cutoff: 2 target computed: 20000 cannot be del : 254 used: 14325 rdb: 1705
c o [mem] consolidate  old-sz: 11561K new-sz: 3406K new bits offs: 19 T: 0.00
c o [rdb] cls before: 33018 after: 23970 low lbd: 449 lbd cutoff: 2 target computed: 20000 cannot be del : 257 used: 16273 rdb: 1708
c o [rdb] cls before: 34626 after: 23525 low lbd: 449 lbd cutoff: 2 target computed: 20000 cannot be del : 245 used: 15206 rdb: 1711
c o [mem] consolidate  old-sz: 11438K new-sz: 3602K new bits offs: 19 T: 0.00
c o [rdb] cls before: 33554 after: 22345 low lbd: 449 lbd cutoff: 2 target computed: 20000 cannot be del : 315 used: 14711 rdb: 1714
c o [mem] consolidate  old-sz: 9323K new-sz: 3393K new bits offs: 19 T: 0.00
c o [rdb] cls before: 33674 after: 23218 low lbd: 449 lbd cutoff: 2 target computed: 20000 cannot be del : 304 used: 16172 rdb: 1717
c o [mem] consolidate  old-sz: 10379K new-sz: 3123K new bits offs: 19 T: 0.00
c o [rdb] cls before: 32714 after: 22754 low lbd: 449 lbd cutoff: 2 target computed: 20000 cannot be del : 239 used: 16398 rdb: 1720
c o [mem] consolidate  old-sz: 10053K new-sz: 3218K new bits offs: 19 T: 0.00
c o [rdb] cls before: 32594 after: 23401 low lbd: 449 lbd cutoff: 2 target computed: 20000 cannot be del : 200 used: 15817 rdb: 1723
c o [rdb] cls before: 33045 after: 22481 low lbd: 449 lbd cutoff: 2 target computed: 20000 cannot be del : 238 used: 15398 rdb: 1726
c o [mem] consolidate  old-sz: 10064K new-sz: 3116K new bits offs: 19 T: 0.00
c o [rdb] cls before: 32263 after: 22662 low lbd: 449 lbd cutoff: 2 target computed: 20000 cannot be del : 288 used: 14794 rdb: 1729
c o [mem] consolidate  old-sz: 9889K new-sz: 3142K new bits offs: 19 T: 0.00
c o [rdb] cls before: 33262 after: 24224 low lbd: 449 lbd cutoff: 2 target computed: 20000 cannot be del : 272 used: 16563 rdb: 1732
c o [mem] consolidate  old-sz: 9821K new-sz: 3270K new bits offs: 19 T: 0.00
c o [rdb] cls before: 32293 after: 23212 low lbd: 449 lbd cutoff: 2 target computed: 20000 cannot be del : 149 used: 14682 rdb: 1735
c o [rdb] cls before: 34518 after: 22870 low lbd: 449 lbd cutoff: 2 target computed: 20000 cannot be del : 215 used: 14359 rdb: 1738
c o [mem] consolidate  old-sz: 10897K new-sz: 3401K new bits offs: 19 T: 0.00
c o [rdb] cls before: 33673 after: 24268 low lbd: 449 lbd cutoff: 2 target computed: 20000 cannot be del : 186 used: 17437 rdb: 1741
c o [mem] consolidate  old-sz: 10733K new-sz: 3153K new bits offs: 19 T: 0.00
c o [rdb] cls before: 33288 after: 23702 low lbd: 449 lbd cutoff: 2 target computed: 20000 cannot be del : 253 used: 14959 rdb: 1744
c o [mem] consolidate  old-sz: 10739K new-sz: 3383K new bits offs: 19 T: 0.00
c o [rdb] cls before: 33479 after: 23765 low lbd: 449 lbd cutoff: 2 target computed: 20000 cannot be del : 277 used: 15878 rdb: 1747
c o [rdb] cls before: 34151 after: 23586 low lbd: 449 lbd cutoff: 2 target computed: 20000 cannot be del : 262 used: 15962 rdb: 1750
c o [mem] consolidate  old-sz: 11215K new-sz: 3498K new bits offs: 19 T: 0.00
c o [rdb] cls before: 33234 after: 23854 low lbd: 449 lbd cutoff: 2 target computed: 20000 cannot be del : 247 used: 16208 rdb: 1753
c o [mem] consolidate  old-sz: 11262K new-sz: 3496K new bits offs: 19 T: 0.00
c o [rdb] cls before: 32634 after: 23154 low lbd: 449 lbd cutoff: 2 target computed: 20000 cannot be del : 243 used: 15329 rdb: 1756
c o [mem] consolidate  old-sz: 9108K new-sz: 3324K new bits offs: 19 T: 0.00
c o [rdb] cls before: 33069 after: 22553 low lbd: 449 lbd cutoff: 2 target computed: 20000 cannot be del : 301 used: 14276 rdb: 1759
c o [mem] consolidate  old-sz: 11073K new-sz: 3383K new bits offs: 19 T: 0.00
c o [rdb] cls before: 31976 after: 22781 low lbd: 449 lbd cutoff: 2 target computed: 20000 cannot be del : 241 used: 14701 rdb: 1762
c o [mem] consolidate  old-sz: 9618K new-sz: 3494K new bits offs: 19 T: 0.00
c o [rdb] cls before: 30332 after: 20393 low lbd: 449 lbd cutoff: 2 target computed: 20000 cannot be del : 220 used: 16082 rdb: 1765
c o [mem] consolidate  old-sz: 9128K new-sz: 2923K new bits offs: 19 T: 0.00
c o [rdb] cls before: 29005 after: 19329 low lbd: 449 lbd cutoff: 2 target computed: 20000 cannot be del : 243 used: 14544 rdb: 1768
c o [rdb] cls before: 30180 after: 20669 low lbd: 449 lbd cutoff: 2 target computed: 20000 cannot be del : 227 used: 15667 rdb: 1771
c o [mem] consolidate  old-sz: 10489K new-sz: 3225K new bits offs: 19 T: 0.00
c o [rdb] cls before: 30227 after: 20293 low lbd: 449 lbd cutoff: 2 target computed: 20000 cannot be del : 236 used: 15271 rdb: 1774
c o [mem] consolidate  old-sz: 8686K new-sz: 3065K new bits offs: 19 T: 0.00
c o [rdb] cls before: 30837 after: 20173 low lbd: 449 lbd cutoff: 2 target computed: 20000 cannot be del : 246 used: 14614 rdb: 1777
c o [mem] consolidate  old-sz: 8687K new-sz: 3232K new bits offs: 19 T: 0.00
c o [rdb] cls before: 31410 after: 22053 low lbd: 449 lbd cutoff: 2 target computed: 20000 cannot be del : 191 used: 17243 rdb: 1780
c o [mem] consolidate  old-sz: 10429K new-sz: 2964K new bits offs: 19 T: 0.00
c o [rdb] cls before: 31039 after: 21455 low lbd: 449 lbd cutoff: 2 target computed: 20000 cannot be del : 210 used: 15755 rdb: 1783
c o [mem] consolidate  old-sz: 10137K new-sz: 3056K new bits offs: 19 T: 0.00
c o [rdb] cls before: 30723 after: 23055 low lbd: 449 lbd cutoff: 2 target computed: 20000 cannot be del : 235 used: 17059 rdb: 1786
c o [rdb] cls before: 31323 after: 21584 low lbd: 449 lbd cutoff: 2 target computed: 20000 cannot be del : 257 used: 15976 rdb: 1789
c o [mem] consolidate  old-sz: 10000K new-sz: 3050K new bits offs: 19 T: 0.00
c o [rdb] cls before: 30964 after: 21342 low lbd: 449 lbd cutoff: 2 target computed: 20000 cannot be del : 255 used: 16123 rdb: 1792
c o [mem] consolidate  old-sz: 8073K new-sz: 2996K new bits offs: 19 T: 0.00
c o [rdb] cls before: 31666 after: 22162 low lbd: 449 lbd cutoff: 2 target computed: 20000 cannot be del : 251 used: 16338 rdb: 1795
c o [mem] consolidate  old-sz: 10117K new-sz: 3248K new bits offs: 19 T: 0.00
c o [rdb] cls before: 30941 after: 21025 low lbd: 449 lbd cutoff: 2 target computed: 20000 cannot be del : 270 used: 13510 rdb: 1798
c o [mem] consolidate  old-sz: 11324K new-sz: 3469K new bits offs: 19 T: 0.00
c o [rdb] cls before: 32564 after: 22263 low lbd: 449 lbd cutoff: 2 target computed: 20000 cannot be del : 291 used: 15274 rdb: 1801
c o [rdb] cls before: 32606 after: 21724 low lbd: 449 lbd cutoff: 2 target computed: 20000 cannot be del : 228 used: 14207 rdb: 1804
c o [mem] consolidate  old-sz: 11604K new-sz: 3460K new bits offs: 19 T: 0.00
c o [rdb] cls before: 33734 after: 22717 low lbd: 449 lbd cutoff: 2 target computed: 20000 cannot be del : 267 used: 15214 rdb: 1807
c o [mem] consolidate  old-sz: 11404K new-sz: 3373K new bits offs: 19 T: 0.00
c o [rdb] cls before: 33568 after: 23156 low lbd: 449 lbd cutoff: 2 target computed: 20000 cannot be del : 218 used: 16629 rdb: 1810
c o [mem] consolidate  old-sz: 9056K new-sz: 3268K new bits offs: 19 T: 0.00
c o [rdb] cls before: 31426 after: 23049 low lbd: 449 lbd cutoff: 2 target computed: 20000 cannot be del : 278 used: 15683 rdb: 1813
c o [mem] consolidate  old-sz: 11343K new-sz: 3530K new bits offs: 19 T: 0.00
c o [rdb] cls before: 32629 after: 23863 low lbd: 449 lbd cutoff: 2 target computed: 20000 cannot be del : 200 used: 16725 rdb: 1816
c o [mem] consolidate  old-sz: 9292K new-sz: 3247K new bits offs: 19 T: 0.00
c o [rdb] cls before: 32495 after: 23144 low lbd: 449 lbd cutoff: 2 target computed: 20000 cannot be del : 220 used: 15402 rdb: 1819
c o [mem] consolidate  old-sz: 8767K new-sz: 3282K new bits offs: 19 T: 0.00
c o [rdb] cls before: 32241 after: 22675 low lbd: 449 lbd cutoff: 2 target computed: 20000 cannot be del : 236 used: 15066 rdb: 1822
c o [rdb] cls before: 32258 after: 21997 low lbd: 449 lbd cutoff: 2 target computed: 20000 cannot be del : 232 used: 14599 rdb: 1825
c o [mem] consolidate  old-sz: 11120K new-sz: 3347K new bits offs: 19 T: 0.00
c o [rdb] cls before: 32855 after: 22119 low lbd: 449 lbd cutoff: 2 target computed: 20000 cannot be del : 267 used: 14401 rdb: 1828
c o [mem] consolidate  old-sz: 11336K new-sz: 3623K new bits offs: 19 T: 0.00
c o [rdb] cls before: 32986 after: 22491 low lbd: 449 lbd cutoff: 2 target computed: 20000 cannot be del : 213 used: 14753 rdb: 1831
c o [mem] consolidate  old-sz: 12461K new-sz: 3791K new bits offs: 19 T: 0.00
c o [rdb] cls before: 33498 after: 23815 low lbd: 449 lbd cutoff: 2 target computed: 20000 cannot be del : 243 used: 16108 rdb: 1834
c o [mem] consolidate  old-sz: 10017K new-sz: 3492K new bits offs: 19 T: 0.00
c o [rdb] cls before: 32355 after: 22934 low lbd: 449 lbd cutoff: 2 target computed: 20000 cannot be del : 197 used: 14702 rdb: 1837
c o [rdb] cls before: 33185 after: 24082 low lbd: 449 lbd cutoff: 2 target computed: 20000 cannot be del : 248 used: 16454 rdb: 1840
c o [mem] consolidate  old-sz: 12351K new-sz: 3852K new bits offs: 19 T: 0.00
c o [rdb] cls before: 34302 after: 23546 low lbd: 449 lbd cutoff: 2 target computed: 20000 cannot be del : 277 used: 16382 rdb: 1843
c o [mem] consolidate  old-sz: 10493K new-sz: 3828K new bits offs: 19 T: 0.00
c o [rdb] cls before: 33875 after: 23426 low lbd: 449 lbd cutoff: 2 target computed: 20000 cannot be del : 251 used: 16134 rdb: 1846
c o [mem] consolidate  old-sz: 10248K new-sz: 3662K new bits offs: 19 T: 0.00
c o [rdb] cls before: 32570 after: 24280 low lbd: 449 lbd cutoff: 2 target computed: 20000 cannot be del : 238 used: 16811 rdb: 1849
c o [mem] consolidate  old-sz: 11795K new-sz: 3615K new bits offs: 19 T: 0.00
c o [rdb] cls before: 26199 after: 16735 low lbd: 449 lbd cutoff: 2 target computed: 20000 cannot be del : 247 used: 15653 rdb: 1852
c o [mem] consolidate  old-sz: 9230K new-sz: 3018K new bits offs: 19 T: 0.00
c o [rdb] cls before: 25933 after: 15283 low lbd: 449 lbd cutoff: 2 target computed: 20000 cannot be del : 242 used: 13720 rdb: 1855
c o [mem] consolidate  old-sz: 9048K new-sz: 3231K new bits offs: 19 T: 0.00
c o [rdb] cls before: 26836 after: 16871 low lbd: 449 lbd cutoff: 2 target computed: 20000 cannot be del : 272 used: 14949 rdb: 1858
c o [mem] consolidate  old-sz: 11007K new-sz: 2980K new bits offs: 19 T: 0.00
c o [rdb] cls before: 26462 after: 17664 low lbd: 449 lbd cutoff: 2 target computed: 20000 cannot be del : 283 used: 16203 rdb: 1861
c o [rdb] cls before: 27419 after: 18468 low lbd: 449 lbd cutoff: 2 target computed: 20000 cannot be del : 234 used: 16720 rdb: 1864
c o [mem] consolidate  old-sz: 10837K new-sz: 3202K new bits offs: 19 T: 0.00
c o [rdb] cls before: 26819 after: 17405 low lbd: 449 lbd cutoff: 2 target computed: 20000 cannot be del : 184 used: 15122 rdb: 1867
c o [mem] consolidate  old-sz: 8862K new-sz: 3070K new bits offs: 19 T: 0.00
c o [rdb] cls before: 28342 after: 18381 low lbd: 449 lbd cutoff: 2 target computed: 20000 cannot be del : 233 used: 16211 rdb: 1870
c o [mem] consolidate  old-sz: 10420K new-sz: 3108K new bits offs: 19 T: 0.00
c o [rdb] cls before: 27936 after: 19090 low lbd: 449 lbd cutoff: 2 target computed: 20000 cannot be del : 256 used: 16536 rdb: 1873
c o [mem] consolidate  old-sz: 8702K new-sz: 3039K new bits offs: 19 T: 0.00
c o [rdb] cls before: 28338 after: 19190 low lbd: 449 lbd cutoff: 2 target computed: 20000 cannot be del : 205 used: 16551 rdb: 1876
c o [mem] consolidate  old-sz: 10309K new-sz: 3176K new bits offs: 19 T: 0.00
c o [rdb] cls before: 29793 after: 18604 low lbd: 449 lbd cutoff: 2 target computed: 20000 cannot be del : 236 used: 16166 rdb: 1879
c o [mem] consolidate  old-sz: 8923K new-sz: 3037K new bits offs: 19 T: 0.00
c o [rdb] cls before: 27869 after: 18064 low lbd: 449 lbd cutoff: 2 target computed: 20000 cannot be del : 246 used: 14955 rdb: 1882
c o [rdb] cls before: 28693 after: 19017 low lbd: 449 lbd cutoff: 2 target computed: 20000 cannot be del : 199 used: 15589 rdb: 1885
c o [mem] consolidate  old-sz: 10354K new-sz: 2952K new bits offs: 19 T: 0.00
c o [rdb] cls before: 29250 after: 18434 low lbd: 449 lbd cutoff: 2 target computed: 20000 cannot be del : 323 used: 15619 rdb: 1888
c o [mem] consolidate  old-sz: 8502K new-sz: 3150K new bits offs: 19 T: 0.00
c o [rdb] cls before: 27850 after: 18614 low lbd: 449 lbd cutoff: 2 target computed: 20000 cannot be del : 240 used: 14720 rdb: 1891
c o [mem] consolidate  old-sz: 11521K new-sz: 3398K new bits offs: 19 T: 0.00
c o [rdb] cls before: 29498 after: 19994 low lbd: 449 lbd cutoff: 2 target computed: 20000 cannot be del : 250 used: 16486 rdb: 1894
c o [mem] consolidate  old-sz: 11166K new-sz: 3125K new bits offs: 19 T: 0.00
c o [rdb] cls before: 28900 after: 19339 low lbd: 449 lbd cutoff: 2 target computed: 20000 cannot be del : 268 used: 14790 rdb: 1897
c o [rdb] cls before: 29332 after: 19378 low lbd: 449 lbd cutoff: 2 target computed: 20000 cannot be del : 252 used: 15358 rdb: 1900
c o [mem] consolidate  old-sz: 10835K new-sz: 3232K new bits offs: 19 T: 0.00
c o [rdb] cls before: 29254 after: 20628 low lbd: 449 lbd cutoff: 2 target computed: 20000 cannot be del : 284 used: 16385 rdb: 1903
c o [mem] consolidate  old-sz: 11438K new-sz: 3312K new bits offs: 19 T: 0.00
c o [rdb] cls before: 30395 after: 18661 low lbd: 449 lbd cutoff: 2 target computed: 20000 cannot be del : 244 used: 13908 rdb: 1906
c o [mem] consolidate  old-sz: 9397K new-sz: 3329K new bits offs: 19 T: 0.00
c o [rdb] cls before: 30009 after: 20232 low lbd: 449 lbd cutoff: 2 target computed: 20000 cannot be del : 268 used: 15174 rdb: 1909
c o [mem] consolidate  old-sz: 9392K new-sz: 3193K new bits offs: 19 T: 0.00
c o [rdb] cls before: 30682 after: 21308 low lbd: 449 lbd cutoff: 2 target computed: 20000 cannot be del : 221 used: 16488 rdb: 1912
c o [mem] consolidate  old-sz: 10797K new-sz: 3258K new bits offs: 19 T: 0.00
c o [rdb] cls before: 30702 after: 19784 low lbd: 449 lbd cutoff: 2 target computed: 20000 cannot be del : 294 used: 14510 rdb: 1915
c o [rdb] cls before: 31405 after: 20895 low lbd: 450 lbd cutoff: 2 target computed: 20000 cannot be del : 274 used: 15051 rdb: 1918
c o [mem] consolidate  old-sz: 11683K new-sz: 3464K new bits offs: 19 T: 0.00
c o [rdb] cls before: 30883 after: 21364 low lbd: 450 lbd cutoff: 2 target computed: 20000 cannot be del : 264 used: 15980 rdb: 1921
c o [mem] consolidate  old-sz: 11337K new-sz: 3263K new bits offs: 19 T: 0.00
c o total time so far: 3312.81
c o decisions K                    29219     -- Kdec/s:     9.59     
c o conflicts                      19238476     -- confl/s:    6311.80  
c o rem lits triedK/rem lits remK  19238     488159    
c o shrink tried/useful%/lits rem  19238476  94.4415   539237198 
c o avg clsz/rem lits avg/finalavg 144.7512  67.6433   42.2692  
c o rdbs/low lbd/rem               1923  450    19280001
c o looks/look-computes            0/0
c o sat call/sat/unsat/confl/rst  0     0     0     0     0     
c o buddy called /unsat ratio           0     / 0.0000 
c o buddy avg num bin/long cls/vs  0.0000 / 0.0000 / 0.0000
c o buddy max num bin/long cls/vs  0     / 0     / 0    
c o orig cubes/lit-r avg/exten avg 0     / 0.00  / 0.00 
c o cubes orig/symm/final          0     / 0     / 0    
c o cubes resolved/flp-removed     0     / 0    
c o tot restarts                   0    
c o comp sortsK/avg sz             29038 / 1.00629023
c o comps recordK/non-reset ratio  44000 / 0.46
c o vivif: try/cls/clviv/litsravg  638       860357    45174     0.26      
c o toplev subs runs/bins/long-cls 0         0         0         0         0         
c o toplevel probes/fail/bprop     0         0         0         
c o Mem used                       0.00 GB
c o cache pollutions call/removed  44077969/28721174
c o cache entries K                500
c o MB cache                       282.565
c o cache K (lookup/ stores/ hits/ dels) 44000  29221  14778  0       -- Klookup/s:  14.44    
c o cache miss rate                0.664
c o avg hit/store num vars 4.254 / 219.546
c o 
c o [rdb] cls before: 31249 after: 21146 low lbd: 450 lbd cutoff: 2 target computed: 20000 cannot be del : 243 used: 16108 rdb: 1924
c o [mem] consolidate  old-sz: 8850K new-sz: 3044K new bits offs: 19 T: 0.00
c o [rdb] cls before: 31389 after: 21829 low lbd: 450 lbd cutoff: 2 target computed: 20000 cannot be del : 254 used: 15645 rdb: 1927
c o [mem] consolidate  old-sz: 10631K new-sz: 3318K new bits offs: 19 T: 0.00
c o [rdb] cls before: 31567 after: 21306 low lbd: 450 lbd cutoff: 2 target computed: 20000 cannot be del : 282 used: 15116 rdb: 1930
c o [rdb] cls before: 32338 after: 21888 low lbd: 450 lbd cutoff: 2 target computed: 20000 cannot be del : 273 used: 15532 rdb: 1933
c o [mem] consolidate  old-sz: 10893K new-sz: 3152K new bits offs: 19 T: 0.00
c o [rdb] cls before: 31450 after: 21720 low lbd: 450 lbd cutoff: 2 target computed: 20000 cannot be del : 246 used: 15069 rdb: 1936
c o [mem] consolidate  old-sz: 8527K new-sz: 3273K new bits offs: 19 T: 0.00
c o [rdb] cls before: 32793 after: 22053 low lbd: 450 lbd cutoff: 2 target computed: 20000 cannot be del : 280 used: 15569 rdb: 1939
c o [mem] consolidate  old-sz: 10368K new-sz: 3120K new bits offs: 19 T: 0.00
c o [rdb] cls before: 32087 after: 22028 low lbd: 450 lbd cutoff: 2 target computed: 20000 cannot be del : 289 used: 15473 rdb: 1942
c o [mem] consolidate  old-sz: 10634K new-sz: 3446K new bits offs: 19 T: 0.00
c o [rdb] cls before: 30709 after: 22242 low lbd: 450 lbd cutoff: 2 target computed: 20000 cannot be del : 280 used: 15622 rdb: 1945
c o [rdb] cls before: 32512 after: 21639 low lbd: 450 lbd cutoff: 2 target computed: 20000 cannot be del : 251 used: 14962 rdb: 1948
c o [mem] consolidate  old-sz: 11405K new-sz: 3339K new bits offs: 19 T: 0.00
c o [rdb] cls before: 32243 after: 23111 low lbd: 450 lbd cutoff: 2 target computed: 20000 cannot be del : 236 used: 16401 rdb: 1951
c o [mem] consolidate  old-sz: 10899K new-sz: 3254K new bits offs: 19 T: 0.00
c o [rdb] cls before: 31962 after: 22392 low lbd: 450 lbd cutoff: 2 target computed: 20000 cannot be del : 200 used: 16006 rdb: 1954
c o [mem] consolidate  old-sz: 8894K new-sz: 3378K new bits offs: 19 T: 0.00
c o [rdb] cls before: 32255 after: 23049 low lbd: 450 lbd cutoff: 2 target computed: 20000 cannot be del : 233 used: 16361 rdb: 1957
c o [mem] consolidate  old-sz: 10639K new-sz: 3144K new bits offs: 19 T: 0.00
c o [rdb] cls before: 32909 after: 21755 low lbd: 450 lbd cutoff: 2 target computed: 20000 cannot be del : 256 used: 14564 rdb: 1960
c o [mem] consolidate  old-sz: 9405K new-sz: 3613K new bits offs: 19 T: 0.00
c o [rdb] cls before: 32830 after: 23230 low lbd: 450 lbd cutoff: 2 target computed: 20000 cannot be del : 216 used: 15771 rdb: 1963
c o [rdb] cls before: 33276 after: 23268 low lbd: 450 lbd cutoff: 2 target computed: 20000 cannot be del : 264 used: 15867 rdb: 1966
c o [mem] consolidate  old-sz: 12377K new-sz: 3624K new bits offs: 19 T: 0.00
c o [rdb] cls before: 29006 after: 18811 low lbd: 450 lbd cutoff: 2 target computed: 20000 cannot be del : 319 used: 15336 rdb: 1969
c o [mem] consolidate  old-sz: 9855K new-sz: 3336K new bits offs: 19 T: 0.00
c o [rdb] cls before: 29260 after: 19130 low lbd: 450 lbd cutoff: 2 target computed: 20000 cannot be del : 296 used: 15768 rdb: 1972
c o [mem] consolidate  old-sz: 12111K new-sz: 3452K new bits offs: 19 T: 0.00
c o [rdb] cls before: 28761 after: 19184 low lbd: 450 lbd cutoff: 2 target computed: 20000 cannot be del : 282 used: 15516 rdb: 1975
c o [mem] consolidate  old-sz: 12029K new-sz: 3650K new bits offs: 19 T: 0.00
c o [rdb] cls before: 30334 after: 18811 low lbd: 450 lbd cutoff: 2 target computed: 20000 cannot be del : 280 used: 14439 rdb: 1978
c o [mem] consolidate  old-sz: 10635K new-sz: 3362K new bits offs: 19 T: 0.00
c o [rdb] cls before: 28959 after: 19540 low lbd: 450 lbd cutoff: 2 target computed: 20000 cannot be del : 303 used: 15076 rdb: 1981
c o [rdb] cls before: 30380 after: 19909 low lbd: 450 lbd cutoff: 2 target computed: 20000 cannot be del : 187 used: 15798 rdb: 1984
c o [mem] consolidate  old-sz: 11337K new-sz: 3351K new bits offs: 19 T: 0.00
c o [rdb] cls before: 30030 after: 20999 low lbd: 450 lbd cutoff: 2 target computed: 20000 cannot be del : 325 used: 16809 rdb: 1987
c o [mem] consolidate  old-sz: 11715K new-sz: 3365K new bits offs: 19 T: 0.00
c o [rdb] cls before: 30494 after: 21412 low lbd: 450 lbd cutoff: 2 target computed: 20000 cannot be del : 324 used: 17083 rdb: 1990
c o [mem] consolidate  old-sz: 11383K new-sz: 3444K new bits offs: 19 T: 0.00
c o [rdb] cls before: 30697 after: 20900 low lbd: 450 lbd cutoff: 2 target computed: 20000 cannot be del : 194 used: 16560 rdb: 1993
c o [rdb] cls before: 30785 after: 20215 low lbd: 450 lbd cutoff: 2 target computed: 20000 cannot be del : 263 used: 15316 rdb: 1996
c o [mem] consolidate  old-sz: 11158K new-sz: 3176K new bits offs: 19 T: 0.00
c o [rdb] cls before: 28949 after: 16842 low lbd: 450 lbd cutoff: 2 target computed: 20000 cannot be del : 162 used: 13862 rdb: 1999
c o [mem] consolidate  old-sz: 9009K new-sz: 3102K new bits offs: 19 T: 0.00
c o [rdb] cls before: 27863 after: 18664 low lbd: 450 lbd cutoff: 2 target computed: 20000 cannot be del : 292 used: 16117 rdb: 2002
c o [mem] consolidate  old-sz: 11350K new-sz: 3355K new bits offs: 19 T: 0.00
c o [rdb] cls before: 29624 after: 19350 low lbd: 450 lbd cutoff: 2 target computed: 20000 cannot be del : 294 used: 16875 rdb: 2005
c o [mem] consolidate  old-sz: 11386K new-sz: 3084K new bits offs: 19 T: 0.00
c o [rdb] cls before: 27507 after: 18010 low lbd: 450 lbd cutoff: 2 target computed: 20000 cannot be del : 207 used: 15238 rdb: 2008
c o [rdb] cls before: 29309 after: 19588 low lbd: 450 lbd cutoff: 2 target computed: 20000 cannot be del : 195 used: 17070 rdb: 2011
c o [mem] consolidate  old-sz: 10747K new-sz: 3250K new bits offs: 19 T: 0.00
c o [rdb] cls before: 29043 after: 19465 low lbd: 450 lbd cutoff: 2 target computed: 20000 cannot be del : 205 used: 16736 rdb: 2014
c o [mem] consolidate  old-sz: 9205K new-sz: 3227K new bits offs: 19 T: 0.00
c o [rdb] cls before: 28287 after: 18948 low lbd: 450 lbd cutoff: 2 target computed: 20000 cannot be del : 232 used: 15012 rdb: 2017
c o [mem] consolidate  old-sz: 9542K new-sz: 3247K new bits offs: 19 T: 0.00
c o [rdb] cls before: 29652 after: 18764 low lbd: 450 lbd cutoff: 2 target computed: 20000 cannot be del : 200 used: 15329 rdb: 2020
c o [mem] consolidate  old-sz: 8870K new-sz: 3126K new bits offs: 19 T: 0.00
c o [rdb] cls before: 29286 after: 19117 low lbd: 450 lbd cutoff: 2 target computed: 20000 cannot be del : 281 used: 15437 rdb: 2023
c o [mem] consolidate  old-sz: 10912K new-sz: 2973K new bits offs: 19 T: 0.00
c o [rdb] cls before: 28771 after: 18979 low lbd: 451 lbd cutoff: 2 target computed: 20000 cannot be del : 204 used: 13504 rdb: 2026
c o [mem] consolidate  old-sz: 10693K new-sz: 3288K new bits offs: 19 T: 0.00
c o [rdb] cls before: 29065 after: 19819 low lbd: 451 lbd cutoff: 2 target computed: 20000 cannot be del : 192 used: 14250 rdb: 2029
c o [rdb] cls before: 30639 after: 20477 low lbd: 451 lbd cutoff: 2 target computed: 20000 cannot be del : 251 used: 14399 rdb: 2032
c o [mem] consolidate  old-sz: 11095K new-sz: 3239K new bits offs: 19 T: 0.00
c o [rdb] cls before: 30716 after: 19499 low lbd: 451 lbd cutoff: 2 target computed: 20000 cannot be del : 240 used: 13330 rdb: 2035
c o [mem] consolidate  old-sz: 9028K new-sz: 3060K new bits offs: 19 T: 0.00
c o [rdb] cls before: 30837 after: 20297 low lbd: 451 lbd cutoff: 2 target computed: 20000 cannot be del : 307 used: 13623 rdb: 2038
c o [mem] consolidate  old-sz: 10813K new-sz: 3343K new bits offs: 19 T: 0.00
c o [rdb] cls before: 30686 after: 21630 low lbd: 451 lbd cutoff: 2 target computed: 20000 cannot be del : 256 used: 14904 rdb: 2041
c o [mem] consolidate  old-sz: 10843K new-sz: 3329K new bits offs: 19 T: 0.00
c o [rdb] cls before: 32440 after: 21377 low lbd: 451 lbd cutoff: 2 target computed: 20000 cannot be del : 306 used: 14557 rdb: 2044
c o [mem] consolidate  old-sz: 9425K new-sz: 3398K new bits offs: 19 T: 0.00
c o [rdb] cls before: 30190 after: 21075 low lbd: 451 lbd cutoff: 2 target computed: 20000 cannot be del : 227 used: 14056 rdb: 2047
c o [rdb] cls before: 31346 after: 21336 low lbd: 451 lbd cutoff: 2 target computed: 20000 cannot be del : 219 used: 14342 rdb: 2050
c o [mem] consolidate  old-sz: 11950K new-sz: 3454K new bits offs: 19 T: 0.00
c o [rdb] cls before: 32727 after: 22454 low lbd: 451 lbd cutoff: 2 target computed: 20000 cannot be del : 283 used: 15503 rdb: 2053
c o [mem] consolidate  old-sz: 11557K new-sz: 3551K new bits offs: 19 T: 0.00
c o [rdb] cls before: 33535 after: 22385 low lbd: 451 lbd cutoff: 2 target computed: 20000 cannot be del : 250 used: 15858 rdb: 2056
c o [mem] consolidate  old-sz: 11497K new-sz: 3367K new bits offs: 19 T: 0.00
c o [rdb] cls before: 32106 after: 23109 low lbd: 451 lbd cutoff: 2 target computed: 20000 cannot be del : 223 used: 16269 rdb: 2059
c o [mem] consolidate  old-sz: 9368K new-sz: 3479K new bits offs: 19 T: 0.00
c o [rdb] cls before: 31330 after: 22692 low lbd: 451 lbd cutoff: 2 target computed: 20000 cannot be del : 300 used: 15590 rdb: 2062
c o [rdb] cls before: 32305 after: 22920 low lbd: 451 lbd cutoff: 2 target computed: 20000 cannot be del : 204 used: 16647 rdb: 2065
c o [mem] consolidate  old-sz: 11430K new-sz: 3517K new bits offs: 19 T: 0.00
c o [rdb] cls before: 31155 after: 21953 low lbd: 451 lbd cutoff: 2 target computed: 20000 cannot be del : 280 used: 14665 rdb: 2068
c o [mem] consolidate  old-sz: 8948K new-sz: 3214K new bits offs: 19 T: 0.00
c o [rdb] cls before: 31414 after: 21185 low lbd: 451 lbd cutoff: 2 target computed: 20000 cannot be del : 274 used: 14149 rdb: 2071
c o [mem] consolidate  old-sz: 9135K new-sz: 3477K new bits offs: 19 T: 0.00
c o [rdb] cls before: 32983 after: 22766 low lbd: 451 lbd cutoff: 2 target computed: 20000 cannot be del : 217 used: 15522 rdb: 2074
c o [mem] consolidate  old-sz: 11788K new-sz: 3507K new bits offs: 19 T: 0.00
c o [rdb] cls before: 33005 after: 23590 low lbd: 451 lbd cutoff: 2 target computed: 20000 cannot be del : 305 used: 16540 rdb: 2077
c o [mem] consolidate  old-sz: 9344K new-sz: 3366K new bits offs: 19 T: 0.00
c o [rdb] cls before: 32747 after: 23342 low lbd: 451 lbd cutoff: 2 target computed: 20000 cannot be del : 279 used: 16288 rdb: 2080
c o [mem] consolidate  old-sz: 10849K new-sz: 3280K new bits offs: 19 T: 0.00
c o [rdb] cls before: 33175 after: 23179 low lbd: 451 lbd cutoff: 2 target computed: 20000 cannot be del : 153 used: 16473 rdb: 2083
c o [rdb] cls before: 33218 after: 23913 low lbd: 451 lbd cutoff: 2 target computed: 20000 cannot be del : 286 used: 16852 rdb: 2086
c o [mem] consolidate  old-sz: 11014K new-sz: 3508K new bits offs: 19 T: 0.00
c o [rdb] cls before: 33362 after: 23057 low lbd: 451 lbd cutoff: 2 target computed: 20000 cannot be del : 233 used: 15547 rdb: 2089
c o [mem] consolidate  old-sz: 8980K new-sz: 3305K new bits offs: 19 T: 0.00
c o [rdb] cls before: 33411 after: 23997 low lbd: 451 lbd cutoff: 2 target computed: 20000 cannot be del : 269 used: 17162 rdb: 2092
c o [mem] consolidate  old-sz: 10773K new-sz: 3410K new bits offs: 19 T: 0.00
c o [rdb] cls before: 32430 after: 23566 low lbd: 451 lbd cutoff: 2 target computed: 20000 cannot be del : 265 used: 16289 rdb: 2095
c o [mem] consolidate  old-sz: 11660K new-sz: 3388K new bits offs: 19 T: 0.00
c o [rdb] cls before: 33225 after: 22569 low lbd: 451 lbd cutoff: 2 target computed: 20000 cannot be del : 286 used: 15500 rdb: 2098
c o [mem] consolidate  old-sz: 9097K new-sz: 3258K new bits offs: 19 T: 0.00
c o [rdb] cls before: 31769 after: 22781 low lbd: 451 lbd cutoff: 2 target computed: 20000 cannot be del : 358 used: 15847 rdb: 2101
c o [rdb] cls before: 32380 after: 22885 low lbd: 451 lbd cutoff: 2 target computed: 20000 cannot be del : 201 used: 15490 rdb: 2104
c o [mem] consolidate  old-sz: 10749K new-sz: 3293K new bits offs: 19 T: 0.00
c o [rdb] cls before: 33308 after: 21082 low lbd: 451 lbd cutoff: 2 target computed: 20000 cannot be del : 185 used: 14645 rdb: 2107
c o [mem] consolidate  old-sz: 8771K new-sz: 3143K new bits offs: 19 T: 0.00
c o [rdb] cls before: 32138 after: 22925 low lbd: 451 lbd cutoff: 2 target computed: 20000 cannot be del : 241 used: 15716 rdb: 2110
c o [mem] consolidate  old-sz: 10717K new-sz: 3356K new bits offs: 19 T: 0.00
c o [rdb] cls before: 31792 after: 22774 low lbd: 451 lbd cutoff: 2 target computed: 20000 cannot be del : 291 used: 14968 rdb: 2113
c o [mem] consolidate  old-sz: 8703K new-sz: 3125K new bits offs: 19 T: 0.00
c o [rdb] cls before: 32831 after: 23439 low lbd: 451 lbd cutoff: 2 target computed: 20000 cannot be del : 224 used: 16020 rdb: 2116
c o [mem] consolidate  old-sz: 10418K new-sz: 3358K new bits offs: 19 T: 0.00
c o [rdb] cls before: 33028 after: 23072 low lbd: 451 lbd cutoff: 2 target computed: 20000 cannot be del : 227 used: 15505 rdb: 2119
c o [mem] consolidate  old-sz: 9067K new-sz: 3299K new bits offs: 19 T: 0.00
c o [rdb] cls before: 31816 after: 22125 low lbd: 451 lbd cutoff: 2 target computed: 20000 cannot be del : 268 used: 14519 rdb: 2122
c o [rdb] cls before: 33189 after: 22494 low lbd: 451 lbd cutoff: 2 target computed: 20000 cannot be del : 215 used: 14838 rdb: 2125
c o [mem] consolidate  old-sz: 11032K new-sz: 3224K new bits offs: 19 T: 0.00
c o [rdb] cls before: 33602 after: 23887 low lbd: 451 lbd cutoff: 2 target computed: 20000 cannot be del : 263 used: 16168 rdb: 2128
c o [mem] consolidate  old-sz: 10784K new-sz: 3381K new bits offs: 19 T: 0.00
c o [rdb] cls before: 34007 after: 22612 low lbd: 451 lbd cutoff: 2 target computed: 20000 cannot be del : 184 used: 15024 rdb: 2131
c o [mem] consolidate  old-sz: 11331K new-sz: 3515K new bits offs: 19 T: 0.00
c o [rdb] cls before: 34030 after: 23633 low lbd: 451 lbd cutoff: 2 target computed: 20000 cannot be del : 261 used: 15930 rdb: 2134
c o [mem] consolidate  old-sz: 9460K new-sz: 3535K new bits offs: 19 T: 0.00
c o [rdb] cls before: 32984 after: 23735 low lbd: 451 lbd cutoff: 2 target computed: 20000 cannot be del : 225 used: 16699 rdb: 2137
c o [mem] consolidate  old-sz: 9235K new-sz: 3298K new bits offs: 19 T: 0.00
c o [rdb] cls before: 32283 after: 23603 low lbd: 451 lbd cutoff: 2 target computed: 20000 cannot be del : 215 used: 16317 rdb: 2140
c o [rdb] cls before: 32446 after: 23512 low lbd: 451 lbd cutoff: 2 target computed: 20000 cannot be del : 210 used: 16436 rdb: 2143
c o [mem] consolidate  old-sz: 10791K new-sz: 3409K new bits offs: 19 T: 0.00
c o [rdb] cls before: 32480 after: 23281 low lbd: 451 lbd cutoff: 2 target computed: 20000 cannot be del : 231 used: 15565 rdb: 2146
c o [mem] consolidate  old-sz: 9018K new-sz: 3440K new bits offs: 19 T: 0.00
c o [rdb] cls before: 33352 after: 23570 low lbd: 451 lbd cutoff: 2 target computed: 20000 cannot be del : 266 used: 16183 rdb: 2149
c o [mem] consolidate  old-sz: 10697K new-sz: 3251K new bits offs: 19 T: 0.00
c o [rdb] cls before: 33587 after: 23175 low lbd: 451 lbd cutoff: 2 target computed: 20000 cannot be del : 258 used: 15235 rdb: 2152
c o [mem] consolidate  old-sz: 8396K new-sz: 3159K new bits offs: 19 T: 0.00
c o [rdb] cls before: 33776 after: 23639 low lbd: 451 lbd cutoff: 2 target computed: 20000 cannot be del : 246 used: 16252 rdb: 2155
c o [mem] consolidate  old-sz: 8338K new-sz: 3139K new bits offs: 19 T: 0.00
c o [rdb] cls before: 32707 after: 23359 low lbd: 451 lbd cutoff: 2 target computed: 20000 cannot be del : 254 used: 15199 rdb: 2158
c o [mem] consolidate  old-sz: 10880K new-sz: 3565K new bits offs: 19 T: 0.00
c o [rdb] cls before: 33394 after: 24053 low lbd: 451 lbd cutoff: 2 target computed: 20000 cannot be del : 202 used: 16415 rdb: 2161
c o [mem] consolidate  old-sz: 8885K new-sz: 3183K new bits offs: 19 T: 0.00
c o [rdb] cls before: 33266 after: 23548 low lbd: 451 lbd cutoff: 2 target computed: 20000 cannot be del : 283 used: 15306 rdb: 2164
c o [rdb] cls before: 33844 after: 23067 low lbd: 451 lbd cutoff: 2 target computed: 20000 cannot be del : 247 used: 16775 rdb: 2167
c o [mem] consolidate  old-sz: 10188K new-sz: 3303K new bits offs: 19 T: 0.00
c o [rdb] cls before: 32978 after: 23121 low lbd: 451 lbd cutoff: 2 target computed: 20000 cannot be del : 218 used: 16323 rdb: 2170
c o [mem] consolidate  old-sz: 10502K new-sz: 3246K new bits offs: 19 T: 0.00
c o [rdb] cls before: 33061 after: 22762 low lbd: 451 lbd cutoff: 2 target computed: 20000 cannot be del : 292 used: 16672 rdb: 2173
c o [mem] consolidate  old-sz: 8551K new-sz: 3160K new bits offs: 19 T: 0.00
c o [rdb] cls before: 33645 after: 20735 low lbd: 451 lbd cutoff: 2 target computed: 20000 cannot be del : 245 used: 13178 rdb: 2176
c o [mem] consolidate  old-sz: 10321K new-sz: 3323K new bits offs: 19 T: 0.00
c o [rdb] cls before: 32706 after: 22837 low lbd: 451 lbd cutoff: 2 target computed: 20000 cannot be del : 284 used: 15402 rdb: 2179
c o [rdb] cls before: 33075 after: 23063 low lbd: 451 lbd cutoff: 2 target computed: 20000 cannot be del : 245 used: 16070 rdb: 2182
c o [mem] consolidate  old-sz: 10768K new-sz: 3256K new bits offs: 19 T: 0.00
c o [rdb] cls before: 33455 after: 22517 low lbd: 451 lbd cutoff: 2 target computed: 20000 cannot be del : 316 used: 15198 rdb: 2185
c o [mem] consolidate  old-sz: 9036K new-sz: 3361K new bits offs: 19 T: 0.00
c o [rdb] cls before: 33544 after: 23764 low lbd: 451 lbd cutoff: 2 target computed: 20000 cannot be del : 263 used: 16257 rdb: 2188
c o [mem] consolidate  old-sz: 10959K new-sz: 3359K new bits offs: 19 T: 0.00
c o [rdb] cls before: 33796 after: 23257 low lbd: 451 lbd cutoff: 2 target computed: 20000 cannot be del : 189 used: 15623 rdb: 2191
c o [mem] consolidate  old-sz: 10617K new-sz: 3396K new bits offs: 19 T: 0.00
c o [rdb] cls before: 33019 after: 24232 low lbd: 451 lbd cutoff: 2 target computed: 20000 cannot be del : 263 used: 16703 rdb: 2194
c o [rdb] cls before: 34140 after: 24560 low lbd: 451 lbd cutoff: 2 target computed: 20000 cannot be del : 249 used: 17298 rdb: 2197
c o [mem] consolidate  old-sz: 10509K new-sz: 3360K new bits offs: 19 T: 0.00
c o [rdb] cls before: 32497 after: 23398 low lbd: 451 lbd cutoff: 2 target computed: 20000 cannot be del : 278 used: 15699 rdb: 2200
c o [mem] consolidate  old-sz: 8698K new-sz: 3258K new bits offs: 19 T: 0.00
c o [rdb] cls before: 33257 after: 22745 low lbd: 451 lbd cutoff: 2 target computed: 20000 cannot be del : 199 used: 15406 rdb: 2203
c o [mem] consolidate  old-sz: 8673K new-sz: 3327K new bits offs: 19 T: 0.00
c o [rdb] cls before: 34518 after: 22644 low lbd: 451 lbd cutoff: 2 target computed: 20000 cannot be del : 262 used: 15206 rdb: 2206
c o [mem] consolidate  old-sz: 9015K new-sz: 3325K new bits offs: 19 T: 0.00
c o [rdb] cls before: 34007 after: 24103 low lbd: 451 lbd cutoff: 2 target computed: 20000 cannot be del : 314 used: 16326 rdb: 2209
c o [mem] consolidate  old-sz: 10559K new-sz: 3102K new bits offs: 19 T: 0.00
c o [rdb] cls before: 33062 after: 23640 low lbd: 451 lbd cutoff: 2 target computed: 20000 cannot be del : 252 used: 16019 rdb: 2212
c o [mem] consolidate  old-sz: 10117K new-sz: 3284K new bits offs: 19 T: 0.00
c o [rdb] cls before: 33868 after: 24083 low lbd: 451 lbd cutoff: 2 target computed: 20000 cannot be del : 246 used: 16243 rdb: 2215
c o [rdb] cls before: 33947 after: 23472 low lbd: 451 lbd cutoff: 2 target computed: 20000 cannot be del : 257 used: 15708 rdb: 2218
c o [mem] consolidate  old-sz: 10085K new-sz: 3218K new bits offs: 19 T: 0.00
c o [rdb] cls before: 34120 after: 22849 low lbd: 451 lbd cutoff: 2 target computed: 20000 cannot be del : 172 used: 14414 rdb: 2221
c o [mem] consolidate  old-sz: 8422K new-sz: 3258K new bits offs: 19 T: 0.00
c o [rdb] cls before: 33499 after: 23686 low lbd: 451 lbd cutoff: 2 target computed: 20000 cannot be del : 236 used: 15539 rdb: 2224
c o [mem] consolidate  old-sz: 10523K new-sz: 3137K new bits offs: 19 T: 0.00
c o [rdb] cls before: 33916 after: 24695 low lbd: 451 lbd cutoff: 2 target computed: 20000 cannot be del : 269 used: 17265 rdb: 2227
c o [mem] consolidate  old-sz: 10112K new-sz: 3085K new bits offs: 19 T: 0.00
c o [rdb] cls before: 32709 after: 23271 low lbd: 451 lbd cutoff: 2 target computed: 20000 cannot be del : 253 used: 15243 rdb: 2230
c o [rdb] cls before: 34220 after: 24191 low lbd: 451 lbd cutoff: 2 target computed: 20000 cannot be del : 269 used: 16148 rdb: 2233
c o [mem] consolidate  old-sz: 10627K new-sz: 3433K new bits offs: 19 T: 0.00
c o [rdb] cls before: 34463 after: 24432 low lbd: 451 lbd cutoff: 2 target computed: 20000 cannot be del : 297 used: 17167 rdb: 2236
c o [mem] consolidate  old-sz: 11539K new-sz: 3488K new bits offs: 19 T: 0.00
c o [rdb] cls before: 33570 after: 24052 low lbd: 451 lbd cutoff: 2 target computed: 20000 cannot be del : 300 used: 16505 rdb: 2239
c o [mem] consolidate  old-sz: 10848K new-sz: 3159K new bits offs: 19 T: 0.00
c o [rdb] cls before: 32493 after: 21930 low lbd: 451 lbd cutoff: 2 target computed: 20000 cannot be del : 197 used: 14702 rdb: 2242
c o [rdb] cls before: 33046 after: 21585 low lbd: 451 lbd cutoff: 2 target computed: 20000 cannot be del : 207 used: 14514 rdb: 2245
c o [mem] consolidate  old-sz: 10345K new-sz: 3154K new bits offs: 19 T: 0.00
c o [rdb] cls before: 32810 after: 22745 low lbd: 451 lbd cutoff: 2 target computed: 20000 cannot be del : 205 used: 15684 rdb: 2248
c o [mem] consolidate  old-sz: 10906K new-sz: 3430K new bits offs: 19 T: 0.00
c o [rdb] cls before: 33512 after: 23871 low lbd: 451 lbd cutoff: 2 target computed: 20000 cannot be del : 207 used: 16569 rdb: 2251
c o [mem] consolidate  old-sz: 9304K new-sz: 3409K new bits offs: 19 T: 0.00
c o [rdb] cls before: 33206 after: 22178 low lbd: 451 lbd cutoff: 2 target computed: 20000 cannot be del : 193 used: 14049 rdb: 2254
c o [mem] consolidate  old-sz: 10715K new-sz: 3380K new bits offs: 19 T: 0.00
c o [rdb] cls before: 34008 after: 24076 low lbd: 451 lbd cutoff: 2 target computed: 20000 cannot be del : 294 used: 17130 rdb: 2257
c o [mem] consolidate  old-sz: 9194K new-sz: 3468K new bits offs: 19 T: 0.00
c o [rdb] cls before: 33636 after: 23665 low lbd: 451 lbd cutoff: 2 target computed: 20000 cannot be del : 267 used: 16230 rdb: 2260
c o [mem] consolidate  old-sz: 9063K new-sz: 3420K new bits offs: 19 T: 0.00
c o [rdb] cls before: 32724 after: 23629 low lbd: 451 lbd cutoff: 2 target computed: 20000 cannot be del : 247 used: 15861 rdb: 2263
c o [rdb] cls before: 33915 after: 22833 low lbd: 451 lbd cutoff: 2 target computed: 20000 cannot be del : 199 used: 15318 rdb: 2266
c o [mem] consolidate  old-sz: 10857K new-sz: 3237K new bits offs: 19 T: 0.00
c o [rdb] cls before: 33813 after: 23870 low lbd: 451 lbd cutoff: 2 target computed: 20000 cannot be del : 228 used: 15891 rdb: 2269
c o [mem] consolidate  old-sz: 10452K new-sz: 3312K new bits offs: 19 T: 0.00
c o [rdb] cls before: 32273 after: 23412 low lbd: 451 lbd cutoff: 2 target computed: 20000 cannot be del : 295 used: 14998 rdb: 2272
c o [mem] consolidate  old-sz: 9122K new-sz: 3321K new bits offs: 19 T: 0.00
c o [rdb] cls before: 33316 after: 23781 low lbd: 451 lbd cutoff: 2 target computed: 20000 cannot be del : 233 used: 15577 rdb: 2275
c o [mem] consolidate  old-sz: 8876K new-sz: 3125K new bits offs: 19 T: 0.00
c o [rdb] cls before: 33099 after: 23090 low lbd: 451 lbd cutoff: 2 target computed: 20000 cannot be del : 240 used: 14494 rdb: 2278
c o [mem] consolidate  old-sz: 10526K new-sz: 3179K new bits offs: 19 T: 0.00
c o [rdb] cls before: 33089 after: 24289 low lbd: 451 lbd cutoff: 2 target computed: 20000 cannot be del : 274 used: 16335 rdb: 2281
c o [rdb] cls before: 34110 after: 24480 low lbd: 451 lbd cutoff: 2 target computed: 20000 cannot be del : 212 used: 16477 rdb: 2284
c o [mem] consolidate  old-sz: 10650K new-sz: 3494K new bits offs: 19 T: 0.00
c o [rdb] cls before: 33673 after: 24042 low lbd: 451 lbd cutoff: 2 target computed: 20000 cannot be del : 197 used: 15708 rdb: 2287
c o [mem] consolidate  old-sz: 9029K new-sz: 3312K new bits offs: 19 T: 0.00
c o [rdb] cls before: 33354 after: 24702 low lbd: 451 lbd cutoff: 2 target computed: 20000 cannot be del : 307 used: 17323 rdb: 2290
c o [mem] consolidate  old-sz: 10456K new-sz: 3285K new bits offs: 19 T: 0.00
c o [rdb] cls before: 34420 after: 23938 low lbd: 451 lbd cutoff: 2 target computed: 20000 cannot be del : 259 used: 15856 rdb: 2293
c o [mem] consolidate  old-sz: 9160K new-sz: 3492K new bits offs: 19 T: 0.00
c o [rdb] cls before: 33629 after: 23967 low lbd: 451 lbd cutoff: 2 target computed: 20000 cannot be del : 274 used: 15653 rdb: 2296
c o [mem] consolidate  old-sz: 10977K new-sz: 3266K new bits offs: 19 T: 0.00
c o [rdb] cls before: 33970 after: 22955 low lbd: 451 lbd cutoff: 2 target computed: 20000 cannot be del : 290 used: 14760 rdb: 2299
c o [rdb] cls before: 34540 after: 24057 low lbd: 451 lbd cutoff: 2 target computed: 20000 cannot be del : 261 used: 17206 rdb: 2302
c o [mem] consolidate  old-sz: 10704K new-sz: 3495K new bits offs: 19 T: 0.00
c o [rdb] cls before: 32419 after: 22825 low lbd: 451 lbd cutoff: 2 target computed: 20000 cannot be del : 299 used: 16139 rdb: 2305
c o [mem] consolidate  old-sz: 8935K new-sz: 3237K new bits offs: 19 T: 0.00
c o [rdb] cls before: 33561 after: 24239 low lbd: 451 lbd cutoff: 2 target computed: 20000 cannot be del : 239 used: 17467 rdb: 2308
c o [mem] consolidate  old-sz: 10400K new-sz: 3125K new bits offs: 19 T: 0.00
c o [rdb] cls before: 34380 after: 22672 low lbd: 451 lbd cutoff: 2 target computed: 20000 cannot be del : 246 used: 15156 rdb: 2311
c o [mem] consolidate  old-sz: 10195K new-sz: 3238K new bits offs: 19 T: 0.00
c o [rdb] cls before: 33070 after: 23926 low lbd: 451 lbd cutoff: 2 target computed: 20000 cannot be del : 259 used: 17020 rdb: 2314
c o [mem] consolidate  old-sz: 8215K new-sz: 3040K new bits offs: 19 T: 0.00
c o [rdb] cls before: 32843 after: 23465 low lbd: 451 lbd cutoff: 2 target computed: 20000 cannot be del : 226 used: 16730 rdb: 2317
c o [rdb] cls before: 33191 after: 23146 low lbd: 451 lbd cutoff: 2 target computed: 20000 cannot be del : 234 used: 16034 rdb: 2320
c o [mem] consolidate  old-sz: 10354K new-sz: 3280K new bits offs: 19 T: 0.00
c o [rdb] cls before: 33032 after: 22325 low lbd: 451 lbd cutoff: 2 target computed: 20000 cannot be del : 262 used: 14051 rdb: 2323
c o [mem] consolidate  old-sz: 8750K new-sz: 3277K new bits offs: 19 T: 0.00
c o [rdb] cls before: 33209 after: 22721 low lbd: 451 lbd cutoff: 2 target computed: 20000 cannot be del : 226 used: 15141 rdb: 2326
c o [mem] consolidate  old-sz: 10663K new-sz: 3384K new bits offs: 19 T: 0.00
c o [rdb] cls before: 33961 after: 23707 low lbd: 451 lbd cutoff: 2 target computed: 20000 cannot be del : 267 used: 16114 rdb: 2329
c o [mem] consolidate  old-sz: 10936K new-sz: 3414K new bits offs: 19 T: 0.00
c o [rdb] cls before: 33734 after: 23365 low lbd: 451 lbd cutoff: 2 target computed: 20000 cannot be del : 257 used: 16265 rdb: 2332
c o [rdb] cls before: 33817 after: 23173 low lbd: 451 lbd cutoff: 2 target computed: 20000 cannot be del : 224 used: 15458 rdb: 2335
c o [mem] consolidate  old-sz: 10840K new-sz: 3382K new bits offs: 19 T: 0.00
c o [rdb] cls before: 33311 after: 23737 low lbd: 451 lbd cutoff: 2 target computed: 20000 cannot be del : 242 used: 15806 rdb: 2338
c o [mem] consolidate  old-sz: 10262K new-sz: 3237K new bits offs: 19 T: 0.00
c o [rdb] cls before: 33484 after: 24023 low lbd: 451 lbd cutoff: 2 target computed: 20000 cannot be del : 209 used: 16732 rdb: 2341
c o [mem] consolidate  old-sz: 8695K new-sz: 3377K new bits offs: 19 T: 0.00
c o [rdb] cls before: 33497 after: 23634 low lbd: 451 lbd cutoff: 2 target computed: 20000 cannot be del : 226 used: 16070 rdb: 2344
c o [mem] consolidate  old-sz: 10679K new-sz: 3412K new bits offs: 19 T: 0.00
c o [rdb] cls before: 33986 after: 22854 low lbd: 451 lbd cutoff: 2 target computed: 20000 cannot be del : 208 used: 13937 rdb: 2347
c o [mem] consolidate  old-sz: 9062K new-sz: 3446K new bits offs: 19 T: 0.00
c o [rdb] cls before: 33717 after: 23927 low lbd: 451 lbd cutoff: 2 target computed: 20000 cannot be del : 255 used: 16517 rdb: 2350
c o [mem] consolidate  old-sz: 8858K new-sz: 3163K new bits offs: 19 T: 0.00
c o [rdb] cls before: 32514 after: 22780 low lbd: 451 lbd cutoff: 2 target computed: 20000 cannot be del : 258 used: 15443 rdb: 2353
c o [mem] consolidate  old-sz: 8517K new-sz: 3012K new bits offs: 19 T: 0.00
c o [rdb] cls before: 31477 after: 21831 low lbd: 451 lbd cutoff: 2 target computed: 20000 cannot be del : 243 used: 14520 rdb: 2356
c o [rdb] cls before: 32678 after: 23034 low lbd: 451 lbd cutoff: 2 target computed: 20000 cannot be del : 198 used: 16351 rdb: 2359
c o [mem] consolidate  old-sz: 10130K new-sz: 3177K new bits offs: 19 T: 0.00
c o [rdb] cls before: 32950 after: 22112 low lbd: 451 lbd cutoff: 2 target computed: 20000 cannot be del : 280 used: 14316 rdb: 2362
c o [mem] consolidate  old-sz: 8606K new-sz: 3136K new bits offs: 19 T: 0.00
c o [rdb] cls before: 33729 after: 22145 low lbd: 451 lbd cutoff: 2 target computed: 20000 cannot be del : 275 used: 14089 rdb: 2365
c o [mem] consolidate  old-sz: 10802K new-sz: 3506K new bits offs: 19 T: 0.00
c o [rdb] cls before: 33397 after: 23320 low lbd: 451 lbd cutoff: 2 target computed: 20000 cannot be del : 321 used: 15575 rdb: 2368
c o [mem] consolidate  old-sz: 10848K new-sz: 3312K new bits offs: 19 T: 0.00
c o [rdb] cls before: 33749 after: 23460 low lbd: 451 lbd cutoff: 2 target computed: 20000 cannot be del : 206 used: 15430 rdb: 2371
c o [mem] consolidate  old-sz: 8929K new-sz: 3331K new bits offs: 19 T: 0.00
c o [rdb] cls before: 32740 after: 23120 low lbd: 451 lbd cutoff: 2 target computed: 20000 cannot be del : 260 used: 15100 rdb: 2374
c o [rdb] cls before: 34175 after: 24237 low lbd: 451 lbd cutoff: 2 target computed: 20000 cannot be del : 293 used: 16532 rdb: 2377
c o [mem] consolidate  old-sz: 11075K new-sz: 3497K new bits offs: 19 T: 0.00
c o [rdb] cls before: 34034 after: 24410 low lbd: 451 lbd cutoff: 2 target computed: 20000 cannot be del : 198 used: 17012 rdb: 2380
c o [mem] consolidate  old-sz: 10675K new-sz: 3335K new bits offs: 19 T: 0.00
c o [rdb] cls before: 33726 after: 23883 low lbd: 451 lbd cutoff: 2 target computed: 20000 cannot be del : 207 used: 16672 rdb: 2383
c o [mem] consolidate  old-sz: 10583K new-sz: 3230K new bits offs: 19 T: 0.00
c o [rdb] cls before: 31922 after: 23082 low lbd: 451 lbd cutoff: 2 target computed: 20000 cannot be del : 319 used: 15337 rdb: 2386
c o [rdb] cls before: 33508 after: 21918 low lbd: 451 lbd cutoff: 2 target computed: 20000 cannot be del : 284 used: 14026 rdb: 2389
c o [mem] consolidate  old-sz: 10302K new-sz: 3056K new bits offs: 19 T: 0.00
c o [rdb] cls before: 33215 after: 22733 low lbd: 451 lbd cutoff: 2 target computed: 20000 cannot be del : 231 used: 14596 rdb: 2392
c o [mem] consolidate  old-sz: 10032K new-sz: 3227K new bits offs: 19 T: 0.00
c o [rdb] cls before: 33597 after: 23539 low lbd: 451 lbd cutoff: 2 target computed: 20000 cannot be del : 282 used: 15725 rdb: 2395
c o [mem] consolidate  old-sz: 8676K new-sz: 3325K new bits offs: 19 T: 0.00
c o [rdb] cls before: 33819 after: 24381 low lbd: 451 lbd cutoff: 2 target computed: 20000 cannot be del : 233 used: 16541 rdb: 2398
c o [mem] consolidate  old-sz: 10472K new-sz: 3261K new bits offs: 19 T: 0.00
c o [rdb] cls before: 33821 after: 23783 low lbd: 451 lbd cutoff: 2 target computed: 20000 cannot be del : 288 used: 15920 rdb: 2401
c o [rdb] cls before: 35003 after: 24171 low lbd: 451 lbd cutoff: 2 target computed: 20000 cannot be del : 230 used: 16633 rdb: 2404
c o [mem] consolidate  old-sz: 10552K new-sz: 3379K new bits offs: 19 T: 0.00
c o [rdb] cls before: 33265 after: 23877 low lbd: 451 lbd cutoff: 2 target computed: 20000 cannot be del : 267 used: 16521 rdb: 2407
c o [mem] consolidate  old-sz: 8782K new-sz: 3312K new bits offs: 19 T: 0.00
c o [rdb] cls before: 32400 after: 23312 low lbd: 451 lbd cutoff: 2 target computed: 20000 cannot be del : 201 used: 15453 rdb: 2410
c o [mem] consolidate  old-sz: 8515K new-sz: 3171K new bits offs: 19 T: 0.00
c o [rdb] cls before: 34569 after: 24414 low lbd: 451 lbd cutoff: 2 target computed: 20000 cannot be del : 215 used: 16510 rdb: 2413
c o [mem] consolidate  old-sz: 10240K new-sz: 3253K new bits offs: 19 T: 0.00
c o [rdb] cls before: 33870 after: 23499 low lbd: 451 lbd cutoff: 2 target computed: 20000 cannot be del : 248 used: 15932 rdb: 2416
c o [mem] consolidate  old-sz: 8404K new-sz: 3343K new bits offs: 19 T: 0.00
c o [rdb] cls before: 34228 after: 23952 low lbd: 451 lbd cutoff: 2 target computed: 20000 cannot be del : 212 used: 16532 rdb: 2419
c o [mem] consolidate  old-sz: 8590K new-sz: 3177K new bits offs: 19 T: 0.00
c o [rdb] cls before: 34142 after: 23649 low lbd: 451 lbd cutoff: 2 target computed: 20000 cannot be del : 224 used: 15259 rdb: 2422
c o [mem] consolidate  old-sz: 10584K new-sz: 3405K new bits offs: 19 T: 0.00
c o [rdb] cls before: 34736 after: 23742 low lbd: 451 lbd cutoff: 2 target computed: 20000 cannot be del : 202 used: 16106 rdb: 2425
c o [mem] consolidate  old-sz: 8763K new-sz: 3312K new bits offs: 19 T: 0.00
c o [rdb] cls before: 34125 after: 24858 low lbd: 451 lbd cutoff: 2 target computed: 20000 cannot be del : 280 used: 17310 rdb: 2428
c o [rdb] cls before: 34511 after: 24251 low lbd: 451 lbd cutoff: 2 target computed: 20000 cannot be del : 242 used: 17128 rdb: 2431
c o [mem] consolidate  old-sz: 10259K new-sz: 3162K new bits offs: 19 T: 0.00
c o [rdb] cls before: 34116 after: 24228 low lbd: 451 lbd cutoff: 2 target computed: 20000 cannot be del : 197 used: 16729 rdb: 2434
c o [mem] consolidate  old-sz: 8502K new-sz: 3262K new bits offs: 19 T: 0.00
c o [rdb] cls before: 33919 after: 24876 low lbd: 451 lbd cutoff: 2 target computed: 20000 cannot be del : 288 used: 17609 rdb: 2437
c o [mem] consolidate  old-sz: 10013K new-sz: 3182K new bits offs: 19 T: 0.00
c o [rdb] cls before: 33205 after: 23385 low lbd: 451 lbd cutoff: 2 target computed: 20000 cannot be del : 223 used: 15036 rdb: 2440
c o [mem] consolidate  old-sz: 8929K new-sz: 3310K new bits offs: 19 T: 0.00
c o [rdb] cls before: 33698 after: 23169 low lbd: 451 lbd cutoff: 2 target computed: 20000 cannot be del : 183 used: 14341 rdb: 2443
c o [mem] consolidate  old-sz: 10742K new-sz: 3315K new bits offs: 19 T: 0.00
c o [rdb] cls before: 33196 after: 23211 low lbd: 451 lbd cutoff: 2 target computed: 20000 cannot be del : 271 used: 15195 rdb: 2446
c o [rdb] cls before: 34381 after: 24099 low lbd: 451 lbd cutoff: 2 target computed: 20000 cannot be del : 295 used: 16189 rdb: 2449
c o [mem] consolidate  old-sz: 11206K new-sz: 3498K new bits offs: 19 T: 0.00
c o [rdb] cls before: 33482 after: 22418 low lbd: 451 lbd cutoff: 2 target computed: 20000 cannot be del : 283 used: 14360 rdb: 2452
c o [mem] consolidate  old-sz: 9083K new-sz: 3336K new bits offs: 19 T: 0.00
c o [rdb] cls before: 33259 after: 23272 low lbd: 451 lbd cutoff: 2 target computed: 20000 cannot be del : 205 used: 15017 rdb: 2455
c o [mem] consolidate  old-sz: 11354K new-sz: 3526K new bits offs: 19 T: 0.00
c o [rdb] cls before: 34115 after: 24096 low lbd: 451 lbd cutoff: 2 target computed: 20000 cannot be del : 237 used: 16857 rdb: 2458
c o [mem] consolidate  old-sz: 9298K new-sz: 3393K new bits offs: 19 T: 0.00
c o [rdb] cls before: 33184 after: 23644 low lbd: 451 lbd cutoff: 2 target computed: 20000 cannot be del : 285 used: 15991 rdb: 2461
c o [mem] consolidate  old-sz: 11702K new-sz: 3545K new bits offs: 19 T: 0.00
c o [rdb] cls before: 34093 after: 24138 low lbd: 451 lbd cutoff: 2 target computed: 20000 cannot be del : 237 used: 16661 rdb: 2464
c o [mem] consolidate  old-sz: 9812K new-sz: 3594K new bits offs: 19 T: 0.00
c o [rdb] cls before: 33501 after: 23109 low lbd: 451 lbd cutoff: 2 target computed: 20000 cannot be del : 307 used: 14816 rdb: 2467
c o [rdb] cls before: 33789 after: 23665 low lbd: 451 lbd cutoff: 2 target computed: 20000 cannot be del : 262 used: 16049 rdb: 2470
c o [mem] consolidate  old-sz: 11847K new-sz: 3520K new bits offs: 19 T: 0.00
c o [rdb] cls before: 32895 after: 23098 low lbd: 451 lbd cutoff: 2 target computed: 20000 cannot be del : 247 used: 15161 rdb: 2473
c o [mem] consolidate  old-sz: 9357K new-sz: 3497K new bits offs: 19 T: 0.00
c o [rdb] cls before: 34102 after: 23454 low lbd: 451 lbd cutoff: 2 target computed: 20000 cannot be del : 299 used: 15646 rdb: 2476
c o [mem] consolidate  old-sz: 10927K new-sz: 3275K new bits offs: 19 T: 0.00
c o [rdb] cls before: 33371 after: 22645 low lbd: 451 lbd cutoff: 2 target computed: 20000 cannot be del : 217 used: 15267 rdb: 2479
c o [mem] consolidate  old-sz: 10947K new-sz: 3281K new bits offs: 19 T: 0.00
c o [rdb] cls before: 31762 after: 22469 low lbd: 451 lbd cutoff: 2 target computed: 20000 cannot be del : 267 used: 14596 rdb: 2482
c o [rdb] cls before: 34001 after: 24335 low lbd: 451 lbd cutoff: 2 target computed: 20000 cannot be del : 253 used: 17645 rdb: 2485
c o [mem] consolidate  old-sz: 11631K new-sz: 4033K new bits offs: 19 T: 0.00
c o [rdb] cls before: 33174 after: 23401 low lbd: 451 lbd cutoff: 2 target computed: 20000 cannot be del : 209 used: 16560 rdb: 2488
c o [mem] consolidate  old-sz: 10662K new-sz: 3656K new bits offs: 19 T: 0.00
c o [rdb] cls before: 32230 after: 22271 low lbd: 451 lbd cutoff: 2 target computed: 20000 cannot be del : 176 used: 15125 rdb: 2491
c o [mem] consolidate  old-sz: 9651K new-sz: 3433K new bits offs: 19 T: 0.00
c o [rdb] cls before: 34363 after: 23581 low lbd: 451 lbd cutoff: 2 target computed: 20000 cannot be del : 227 used: 16599 rdb: 2494
c o [mem] consolidate  old-sz: 11266K new-sz: 3527K new bits offs: 19 T: 0.00
c o [rdb] cls before: 32723 after: 22762 low lbd: 451 lbd cutoff: 2 target computed: 20000 cannot be del : 243 used: 15706 rdb: 2497
c o [mem] consolidate  old-sz: 9476K new-sz: 3529K new bits offs: 19 T: 0.00
