c o Ganak SHA1: 70de63c2638b19d63bc8d68a494993bb70f274a8
c o Arjun SHA1: 70de63c2638b19d63bc8d68a494993bb70f274a8
c o SBVA SHA1: 70de63c2638b19d63bc8d68a494993bb70f274a8
c o CMS SHA1: 70de63c2638b19d63bc8d68a494993bb70f274a8
c o ApproxMC SHA1: GIT-hash-notfound
c o Using ideas by JM Lagniez, and Pierre Marquis
c o     from paper: Improving Model Counting [..] IJCAI 2016
c o Using VMTF, picosat, CaDiCaL, and CadiBack code by Armin Biere
c o CMS is MIT licensed
c o Using code from 'When Boolean Satisfiability Meets Gauss-E. in a Simplex Way'
c o       by C.-S. Han and J.-H. Roland Jiang in CAV 2012. Fixes by M. Soos
c o Using CCAnr from 'CCAnr: A Conf. Checking Based Local Search Solver [...]'
c o       by Shaowei Cai, Chuan Luo, and Kaile Su, SAT 2015
c o Using Oracle code from 'Integrating Tree Decompositions [...]'
c o       by Tuukka Korhonen and Matti Jarvisalo, CP 2021
c o Using Graph library by Tuukka Korhonen and Matti Jarvisalo
c o Using Flowcutter by Ben Strasser
c o Ganak compilation env CMAKE_CXX_COMPILER = /usr/bin/c++ | CMAKE_CXX_FLAGS =  -fno-stack-protector -msse4.2 -Wnull-dereference -Wdouble-promotion -Wshadow -Wformat=2 -Wextra-semi -pedantic | COMPILE_DEFINES =  -DNDEBUG -D_FORTIFY_SOURCE=0 | BUILD_SHARED_LIBS = OFF | ZLIB_FOUND = FALSE | ENABLE_ASSERTIONS = OFF | 
c o called with: /Users/konstantin.kutzkov/Desktop/Code/COCOA/ganak-canonical/build/ganak --prob 0 /Users/konstantin.kutzkov/Desktop/Code/SharpSAT/temp_cnf/mc2026_public/mc2026_track1_179.cnf
c o CNF projection set size: 2224
c o --> Executing strategy token: clean-cls
c o --> Executing strategy token: must-scc-vrepl
c o [scc] new: 0 BP 0M T: 0.00
c o [vrep] vars 0 lits 0 rem-bin-cls 0 rem-long-cls 0 BP 0M T: 0.00
c o [consolidate] mini T: 0.00
c o global_timeout_multiplier: 2.5
c o [branch] rebuilding order heap for all branchings. Current branching: vsids
c o [0m[arjun-simp] probing all sampling variables[0m
c o --> Executing strategy token: must-scc-vrepl
c o [scc] new: 0 BP 0M T: 0.00
c o [vrep] vars 0 lits 0 rem-bin-cls 0 rem-long-cls 0 BP 0M T: 0.00
c o [consolidate] mini T: 0.00
c o global_timeout_multiplier: 2.5
c o [branch] rebuilding order heap for all branchings. Current branching: vsids
c o [0m[arjun-simp] Removed set       : 1815 new size: 409[0m
c o [0m[arjun-simp] Removed eq lits: 0 new size: 409[0m
c o [0m[arjun-simp] probe removed: 1815 perc: 81.61 T: 0.00[0m
c o [0m[arjun-simp] Removed eq lits: 0 new size: 409[0m
c o [0m[arjun-simp] Removed set       : 0 new size: 409[0m
c o [0m[arjun-simp] get-empties removed: 72 perc: 17.60 total empties now: 72 T: 0.00[0m
c o [0m[arjun-simp] CMS::simplify() with no BVE, intree probe...[0m
c o --> Executing strategy token: str-impl
c [impl-str] lit bin: 0 set-var: 0 T: 0.00 T-out: N T-r: 100.00% w-visit: 4448
c o --> Executing strategy token: intree-probe
c o [scc] new: 0 BP 0M T: 0.00
c o [vrep] vars 0 lits 0 rem-bin-cls 0 rem-long-cls 0 BP 0M T: 0.00
c o [intree] Set 0 vars hyper-added: 0 trans-irred: 0 trans-red: 0 T: 0.00 T-out: N T-r: -0.01%
c o Executing OCC strategy token(s): 'occ-ternary-res,occ-backw-sub,
c o [occ] mem usage for occur      0 MB
c o [occ] Linked in IRRED BIN by default: 374
c o [occ] Linked in RED   BIN by default: 0
c o [occ] mem usage for occur      0 MB
c o Mem for watch alloc    : 0           MB (0.00      %)
c o Mem for watch array    : 0           MB (0.00      %)
c o Executing OCC strategy token: occ-ternary-res
c o [occ-ternary-res] Ternary res-tri: 0 res-bin: 0 sub: 0 str: 0 T: 0.00 T-out: N T-r: 100.00%
c o Executing OCC strategy token: occ-backw-sub
c o [occ-backw-sub-long-w-long] rem cl: 0 tried: 59/59 (100.0%) T: 0.00 T-out: N T-r: 100.00%
c o --> Executing strategy token: distill-litrem
c [distill-litrem] useful: 0/177/59 lits-rem: 0 0-depth-assigns: 0 T: 0.00 T-out: N
c o --> Executing strategy token: must-distill-cls
c o [distill-long-irred] cls tried: 59/59 T: 0.00 T-out: N T-r: 99.99%
c o [distill-long-irred] cls tried: 59/59 T: 0.00 T-out: N T-r: 99.99%
c o --> Executing strategy token: distill-bins
c o [distill-bin] useful: 0/374/374 lits-rem: 0 cl-rem: 0 0-depth-assigns: 0 T: 0.00 T-out: N
c o --> Executing strategy token: oracle-vivif-veryfast
c o --> Executing strategy token: must-renumber
c o [oracle-bin] potential pairs: 551 T: 0.0
c o --> Executing strategy token: must-scc-vrepl
c o [scc] new: 0 BP 0M T: 0.00
c o [vrep] vars 0 lits 0 rem-bin-cls 0 rem-long-cls 0 BP 0M T: 0.00
c o [oracle-vivif] lits-rem: 0 learnt-units: 0 T-out: N T-remain: 99.6% T: 0.00
c o [oracle-bin] bin-added: 201 equiv-added: 0 T-out: N T-remain: 99.90% T: 0.00
c o [oracle-vivif] cache usefulness: 79% total T: 0.01
c o [consolidate] mini T: 0.00
c o global_timeout_multiplier: 2.5000
c o [branch] rebuilding order heap for all branchings. Current branching: vsids
c o --> Executing strategy token: scc-vrepl
c o [scc] new: 0 BP 0M T: 0.00
c o [vrep] vars 0 lits 0 rem-bin-cls 0 rem-long-cls 0 BP 0M T: 0.00
c o --> Executing strategy token: sub-impl
c o [impl-sub] bin: 201 T: 0.00 T-out: N w-visit: 4448
c o --> Executing strategy token: breakid
c o Executing OCC strategy token(s): 'occ-backw-sub-str,occ-clean-implicit,occ-bve,occ-bva,occ-ternary-res,occ-xor,
c o [occ] mem usage for occur      0 MB
c o [occ] Linked in IRRED BIN by default: 374
c o [occ] Linked in RED   BIN by default: 0
c o [occ] mem usage for occur      0 MB
c o Mem for watch alloc    : 0           MB (0.00      %)
c o Mem for watch array    : 0           MB (0.00      %)
c o Executing OCC strategy token: occ-backw-sub-str
c o [occ-backw-sub-str-long-w-bins] subs: 0 str: 0 tried: 374 0-depth ass: 0 T: 0.00 T-out: N T-r: 99.95%
c o [occ-backw-sub-long-w-long] rem cl: 0 tried: 59/59 (100.0%) T: 0.00 T-out: N T-r: 100.00%
c o [occ-backw-sub-str-long-w-long] sub: 0 str: 0 tried: 177/59 (300.0)  T: 0.00 T-out: N T-r: 99.99%
c o Executing OCC strategy token: occ-clean-implicit
c o Executing OCC strategy token: occ-bve
c o Executing OCC strategy token: occ-bva
c o Executing OCC strategy token: occ-ternary-res
c o [occ-ternary-res] Ternary res-tri: 0 res-bin: 0 sub: 0 str: 0 T: 0.00 T-out: N T-r: 100.00%
c o Executing OCC strategy token: occ-xor
c o --> Executing strategy token: card-find
c o --> Executing strategy token: cl-consolidate
c o Not consolidating memory.
c o --> Executing strategy token: scc-vrepl
c o [scc] new: 0 BP 0M T: 0.00
c o [vrep] vars 0 lits 0 rem-bin-cls 0 rem-long-cls 0 BP 0M T: 0.00
c o --> Executing strategy token: renumber
c o --> Executing strategy token: louvain-comms
c o [consolidate] mini T: 0.00
c o global_timeout_multiplier: 2.5000
c o [branch] rebuilding order heap for all branchings. Current branching: vsids
c o [0m[arjun-simp] Removed set       : 0 new size: 337[0m
c o [0m[arjun-simp] CMS::simplify() with no BVE finished. T: 0.0082[0m
c o [0mWARNING: Turning off gates, because the sampling size is small, so we can just do it. Size: 337[0m
c o --> Executing strategy token: must-scc-vrepl
c o [scc] new: 0 BP 0M T: 0.00
c o [vrep] vars 0 lits 0 rem-bin-cls 0 rem-long-cls 0 BP 0M T: 0.00
c o --> Executing strategy token: clean-cls
c o --> Executing strategy token: sub-impl
c o [impl-sub] bin: 0 T: 0.00 T-out: N w-visit: 4448
c o [consolidate] mini T: 0.00
c o global_timeout_multiplier: 2.5000
c o [branch] rebuilding order heap for all branchings. Current branching: vsids
c o [0m[arjun-simp] Removed eq lits: 0 new size: 337[0m
c o [0m[arjun-simp] Removed set       : 0 new size: 337[0m
c o [0m[arjun-simp] get-empties removed: 0 perc: 0.00 total empties now: 72 T: 0.00[0m
c o [0m[arjun-simp] probing all sampling variables[0m
c o [0m[arjun-simp] Removed set       : 0 new size: 337[0m
c o [0m[arjun-simp] Removed eq lits: 0 new size: 337[0m
c o [0m[arjun-simp] probe removed: 0 perc: 0.00 T: 0.00[0m
c o [0m[arjun-simp] Removed eq lits: 0 new size: 337[0m
c o [0m[arjun-simp] Removed set       : 0 new size: 337[0m
c o [0m[arjun-simp] get-empties removed: 0 perc: 0.00 total empties now: 72 T: 0.00[0m
c o [0m[arjun] simplification finished  removed: 1887 perc: 84.85 T: 0.01[0m
c o [0m[arjun] Duplicating CNF...[0m
c o [0m[arjun] Duplicated CNF. T: 0.00[0m
c o [0m[arjun] CMS::simplify() with *only* BVE...[0m
c o Executing OCC strategy token(s): 'occ-bve,
c o [occ] mem usage for occur      0 MB
c o [occ] Linked in IRRED BIN by default: 1787
c o [occ] Linked in RED   BIN by default: 0
c o [occ] mem usage for occur      0 MB
c o Mem for watch alloc    : 0           MB (0.00      %)
c o Mem for watch array    : 0           MB (0.00      %)
c o Executing OCC strategy token: occ-bve
c o [occ-empty-res] Empty resolvent elimed: 195 T: 0.00 T-out: N
c o [occ-bve] iter v-elim 830
c o cl_inc_rate=0.51, var_dec_rate=2.11 (grow=0)
c o Reduced to 767 vars, 1134 cls (grow=0)
c o [occ-bve] iter v-elim 17
c o cl_inc_rate=1.02, var_dec_rate=1.02 (grow=3)
c o Reduced to 750 vars, 1156 cls (grow=3)
c o [occ-bve] iter v-elim 3
c o cl_inc_rate=1.01, var_dec_rate=1.00 (grow=4)
c o Reduced to 747 vars, 1168 cls (grow=4)
c o x n vars       : 747
c o #try to eliminate:  1489
c o #var-elim        :   850
c o #T-o: N
c o #T-r: 100.00%
c o #T  : 0.01
c o [occur] 0.00 is overhead
c o [occur] link-in T: 0.00 cleanup T: 0.00
c o [occ-xor-bve] elimed: 0 T: 0.00 T-out: N
c o [consolidate] mini T: 0.00
c o global_timeout_multiplier: 2.5000
c o [branch] rebuilding order heap for all branchings. Current branching: vsids
c o [0m[arjun] CMS::simplify() with *only* BVE finished. T: 0.0113[0m
c o [0m[arjun] Adding fixed clauses time: 0.0001[0m
c o [0m[backward FAST] Start unknown size: 337[0m
c o [0m[31m[arjun] backward round finished. U:  I: 337 T: 0.01[0m
c o [0m[arjun] run_minimize_indep finished T: 0.03[0m
c o --> Executing strategy token: must-scc-vrepl
c o [scc] new: 0 BP 0M T: 0.00
c o [vrep] vars 0 lits 0 rem-bin-cls 0 rem-long-cls 0 BP 0M T: 0.00
c o --> Executing strategy token: full-probe
c o [full-probe]  bin_only: 0 set: 0 repl: 0 T: 0.00 T-out: N T-r: 99.98%
c o --> Executing strategy token: sub-impl
c o [impl-sub] bin: 0 T: 0.00 T-out: N w-visit: 4448
c o --> Executing strategy token: sub-cls-with-bin
c o [distill] watch-based irred--  cl tried       59 cl-sh     0 cl-rem    0 lit-rem      0 T: 0.00 T-out: N
c o [distill] watch-based   red--  cl tried        0 cl-sh     0 cl-rem    0 lit-rem      0 T: 0.00 T-out: N
c o --> Executing strategy token: distill-cls-onlyrem
c o [distill-long-irred] cls tried: 59/59 T: 0.00 T-out: N T-r: 100.00%
c o Executing OCC strategy token(s): 'occ-backw-sub,occ-resolv-subs,occ-rem-with-orgates,occ-ternary-res,
c o [occ] mem usage for occur      0 MB
c o [occ] Linked in IRRED BIN by default: 374
c o [occ] Linked in RED   BIN by default: 0
c o Mem for watch alloc    : 0           MB (0.00      %)
c o Mem for watch array    : 0           MB (0.00      %)
c o Executing OCC strategy token: occ-backw-sub
c o [occ-backw-sub-long-w-long] rem cl: 0 tried: 59/59 (100.0%) T: 0.00 T-out: N T-r: 100.00%
c o Executing OCC strategy token: occ-resolv-subs
c o [occ-resolv-subs] removed: 0 checked: 548 T: 0.0
c o Executing OCC strategy token: occ-rem-with-orgates
c o [occ-gates] found:     0 avg-s: 0.0 T: 0.00 T-out: N T-r: 99.99%
c o [occ-gate-based-lit-rem] lit-rem: 0 cl-rem: 0 T: 0.00 T-out: N
c o Executing OCC strategy token: occ-ternary-res
c o [occ-ternary-res] Ternary res-tri: 0 res-bin: 0 sub: 0 str: 0 T: 0.00 T-out: N T-r: 100.00%
c o --> Executing strategy token: must-scc-vrepl
c o [scc] new: 0 BP 0M T: 0.00
c o [vrep] vars 0 lits 0 rem-bin-cls 0 rem-long-cls 0 BP 0M T: 0.00
c o Executing OCC strategy token(s): 'occ-bve,
c o [occ] mem usage for occur      0 MB
c o [occ] Linked in IRRED BIN by default: 374
c o [occ] Linked in RED   BIN by default: 0
c o Mem for watch alloc    : 0           MB (0.00      %)
c o Mem for watch array    : 0           MB (0.00      %)
c o Executing OCC strategy token: occ-bve
c o [occ-empty-res] Empty resolvent elimed: 72 T: 0.00 T-out: N
c o [occ-bve] iter v-elim 0
c o cl_inc_rate=1.00, var_dec_rate=1.00 (grow=0)
c o Reduced to 337 vars, 433 cls (grow=0)
c o x n vars       : 337
c o #try to eliminate:     0
c o #var-elim        :     0
c o #T-o: N
c o #T-r: 100.00%
c o #T  : 0.00
c o [occur] 0.00 is overhead
c o [occur] link-in T: 0.00 cleanup T: 0.00
c o [occ-xor-bve] elimed: 0 T: 0.00 T-out: N
c o --> Executing strategy token: sub-impl
c o [impl-sub] bin: 0 T: 0.00 T-out: N w-visit: 4448
c o --> Executing strategy token: distill-cls-onlyrem
c o [distill-long-irred] cls tried: 59/59 T: 0.00 T-out: N T-r: 100.00%
c o --> Executing strategy token: intree-probe
c o [scc] new: 0 BP 0M T: 0.00
c o [vrep] vars 0 lits 0 rem-bin-cls 0 rem-long-cls 0 BP 0M T: 0.00
c o [intree] Set 0 vars hyper-added: 0 trans-irred: 0 trans-red: 0 T: 0.00 T-out: N T-r: 0.00%
c o Executing OCC strategy token(s): 'occ-backw-sub-str,
c o [occ] mem usage for occur      0 MB
c o [occ] Linked in IRRED BIN by default: 374
c o [occ] Linked in RED   BIN by default: 0
c o Mem for watch alloc    : 0           MB (0.00      %)
c o Mem for watch array    : 0           MB (0.00      %)
c o Executing OCC strategy token: occ-backw-sub-str
c o [occ-backw-sub-str-long-w-bins] subs: 0 str: 0 tried: 374 0-depth ass: 0 T: 0.00 T-out: N T-r: 99.96%
c o [occ-backw-sub-long-w-long] rem cl: 0 tried: 59/59 (100.0%) T: 0.00 T-out: N T-r: 100.00%
c o [occ-backw-sub-str-long-w-long] sub: 0 str: 0 tried: 177/59 (300.0)  T: 0.00 T-out: N T-r: 100.00%
c o --> Executing strategy token: sub-str-cls-with-bin
c o [distill] watch-based irred--  cl tried      118 cl-sh     0 cl-rem    0 lit-rem      0 T: 0.00 T-out: N
c o [distill] watch-based   red--  cl tried        0 cl-sh     0 cl-rem    0 lit-rem      0 T: 0.00 T-out: N
c o --> Executing strategy token: clean-cls
c o --> Executing strategy token: distill-cls
c o [distill-long-irred] cls tried: 59/59 T: 0.00 T-out: N T-r: 100.00%
c o [distill-long-irred] cls tried: 59/59 T: 0.00 T-out: N T-r: 100.00%
c o --> Executing strategy token: distill-bins
c o [distill-bin] useful: 0/374/374 lits-rem: 0 cl-rem: 0 0-depth-assigns: 0 T: 0.00 T-out: N
c o [consolidate] mini T: 0.00
c o global_timeout_multiplier: 3.3000
c o [branch] rebuilding order heap for all branchings. Current branching: vsids
c o --> Executing strategy token: must-scc-vrepl
c o [scc] new: 0 BP 0M T: 0.00
c o [vrep] vars 0 lits 0 rem-bin-cls 0 rem-long-cls 0 BP 0M T: 0.00
c o --> Executing strategy token: full-probe
c o [full-probe]  bin_only: 0 set: 0 repl: 0 T: 0.00 T-out: N T-r: 99.98%
c o --> Executing strategy token: sub-impl
c o [impl-sub] bin: 0 T: 0.00 T-out: N w-visit: 4448
c o --> Executing strategy token: sub-cls-with-bin
c o [distill] watch-based irred--  cl tried       59 cl-sh     0 cl-rem    0 lit-rem      0 T: 0.00 T-out: N
c o [distill] watch-based   red--  cl tried        0 cl-sh     0 cl-rem    0 lit-rem      0 T: 0.00 T-out: N
c o --> Executing strategy token: distill-cls-onlyrem
c o [distill-long-irred] cls tried: 59/59 T: 0.00 T-out: N T-r: 100.00%
c o Executing OCC strategy token(s): 'occ-backw-sub,occ-resolv-subs,occ-rem-with-orgates,occ-ternary-res,
c o [occ] mem usage for occur      0 MB
c o [occ] Linked in IRRED BIN by default: 374
c o [occ] Linked in RED   BIN by default: 0
c o Mem for watch alloc    : 0           MB (0.00      %)
c o Mem for watch array    : 0           MB (0.00      %)
c o Executing OCC strategy token: occ-backw-sub
c o [occ-backw-sub-long-w-long] rem cl: 0 tried: 59/59 (100.0%) T: 0.00 T-out: N T-r: 100.00%
c o Executing OCC strategy token: occ-resolv-subs
c o [occ-resolv-subs] removed: 0 checked: 548 T: 0.0
c o Executing OCC strategy token: occ-rem-with-orgates
c o [occ-gates] found:     0 avg-s: 0.0 T: 0.00 T-out: N T-r: 99.99%
c o [occ-gate-based-lit-rem] lit-rem: 0 cl-rem: 0 T: 0.00 T-out: N
c o Executing OCC strategy token: occ-ternary-res
c o [occ-ternary-res] Ternary res-tri: 0 res-bin: 0 sub: 0 str: 0 T: 0.00 T-out: N T-r: 100.00%
c o --> Executing strategy token: must-scc-vrepl
c o [scc] new: 0 BP 0M T: 0.00
c o [vrep] vars 0 lits 0 rem-bin-cls 0 rem-long-cls 0 BP 0M T: 0.00
c o Executing OCC strategy token(s): 'occ-bve,
c o [occ] mem usage for occur      0 MB
c o [occ] Linked in IRRED BIN by default: 374
c o [occ] Linked in RED   BIN by default: 0
c o Mem for watch alloc    : 0           MB (0.00      %)
c o Mem for watch array    : 0           MB (0.00      %)
c o Executing OCC strategy token: occ-bve
c o [occ-empty-res] Empty resolvent elimed: 0 T: 0.00 T-out: N
c o [occ-bve] iter v-elim 0
c o cl_inc_rate=1.00, var_dec_rate=1.00 (grow=0)
c o Reduced to 337 vars, 433 cls (grow=0)
c o x n vars       : 337
c o #try to eliminate:     0
c o #var-elim        :     0
c o #T-o: N
c o #T-r: 100.00%
c o #T  : 0.00
c o [occur] 0.00 is overhead
c o [occur] link-in T: 0.00 cleanup T: 0.00
c o [occ-xor-bve] elimed: 0 T: 0.00 T-out: N
c o --> Executing strategy token: sub-impl
c o [impl-sub] bin: 0 T: 0.00 T-out: N w-visit: 4448
c o --> Executing strategy token: distill-cls-onlyrem
c o [distill-long-irred] cls tried: 59/59 T: 0.00 T-out: N T-r: 100.00%
c o --> Executing strategy token: intree-probe
c o [scc] new: 0 BP 0M T: 0.00
c o [vrep] vars 0 lits 0 rem-bin-cls 0 rem-long-cls 0 BP 0M T: 0.00
c o [intree] Set 0 vars hyper-added: 0 trans-irred: 0 trans-red: 0 T: 0.00 T-out: N T-r: -0.00%
c o Executing OCC strategy token(s): 'occ-backw-sub-str,
c o [occ] mem usage for occur      0 MB
c o [occ] Linked in IRRED BIN by default: 374
c o [occ] Linked in RED   BIN by default: 0
c o Mem for watch alloc    : 0           MB (0.00      %)
c o Mem for watch array    : 0           MB (0.00      %)
c o Executing OCC strategy token: occ-backw-sub-str
c o [occ-backw-sub-str-long-w-bins] subs: 0 str: 0 tried: 748 0-depth ass: 0 T: 0.00 T-out: N T-r: 99.96%
c o [occ-backw-sub-long-w-long] rem cl: 0 tried: 59/59 (100.0%) T: 0.00 T-out: N T-r: 100.00%
c o [occ-backw-sub-str-long-w-long] sub: 0 str: 0 tried: 177/59 (300.0)  T: 0.00 T-out: N T-r: 100.00%
c o --> Executing strategy token: sub-str-cls-with-bin
c o [distill] watch-based irred--  cl tried      118 cl-sh     0 cl-rem    0 lit-rem      0 T: 0.00 T-out: N
c o [distill] watch-based   red--  cl tried        0 cl-sh     0 cl-rem    0 lit-rem      0 T: 0.00 T-out: N
c o --> Executing strategy token: clean-cls
c o --> Executing strategy token: distill-cls
c o [distill-long-irred] cls tried: 59/59 T: 0.00 T-out: N T-r: 100.00%
c o [distill-long-irred] cls tried: 59/59 T: 0.00 T-out: N T-r: 100.00%
c o --> Executing strategy token: distill-bins
c o [distill-bin] useful: 0/374/374 lits-rem: 0 cl-rem: 0 0-depth-assigns: 0 T: 0.00 T-out: N
c o [consolidate] mini T: 0.00
c o global_timeout_multiplier: 3.3000
c o [branch] rebuilding order heap for all branchings. Current branching: vsids
c o [backbone-simpl] ccnr sols: 10 drop_cands: 339 T: 0.00
c o [backbone-simpl] cadiback called with -- lits: 925 num cls: 2248 num vars: 2224
c o [backbone-simpl] res: 10 num units added: 0 num eq added: 0 num bins: 0 T: 0.01
c o --> Executing strategy token: must-scc-vrepl
c o [scc] new: 0 BP 0M T: 0.00
c o [vrep] vars 0 lits 0 rem-bin-cls 0 rem-long-cls 0 BP 0M T: 0.00
c o --> Executing strategy token: must-renumber
c o [renumber] T: 0.00
c o [consolidate] mini T: 0.00
c o global_timeout_multiplier: 3.3000
c o [branch] rebuilding order heap for all branchings. Current branching: vsids
c o --> Executing strategy token: oracle-vivif-sparsify
c o --> Executing strategy token: must-renumber
c o [renumber] T: 0.00
c o [oracle-bin] potential pairs: 551 T: 0.0001
c o --> Executing strategy token: must-scc-vrepl
c o [scc] new: 0 BP 0M T: 0.00
c o [vrep] vars 0 lits 0 rem-bin-cls 0 rem-long-cls 0 BP 0M T: 0.00
c o [oracle-vivif] lits-rem: 0 learnt-units: 0 T-out: N T-remain: 99.9959% T: 0.00
c o [oracle-bin] bin-added: 276 equiv-added: 0 T-out: N T-remain: 99.91% T: 0.00
c o [oracle-vivif] cache usefulness: 63% total T: 0.00
c o --> Executing strategy token: sub-impl
c o [impl-sub] bin: 276 T: 0.00 T-out: N w-visit: 674
c o Executing OCC strategy token(s): 'occ-backw-sub,
c o [occ] mem usage for occur      0 MB
c o [occ] Linked in IRRED BIN by default: 374
c o [occ] Linked in RED   BIN by default: 0
c o Mem for watch alloc    : 0           MB (0.00      %)
c o Mem for watch array    : 0           MB (0.00      %)
c o Executing OCC strategy token: occ-backw-sub
c o [occ-backw-sub-long-w-long] rem cl: 0 tried: 59/59 (100.0%) T: 0.00 T-out: N T-r: 100.00%
c o --> Executing strategy token: must-renumber
c o [renumber] T: 0.00
c o [oracle-sparsify] done with 10 % oracle mems:     0 ccnr useful: 100.0% T: 0.0
c o [oracle-sparsify] done with 20 % oracle mems:     0 ccnr useful: 100.0% T: 0.0
c o [oracle-sparsify] done with 30 % oracle mems:     0 ccnr useful: 100.0% T: 0.0
c o [oracle-sparsify] done with 40 % oracle mems:     0 ccnr useful: 100.0% T: 0.0
c o [oracle-sparsify] done with 50 % oracle mems:     0 ccnr useful: 100.0% T: 0.0
c o [oracle-sparsify] done with 60 % oracle mems:     0 ccnr useful: 100.0% T: 0.0
c o [oracle-sparsify] done with 70 % oracle mems:     0 ccnr useful: 100.0% T: 0.0
c o [oracle-sparsify] done with 80 % oracle mems:     0 ccnr useful: 100.0% T: 0.0
c o [oracle-sparsify] done with 90 % oracle mems:     0 ccnr useful: 100.0% T: 0.0
c o [oracle-sparsify] removed: 0 of which bin: 0 tot considered: 433 ccnr useful: 433 oracle uknown: 0 cache useful: 0% learnt-units: 0 T: 0.00 buildT: 0.00
c o [consolidate] mini T: 0.00
c o global_timeout_multiplier: 3.3000
c o [branch] rebuilding order heap for all branchings. Current branching: vsids
c o --> Executing strategy token: must-scc-vrepl
c o [scc] new: 0 BP 0M T: 0.00
c o [vrep] vars 0 lits 0 rem-bin-cls 0 rem-long-cls 0 BP 0M T: 0.00
c o --> Executing strategy token: full-probe
c o [full-probe]  bin_only: 0 set: 0 repl: 0 T: 0.00 T-out: N T-r: 99.98%
c o --> Executing strategy token: sub-impl
c o [impl-sub] bin: 0 T: 0.00 T-out: N w-visit: 674
c o --> Executing strategy token: sub-cls-with-bin
c o [distill] watch-based irred--  cl tried       59 cl-sh     0 cl-rem    0 lit-rem      0 T: 0.00 T-out: N
c o [distill] watch-based   red--  cl tried        0 cl-sh     0 cl-rem    0 lit-rem      0 T: 0.00 T-out: N
c o --> Executing strategy token: distill-cls-onlyrem
c o [distill-long-irred] cls tried: 59/59 T: 0.00 T-out: N T-r: 100.00%
c o Executing OCC strategy token(s): 'occ-backw-sub,occ-resolv-subs,occ-rem-with-orgates,occ-ternary-res,
c o [occ] mem usage for occur      0 MB
c o [occ] Linked in IRRED BIN by default: 374
c o [occ] Linked in RED   BIN by default: 0
c o [occ] mem usage for occur      0 MB
c o Mem for watch alloc    : 0           MB (0.00      %)
c o Mem for watch array    : 0           MB (0.00      %)
c o Executing OCC strategy token: occ-backw-sub
c o [occ-backw-sub-long-w-long] rem cl: 0 tried: 59/59 (100.0%) T: 0.00 T-out: N T-r: 100.00%
c o Executing OCC strategy token: occ-resolv-subs
c o [occ-resolv-subs] removed: 0 checked: 548 T: 0.0
c o Executing OCC strategy token: occ-rem-with-orgates
c o [occ-gates] found:     0 avg-s: 0.0 T: 0.00 T-out: N T-r: 99.99%
c o [occ-gate-based-lit-rem] lit-rem: 0 cl-rem: 0 T: 0.00 T-out: N
c o Executing OCC strategy token: occ-ternary-res
c o [occ-ternary-res] Ternary res-tri: 0 res-bin: 0 sub: 0 str: 0 T: 0.00 T-out: N T-r: 100.00%
c o --> Executing strategy token: must-scc-vrepl
c o [scc] new: 0 BP 0M T: 0.00
c o [vrep] vars 0 lits 0 rem-bin-cls 0 rem-long-cls 0 BP 0M T: 0.00
c o Executing OCC strategy token(s): 'occ-bve,
c o [occ] mem usage for occur      0 MB
c o [occ] Linked in IRRED BIN by default: 374
c o [occ] Linked in RED   BIN by default: 0
c o [occ] mem usage for occur      0 MB
c o Mem for watch alloc    : 0           MB (0.00      %)
c o Mem for watch array    : 0           MB (0.00      %)
c o Executing OCC strategy token: occ-bve
c o [occ-empty-res] Empty resolvent elimed: 0 T: 0.00 T-out: N
c o [occ-bve] iter v-elim 0
c o cl_inc_rate=1.00, var_dec_rate=1.00 (grow=0)
c o Reduced to 337 vars, 433 cls (grow=0)
c o [occ-bve] iter v-elim 0
c o cl_inc_rate=1.00, var_dec_rate=1.00 (grow=3)
c o Reduced to 337 vars, 433 cls (grow=3)
c o [occ-bve] iter v-elim 0
c o cl_inc_rate=1.00, var_dec_rate=1.00 (grow=4)
c o Reduced to 337 vars, 433 cls (grow=4)
c o [occ-bve] iter v-elim 0
c o cl_inc_rate=1.00, var_dec_rate=1.00 (grow=6)
c o Reduced to 337 vars, 433 cls (grow=6)
c o x n vars       : 337
c o #try to eliminate:     0
c o #var-elim        :     0
c o #T-o: N
c o #T-r: 100.00%
c o #T  : 0.00
c o [occur] 0.00 is overhead
c o [occur] link-in T: 0.00 cleanup T: 0.00
c o [occ-xor-bve] elimed: 0 T: 0.00 T-out: N
c o --> Executing strategy token: sub-impl
c o [impl-sub] bin: 0 T: 0.00 T-out: N w-visit: 674
c o --> Executing strategy token: distill-cls-onlyrem
c o [distill-long-irred] cls tried: 59/59 T: 0.00 T-out: N T-r: 100.00%
c o --> Executing strategy token: intree-probe
c o [scc] new: 0 BP 0M T: 0.00
c o [vrep] vars 0 lits 0 rem-bin-cls 0 rem-long-cls 0 BP 0M T: 0.00
c o [intree] Set 0 vars hyper-added: 0 trans-irred: 0 trans-red: 0 T: 0.00 T-out: N T-r: -0.00%
c o Executing OCC strategy token(s): 'occ-backw-sub-str,
c o [occ] mem usage for occur      0 MB
c o [occ] Linked in IRRED BIN by default: 374
c o [occ] Linked in RED   BIN by default: 0
c o [occ] mem usage for occur      0 MB
c o Mem for watch alloc    : 0           MB (0.00      %)
c o Mem for watch array    : 0           MB (0.00      %)
c o Executing OCC strategy token: occ-backw-sub-str
c o [occ-backw-sub-str-long-w-bins] subs: 0 str: 0 tried: 1122 0-depth ass: 0 T: 0.00 T-out: N T-r: 99.96%
c o [occ-backw-sub-long-w-long] rem cl: 0 tried: 59/59 (100.0%) T: 0.00 T-out: N T-r: 100.00%
c o [occ-backw-sub-str-long-w-long] sub: 0 str: 0 tried: 177/59 (300.0)  T: 0.00 T-out: N T-r: 100.00%
c o --> Executing strategy token: sub-str-cls-with-bin
c o [distill] watch-based irred--  cl tried      118 cl-sh     0 cl-rem    0 lit-rem      0 T: 0.00 T-out: N
c o [distill] watch-based   red--  cl tried        0 cl-sh     0 cl-rem    0 lit-rem      0 T: 0.00 T-out: N
c o --> Executing strategy token: clean-cls
c o --> Executing strategy token: distill-cls
c o [distill-long-irred] cls tried: 59/59 T: 0.00 T-out: N T-r: 100.00%
c o [distill-long-irred] cls tried: 59/59 T: 0.00 T-out: N T-r: 100.00%
c o --> Executing strategy token: distill-bins
c o [distill-bin] useful: 0/374/374 lits-rem: 0 cl-rem: 0 0-depth-assigns: 0 T: 0.00 T-out: N
c o Executing OCC strategy token(s): 'occ-backw-sub,
c o [occ] mem usage for occur      0 MB
c o [occ] Linked in IRRED BIN by default: 374
c o [occ] Linked in RED   BIN by default: 0
c o [occ] mem usage for occur      0 MB
c o Mem for watch alloc    : 0           MB (0.00      %)
c o Mem for watch array    : 0           MB (0.00      %)
c o Executing OCC strategy token: occ-backw-sub
c o [occ-backw-sub-long-w-long] rem cl: 0 tried: 59/59 (100.0%) T: 0.00 T-out: N T-r: 100.00%
c o [consolidate] mini T: 0.00
c o global_timeout_multiplier: 3.3000
c o [branch] rebuilding order heap for all branchings. Current branching: vsids
c o --> Executing strategy token: must-scc-vrepl
c o [scc] new: 0 BP 0M T: 0.00
c o [vrep] vars 0 lits 0 rem-bin-cls 0 rem-long-cls 0 BP 0M T: 0.00
c o --> Executing strategy token: full-probe
c o [full-probe]  bin_only: 0 set: 0 repl: 0 T: 0.00 T-out: N T-r: 99.98%
c o --> Executing strategy token: sub-impl
c o [impl-sub] bin: 0 T: 0.00 T-out: N w-visit: 674
c o --> Executing strategy token: sub-cls-with-bin
c o [distill] watch-based irred--  cl tried       59 cl-sh     0 cl-rem    0 lit-rem      0 T: 0.00 T-out: N
c o [distill] watch-based   red--  cl tried        0 cl-sh     0 cl-rem    0 lit-rem      0 T: 0.00 T-out: N
c o --> Executing strategy token: distill-cls-onlyrem
c o [distill-long-irred] cls tried: 59/59 T: 0.00 T-out: N T-r: 100.00%
c o Executing OCC strategy token(s): 'occ-backw-sub,occ-resolv-subs,occ-rem-with-orgates,occ-ternary-res,
c o [occ] mem usage for occur      0 MB
c o [occ] Linked in IRRED BIN by default: 374
c o [occ] Linked in RED   BIN by default: 0
c o [occ] mem usage for occur      0 MB
c o Mem for watch alloc    : 0           MB (0.00      %)
c o Mem for watch array    : 0           MB (0.00      %)
c o Executing OCC strategy token: occ-backw-sub
c o [occ-backw-sub-long-w-long] rem cl: 0 tried: 59/59 (100.0%) T: 0.00 T-out: N T-r: 100.00%
c o Executing OCC strategy token: occ-resolv-subs
c o [occ-resolv-subs] removed: 0 checked: 548 T: 0.0
c o Executing OCC strategy token: occ-rem-with-orgates
c o [occ-gates] found:     0 avg-s: 0.0 T: 0.00 T-out: N T-r: 99.99%
c o [occ-gate-based-lit-rem] lit-rem: 0 cl-rem: 0 T: 0.00 T-out: N
c o Executing OCC strategy token: occ-ternary-res
c o [occ-ternary-res] Ternary res-tri: 0 res-bin: 0 sub: 0 str: 0 T: 0.00 T-out: N T-r: 100.00%
c o --> Executing strategy token: must-scc-vrepl
c o [scc] new: 0 BP 0M T: 0.00
c o [vrep] vars 0 lits 0 rem-bin-cls 0 rem-long-cls 0 BP 0M T: 0.00
c o Executing OCC strategy token(s): 'occ-bve,
c o [occ] mem usage for occur      0 MB
c o [occ] Linked in IRRED BIN by default: 374
c o [occ] Linked in RED   BIN by default: 0
c o [occ] mem usage for occur      0 MB
c o Mem for watch alloc    : 0           MB (0.00      %)
c o Mem for watch array    : 0           MB (0.00      %)
c o Executing OCC strategy token: occ-bve
c o [occ-empty-res] Empty resolvent elimed: 0 T: 0.00 T-out: N
c o [occ-bve] iter v-elim 0
c o cl_inc_rate=1.00, var_dec_rate=1.00 (grow=0)
c o Reduced to 337 vars, 433 cls (grow=0)
c o [occ-bve] iter v-elim 0
c o cl_inc_rate=1.00, var_dec_rate=1.00 (grow=3)
c o Reduced to 337 vars, 433 cls (grow=3)
c o [occ-bve] iter v-elim 0
c o cl_inc_rate=1.00, var_dec_rate=1.00 (grow=4)
c o Reduced to 337 vars, 433 cls (grow=4)
c o [occ-bve] iter v-elim 0
c o cl_inc_rate=1.00, var_dec_rate=1.00 (grow=6)
c o Reduced to 337 vars, 433 cls (grow=6)
c o x n vars       : 337
c o #try to eliminate:     0
c o #var-elim        :     0
c o #T-o: N
c o #T-r: 100.00%
c o #T  : 0.00
c o [occur] 0.00 is overhead
c o [occur] link-in T: 0.00 cleanup T: 0.00
c o [occ-xor-bve] elimed: 0 T: 0.00 T-out: N
c o --> Executing strategy token: sub-impl
c o [impl-sub] bin: 0 T: 0.00 T-out: N w-visit: 674
c o --> Executing strategy token: distill-cls-onlyrem
c o [distill-long-irred] cls tried: 59/59 T: 0.00 T-out: N T-r: 100.00%
c o --> Executing strategy token: intree-probe
c o [scc] new: 0 BP 0M T: 0.00
c o [vrep] vars 0 lits 0 rem-bin-cls 0 rem-long-cls 0 BP 0M T: 0.00
c o [intree] Set 0 vars hyper-added: 0 trans-irred: 0 trans-red: 0 T: 0.00 T-out: N T-r: -0.00%
c o Executing OCC strategy token(s): 'occ-backw-sub-str,
c o [occ] mem usage for occur      0 MB
c o [occ] Linked in IRRED BIN by default: 374
c o [occ] Linked in RED   BIN by default: 0
c o [occ] mem usage for occur      0 MB
c o Mem for watch alloc    : 0           MB (0.00      %)
c o Mem for watch array    : 0           MB (0.00      %)
c o Executing OCC strategy token: occ-backw-sub-str
c o [occ-backw-sub-str-long-w-bins] subs: 0 str: 0 tried: 1496 0-depth ass: 0 T: 0.00 T-out: N T-r: 99.96%
c o [occ-backw-sub-long-w-long] rem cl: 0 tried: 59/59 (100.0%) T: 0.00 T-out: N T-r: 100.00%
c o [occ-backw-sub-str-long-w-long] sub: 0 str: 0 tried: 177/59 (300.0)  T: 0.00 T-out: N T-r: 100.00%
c o --> Executing strategy token: sub-str-cls-with-bin
c o [distill] watch-based irred--  cl tried      118 cl-sh     0 cl-rem    0 lit-rem      0 T: 0.00 T-out: N
c o [distill] watch-based   red--  cl tried        0 cl-sh     0 cl-rem    0 lit-rem      0 T: 0.00 T-out: N
c o --> Executing strategy token: clean-cls
c o --> Executing strategy token: distill-cls
c o [distill-long-irred] cls tried: 59/59 T: 0.00 T-out: N T-r: 100.00%
c o [distill-long-irred] cls tried: 59/59 T: 0.00 T-out: N T-r: 100.00%
c o --> Executing strategy token: distill-bins
c o [distill-bin] useful: 0/374/374 lits-rem: 0 cl-rem: 0 0-depth-assigns: 0 T: 0.00 T-out: N
c o Executing OCC strategy token(s): 'occ-backw-sub,
c o [occ] mem usage for occur      0 MB
c o [occ] Linked in IRRED BIN by default: 374
c o [occ] Linked in RED   BIN by default: 0
c o [occ] mem usage for occur      0 MB
c o Mem for watch alloc    : 0           MB (0.00      %)
c o Mem for watch array    : 0           MB (0.00      %)
c o Executing OCC strategy token: occ-backw-sub
c o [occ-backw-sub-long-w-long] rem cl: 0 tried: 59/59 (100.0%) T: 0.00 T-out: N T-r: 100.00%
c o [consolidate] mini T: 0.00
c o global_timeout_multiplier: 3.3000
c o [branch] rebuilding order heap for all branchings. Current branching: vsids
c o --> Executing strategy token: oracle-vivif-fast
c o --> Executing strategy token: must-renumber
c o [renumber] T: 0.00
c o [oracle-bin] potential pairs: 551 T: 0.0001
c o --> Executing strategy token: must-scc-vrepl
c o [scc] new: 0 BP 0M T: 0.00
c o [vrep] vars 0 lits 0 rem-bin-cls 0 rem-long-cls 0 BP 0M T: 0.00
c o [oracle-vivif] lits-rem: 0 learnt-units: 0 T-out: N T-remain: 99.9890% T: 0.00
c o [oracle-bin] bin-added: 276 equiv-added: 0 T-out: N T-remain: 99.90% T: 0.00
c o [oracle-vivif] cache usefulness: 63% total T: 0.00
c o --> Executing strategy token: oracle-sparsify-fast
c o --> Executing strategy token: sub-impl
c o [impl-sub] bin: 276 T: 0.00 T-out: N w-visit: 674
c o Executing OCC strategy token(s): 'occ-backw-sub,
c o [occ] mem usage for occur      0 MB
c o [occ] Linked in IRRED BIN by default: 374
c o [occ] Linked in RED   BIN by default: 0
c o [occ] mem usage for occur      0 MB
c o Mem for watch alloc    : 0           MB (0.00      %)
c o Mem for watch array    : 0           MB (0.00      %)
c o Executing OCC strategy token: occ-backw-sub
c o [occ-backw-sub-long-w-long] rem cl: 0 tried: 59/59 (100.0%) T: 0.00 T-out: N T-r: 100.00%
c o --> Executing strategy token: must-renumber
c o [renumber] T: 0.00
c o [oracle-sparsify] done with 10 % oracle mems:     0 ccnr useful: 100.0% T: 0.0
c o [oracle-sparsify] done with 20 % oracle mems:     0 ccnr useful: 100.0% T: 0.0
c o [oracle-sparsify] done with 30 % oracle mems:     0 ccnr useful: 100.0% T: 0.0
c o [oracle-sparsify] done with 40 % oracle mems:     0 ccnr useful: 100.0% T: 0.0
c o [oracle-sparsify] done with 50 % oracle mems:     0 ccnr useful: 100.0% T: 0.0
c o [oracle-sparsify] done with 60 % oracle mems:     0 ccnr useful: 100.0% T: 0.0
c o [oracle-sparsify] done with 70 % oracle mems:     0 ccnr useful: 100.0% T: 0.0
c o [oracle-sparsify] done with 80 % oracle mems:     0 ccnr useful: 100.0% T: 0.0
c o [oracle-sparsify] done with 90 % oracle mems:     0 ccnr useful: 100.0% T: 0.0
c o [oracle-sparsify] removed: 0 of which bin: 0 tot considered: 433 ccnr useful: 433 oracle uknown: 0 cache useful: 0% learnt-units: 0 T: 0.00 buildT: 0.00
c o [consolidate] mini T: 0.00
c o global_timeout_multiplier: 3.3000
c o [branch] rebuilding order heap for all branchings. Current branching: vsids
c o Executing OCC strategy token(s): 'occ-bve,
c o [occ] mem usage for occur      0 MB
c o [occ] Linked in IRRED BIN by default: 374
c o [occ] Linked in RED   BIN by default: 0
c o [occ] mem usage for occur      0 MB
c o Mem for watch alloc    : 0           MB (0.00      %)
c o Mem for watch array    : 0           MB (0.00      %)
c o Executing OCC strategy token: occ-bve
c o [occ-empty-res] Empty resolvent elimed: 0 T: 0.00 T-out: N
c o [occ-bve] iter v-elim 0
c o cl_inc_rate=1.00, var_dec_rate=1.00 (grow=0)
c o Reduced to 337 vars, 433 cls (grow=0)
c o x n vars       : 337
c o #try to eliminate:     0
c o #var-elim        :     0
c o #T-o: N
c o #T-r: 100.00%
c o #T  : 0.00
c o [occur] 0.00 is overhead
c o [occur] link-in T: 0.00 cleanup T: 0.00
c o [occ-xor-bve] elimed: 0 T: 0.00 T-out: N
c o [consolidate] mini T: 0.00
c o global_timeout_multiplier: 3.3000
c o [branch] rebuilding order heap for all branchings. Current branching: vsids
c o --> Executing strategy token: must-scc-vrepl
c o [scc] new: 0 BP 0M T: 0.00
c o [vrep] vars 0 lits 0 rem-bin-cls 0 rem-long-cls 0 BP 0M T: 0.00
c o --> Executing strategy token: must-renumber
c o [renumber] T: 0.00
c o [consolidate] mini T: 0.00
c o global_timeout_multiplier: 3.3000
c o [branch] rebuilding order heap for all branchings. Current branching: vsids
c o [occ] mem usage for occur      0 MB
c o [occ] Linked in IRRED BIN by default: 374
c o [occ] Linked in RED   BIN by default: 0
c o [occ] mem usage for occur      0 MB
c o Mem for watch alloc    : 0           MB (0.00      %)
c o Mem for watch array    : 0           MB (0.00      %)
c o [empty] empty_occ: 0 T: 0.00
c o Executing OCC strategy token(s): 'occ-bve-empty,
c o [occ] mem usage for occur      0 MB
c o [occ] Linked in IRRED BIN by default: 374
c o [occ] Linked in RED   BIN by default: 0
c o [occ] mem usage for occur      0 MB
c o Mem for watch alloc    : 0           MB (0.00      %)
c o Mem for watch array    : 0           MB (0.00      %)
c o Executing OCC strategy token: occ-bve-empty
c o [occ-empty-res] Empty resolvent elimed: 0 T: 0.00 T-out: N
c o --> Executing strategy token: must-renumber
c o [renumber] T: 0.00
c o [consolidate] mini T: 0.00
c o global_timeout_multiplier: 3.3000
c o [branch] rebuilding order heap for all branchings. Current branching: vsids
c o [0m[puura] new_empty_sampl_vars size: 0[0m
c o [get-cnf] Checking for variables mapping to same new var to set AIG definitions...
c o solver orig num vars: 2224 solver simp num vars: 337
c o [0m[31m[puura] Done. final vars: 337 final cls: 433 T: 0.01[0m
c o [0m[31m[autarky] Found autarkies: 0 autarky vars: 0 T-out: N T: 0.00[0m
c o --> Executing strategy token: must-scc-vrepl
c o [scc] new: 0 BP 0M T: 0.00
c o [vrep] vars 0 lits 0 rem-bin-cls 0 rem-long-cls 0 BP 0M T: 0.00
c o --> Executing strategy token: full-probe
c o [full-probe]  bin_only: 0 set: 0 repl: 0 T: 0.00 T-out: N T-r: 99.98%
c o --> Executing strategy token: sub-impl
c o [impl-sub] bin: 0 T: 0.00 T-out: N w-visit: 674
c o --> Executing strategy token: sub-cls-with-bin
c o [distill] watch-based irred--  cl tried       59 cl-sh     0 cl-rem    0 lit-rem      0 T: 0.00 T-out: N
c o [distill] watch-based   red--  cl tried        0 cl-sh     0 cl-rem    0 lit-rem      0 T: 0.00 T-out: N
c o --> Executing strategy token: distill-cls-onlyrem
c o [distill-long-irred] cls tried: 59/59 T: 0.00 T-out: N T-r: 100.00%
c o Executing OCC strategy token(s): 'occ-backw-sub,occ-resolv-subs,occ-rem-with-orgates,occ-ternary-res,
c o [occ] mem usage for occur      0 MB
c o [occ] Linked in IRRED BIN by default: 374
c o [occ] Linked in RED   BIN by default: 0
c o Mem for watch alloc    : 0           MB (0.00      %)
c o Mem for watch array    : 0           MB (0.00      %)
c o Executing OCC strategy token: occ-backw-sub
c o [occ-backw-sub-long-w-long] rem cl: 0 tried: 59/59 (100.0%) T: 0.00 T-out: N T-r: 100.00%
c o Executing OCC strategy token: occ-resolv-subs
c o [occ-resolv-subs] removed: 0 checked: 548 T: 0.0
c o Executing OCC strategy token: occ-rem-with-orgates
c o [occ-gates] found:     0 avg-s: 0.0 T: 0.00 T-out: N T-r: 99.99%
c o [occ-gate-based-lit-rem] lit-rem: 0 cl-rem: 0 T: 0.00 T-out: N
c o Executing OCC strategy token: occ-ternary-res
c o [occ-ternary-res] Ternary res-tri: 0 res-bin: 0 sub: 0 str: 0 T: 0.00 T-out: N T-r: 100.00%
c o --> Executing strategy token: must-scc-vrepl
c o [scc] new: 0 BP 0M T: 0.00
c o [vrep] vars 0 lits 0 rem-bin-cls 0 rem-long-cls 0 BP 0M T: 0.00
c o Executing OCC strategy token(s): 'occ-bve,
c o [occ] mem usage for occur      0 MB
c o [occ] Linked in IRRED BIN by default: 374
c o [occ] Linked in RED   BIN by default: 0
c o Mem for watch alloc    : 0           MB (0.00      %)
c o Mem for watch array    : 0           MB (0.00      %)
c o Executing OCC strategy token: occ-bve
c o [occ-empty-res] Empty resolvent elimed: 0 T: 0.00 T-out: N
c o [occ-bve] iter v-elim 0
c o cl_inc_rate=1.00, var_dec_rate=1.00 (grow=0)
c o Reduced to 337 vars, 433 cls (grow=0)
c o x n vars       : 337
c o #try to eliminate:     0
c o #var-elim        :     0
c o #T-o: N
c o #T-r: 100.00%
c o #T  : 0.00
c o [occur] 0.00 is overhead
c o [occur] link-in T: 0.00 cleanup T: 0.00
c o [occ-xor-bve] elimed: 0 T: 0.00 T-out: N
c o --> Executing strategy token: sub-impl
c o [impl-sub] bin: 0 T: 0.00 T-out: N w-visit: 674
c o --> Executing strategy token: distill-cls-onlyrem
c o [distill-long-irred] cls tried: 59/59 T: 0.00 T-out: N T-r: 100.00%
c o --> Executing strategy token: intree-probe
c o [scc] new: 0 BP 0M T: 0.00
c o [vrep] vars 0 lits 0 rem-bin-cls 0 rem-long-cls 0 BP 0M T: 0.00
c o [intree] Set 0 vars hyper-added: 0 trans-irred: 0 trans-red: 0 T: 0.00 T-out: N T-r: 0.00%
c o Executing OCC strategy token(s): 'occ-backw-sub-str,
c o [occ] mem usage for occur      0 MB
c o [occ] Linked in IRRED BIN by default: 374
c o [occ] Linked in RED   BIN by default: 0
c o Mem for watch alloc    : 0           MB (0.00      %)
c o Mem for watch array    : 0           MB (0.00      %)
c o Executing OCC strategy token: occ-backw-sub-str
c o [occ-backw-sub-str-long-w-bins] subs: 0 str: 0 tried: 374 0-depth ass: 0 T: 0.00 T-out: N T-r: 99.96%
c o [occ-backw-sub-long-w-long] rem cl: 0 tried: 59/59 (100.0%) T: 0.00 T-out: N T-r: 100.00%
c o [occ-backw-sub-str-long-w-long] sub: 0 str: 0 tried: 177/59 (300.0)  T: 0.00 T-out: N T-r: 100.00%
c o --> Executing strategy token: sub-str-cls-with-bin
c o [distill] watch-based irred--  cl tried      118 cl-sh     0 cl-rem    0 lit-rem      0 T: 0.00 T-out: N
c o [distill] watch-based   red--  cl tried        0 cl-sh     0 cl-rem    0 lit-rem      0 T: 0.00 T-out: N
c o --> Executing strategy token: clean-cls
c o --> Executing strategy token: distill-cls
c o [distill-long-irred] cls tried: 59/59 T: 0.00 T-out: N T-r: 100.00%
c o [distill-long-irred] cls tried: 59/59 T: 0.00 T-out: N T-r: 100.00%
c o --> Executing strategy token: distill-bins
c o [distill-bin] useful: 0/374/374 lits-rem: 0 cl-rem: 0 0-depth-assigns: 0 T: 0.00 T-out: N
c o [consolidate] mini T: 0.00
c o global_timeout_multiplier: 3.3000
c o [branch] rebuilding order heap for all branchings. Current branching: vsids
c o --> Executing strategy token: oracle-vivif-sparsify
c o --> Executing strategy token: must-renumber
c o [renumber] T: 0.00
c o [oracle-bin] potential pairs: 551 T: 0.0001
c o --> Executing strategy token: must-scc-vrepl
c o [scc] new: 0 BP 0M T: 0.00
c o [vrep] vars 0 lits 0 rem-bin-cls 0 rem-long-cls 0 BP 0M T: 0.00
c o [oracle-vivif] lits-rem: 0 learnt-units: 0 T-out: N T-remain: 99.9959% T: 0.00
c o [oracle-bin] bin-added: 276 equiv-added: 0 T-out: N T-remain: 99.90% T: 0.00
c o [oracle-vivif] cache usefulness: 63% total T: 0.00
c o --> Executing strategy token: sub-impl
c o [impl-sub] bin: 276 T: 0.00 T-out: N w-visit: 674
c o Executing OCC strategy token(s): 'occ-backw-sub,
c o [occ] mem usage for occur      0 MB
c o [occ] Linked in IRRED BIN by default: 374
c o [occ] Linked in RED   BIN by default: 0
c o Mem for watch alloc    : 0           MB (0.00      %)
c o Mem for watch array    : 0           MB (0.00      %)
c o Executing OCC strategy token: occ-backw-sub
c o [occ-backw-sub-long-w-long] rem cl: 0 tried: 59/59 (100.0%) T: 0.00 T-out: N T-r: 100.00%
c o --> Executing strategy token: must-renumber
c o [renumber] T: 0.00
c o [oracle-sparsify] done with 10 % oracle mems:     0 ccnr useful: 100.0% T: 0.0
c o [oracle-sparsify] done with 20 % oracle mems:     0 ccnr useful: 100.0% T: 0.0
c o [oracle-sparsify] done with 30 % oracle mems:     0 ccnr useful: 100.0% T: 0.0
c o [oracle-sparsify] done with 40 % oracle mems:     0 ccnr useful: 100.0% T: 0.0
c o [oracle-sparsify] done with 50 % oracle mems:     0 ccnr useful: 100.0% T: 0.0
c o [oracle-sparsify] done with 60 % oracle mems:     0 ccnr useful: 100.0% T: 0.0
c o [oracle-sparsify] done with 70 % oracle mems:     0 ccnr useful: 100.0% T: 0.0
c o [oracle-sparsify] done with 80 % oracle mems:     0 ccnr useful: 100.0% T: 0.0
c o [oracle-sparsify] done with 90 % oracle mems:     0 ccnr useful: 100.0% T: 0.0
c o [oracle-sparsify] removed: 0 of which bin: 0 tot considered: 433 ccnr useful: 433 oracle uknown: 0 cache useful: 0% learnt-units: 0 T: 0.00 buildT: 0.00
c o [consolidate] mini T: 0.00
c o global_timeout_multiplier: 3.3000
c o [branch] rebuilding order heap for all branchings. Current branching: vsids
c o --> Executing strategy token: must-scc-vrepl
c o [scc] new: 0 BP 0M T: 0.00
c o [vrep] vars 0 lits 0 rem-bin-cls 0 rem-long-cls 0 BP 0M T: 0.00
c o --> Executing strategy token: full-probe
c o [full-probe]  bin_only: 0 set: 0 repl: 0 T: 0.00 T-out: N T-r: 99.98%
c o --> Executing strategy token: sub-impl
c o [impl-sub] bin: 0 T: 0.00 T-out: N w-visit: 674
c o --> Executing strategy token: sub-cls-with-bin
c o [distill] watch-based irred--  cl tried       59 cl-sh     0 cl-rem    0 lit-rem      0 T: 0.00 T-out: N
c o [distill] watch-based   red--  cl tried        0 cl-sh     0 cl-rem    0 lit-rem      0 T: 0.00 T-out: N
c o --> Executing strategy token: distill-cls-onlyrem
c o [distill-long-irred] cls tried: 59/59 T: 0.00 T-out: N T-r: 100.00%
c o Executing OCC strategy token(s): 'occ-backw-sub,occ-resolv-subs,occ-rem-with-orgates,occ-ternary-res,
c o [occ] mem usage for occur      0 MB
c o [occ] Linked in IRRED BIN by default: 374
c o [occ] Linked in RED   BIN by default: 0
c o [occ] mem usage for occur      0 MB
c o Mem for watch alloc    : 0           MB (0.00      %)
c o Mem for watch array    : 0           MB (0.00      %)
c o Executing OCC strategy token: occ-backw-sub
c o [occ-backw-sub-long-w-long] rem cl: 0 tried: 59/59 (100.0%) T: 0.00 T-out: N T-r: 100.00%
c o Executing OCC strategy token: occ-resolv-subs
c o [occ-resolv-subs] removed: 0 checked: 548 T: 0.0
c o Executing OCC strategy token: occ-rem-with-orgates
c o [occ-gates] found:     0 avg-s: 0.0 T: 0.00 T-out: N T-r: 99.99%
c o [occ-gate-based-lit-rem] lit-rem: 0 cl-rem: 0 T: 0.00 T-out: N
c o Executing OCC strategy token: occ-ternary-res
c o [occ-ternary-res] Ternary res-tri: 0 res-bin: 0 sub: 0 str: 0 T: 0.00 T-out: N T-r: 100.00%
c o --> Executing strategy token: must-scc-vrepl
c o [scc] new: 0 BP 0M T: 0.00
c o [vrep] vars 0 lits 0 rem-bin-cls 0 rem-long-cls 0 BP 0M T: 0.00
c o Executing OCC strategy token(s): 'occ-bve,
c o [occ] mem usage for occur      0 MB
c o [occ] Linked in IRRED BIN by default: 374
c o [occ] Linked in RED   BIN by default: 0
c o [occ] mem usage for occur      0 MB
c o Mem for watch alloc    : 0           MB (0.00      %)
c o Mem for watch array    : 0           MB (0.00      %)
c o Executing OCC strategy token: occ-bve
c o [occ-empty-res] Empty resolvent elimed: 0 T: 0.00 T-out: N
c o [occ-bve] iter v-elim 0
c o cl_inc_rate=1.00, var_dec_rate=1.00 (grow=0)
c o Reduced to 337 vars, 433 cls (grow=0)
c o x n vars       : 337
c o #try to eliminate:     0
c o #var-elim        :     0
c o #T-o: N
c o #T-r: 100.00%
c o #T  : 0.00
c o [occur] 0.00 is overhead
c o [occur] link-in T: 0.00 cleanup T: 0.00
c o [occ-xor-bve] elimed: 0 T: 0.00 T-out: N
c o --> Executing strategy token: sub-impl
c o [impl-sub] bin: 0 T: 0.00 T-out: N w-visit: 674
c o --> Executing strategy token: distill-cls-onlyrem
c o [distill-long-irred] cls tried: 59/59 T: 0.00 T-out: N T-r: 100.00%
c o --> Executing strategy token: intree-probe
c o [scc] new: 0 BP 0M T: 0.00
c o [vrep] vars 0 lits 0 rem-bin-cls 0 rem-long-cls 0 BP 0M T: 0.00
c o [intree] Set 0 vars hyper-added: 0 trans-irred: 0 trans-red: 0 T: 0.00 T-out: N T-r: -0.00%
c o Executing OCC strategy token(s): 'occ-backw-sub-str,
c o [occ] mem usage for occur      0 MB
c o [occ] Linked in IRRED BIN by default: 374
c o [occ] Linked in RED   BIN by default: 0
c o [occ] mem usage for occur      0 MB
c o Mem for watch alloc    : 0           MB (0.00      %)
c o Mem for watch array    : 0           MB (0.00      %)
c o Executing OCC strategy token: occ-backw-sub-str
c o [occ-backw-sub-str-long-w-bins] subs: 0 str: 0 tried: 748 0-depth ass: 0 T: 0.00 T-out: N T-r: 99.96%
c o [occ-backw-sub-long-w-long] rem cl: 0 tried: 59/59 (100.0%) T: 0.00 T-out: N T-r: 100.00%
c o [occ-backw-sub-str-long-w-long] sub: 0 str: 0 tried: 177/59 (300.0)  T: 0.00 T-out: N T-r: 100.00%
c o --> Executing strategy token: sub-str-cls-with-bin
c o [distill] watch-based irred--  cl tried      118 cl-sh     0 cl-rem    0 lit-rem      0 T: 0.00 T-out: N
c o [distill] watch-based   red--  cl tried        0 cl-sh     0 cl-rem    0 lit-rem      0 T: 0.00 T-out: N
c o --> Executing strategy token: clean-cls
c o --> Executing strategy token: distill-cls
c o [distill-long-irred] cls tried: 59/59 T: 0.00 T-out: N T-r: 100.00%
c o [distill-long-irred] cls tried: 59/59 T: 0.00 T-out: N T-r: 100.00%
c o --> Executing strategy token: distill-bins
c o [distill-bin] useful: 0/374/374 lits-rem: 0 cl-rem: 0 0-depth-assigns: 0 T: 0.00 T-out: N
c o Executing OCC strategy token(s): 'occ-backw-sub,
c o [occ] mem usage for occur      0 MB
c o [occ] Linked in IRRED BIN by default: 374
c o [occ] Linked in RED   BIN by default: 0
c o [occ] mem usage for occur      0 MB
c o Mem for watch alloc    : 0           MB (0.00      %)
c o Mem for watch array    : 0           MB (0.00      %)
c o Executing OCC strategy token: occ-backw-sub
c o [occ-backw-sub-long-w-long] rem cl: 0 tried: 59/59 (100.0%) T: 0.00 T-out: N T-r: 100.00%
c o [consolidate] mini T: 0.00
c o global_timeout_multiplier: 3.3000
c o [branch] rebuilding order heap for all branchings. Current branching: vsids
c o --> Executing strategy token: oracle-vivif-fast
c o --> Executing strategy token: must-renumber
c o [renumber] T: 0.00
c o [oracle-bin] potential pairs: 551 T: 0.0000
c o --> Executing strategy token: must-scc-vrepl
c o [scc] new: 0 BP 0M T: 0.00
c o [vrep] vars 0 lits 0 rem-bin-cls 0 rem-long-cls 0 BP 0M T: 0.00
c o [oracle-vivif] lits-rem: 0 learnt-units: 0 T-out: N T-remain: 99.9882% T: 0.00
c o [oracle-bin] bin-added: 276 equiv-added: 0 T-out: N T-remain: 99.90% T: 0.00
c o [oracle-vivif] cache usefulness: 63% total T: 0.00
c o --> Executing strategy token: oracle-sparsify-fast
c o --> Executing strategy token: sub-impl
c o [impl-sub] bin: 276 T: 0.00 T-out: N w-visit: 674
c o Executing OCC strategy token(s): 'occ-backw-sub,
c o [occ] mem usage for occur      0 MB
c o [occ] Linked in IRRED BIN by default: 374
c o [occ] Linked in RED   BIN by default: 0
c o [occ] mem usage for occur      0 MB
c o Mem for watch alloc    : 0           MB (0.00      %)
c o Mem for watch array    : 0           MB (0.00      %)
c o Executing OCC strategy token: occ-backw-sub
c o [occ-backw-sub-long-w-long] rem cl: 0 tried: 59/59 (100.0%) T: 0.00 T-out: N T-r: 100.00%
c o --> Executing strategy token: must-renumber
c o [renumber] T: 0.00
c o [oracle-sparsify] done with 10 % oracle mems:     0 ccnr useful: 100.0% T: 0.0
c o [oracle-sparsify] done with 20 % oracle mems:     0 ccnr useful: 100.0% T: 0.0
c o [oracle-sparsify] done with 30 % oracle mems:     0 ccnr useful: 100.0% T: 0.0
c o [oracle-sparsify] done with 40 % oracle mems:     0 ccnr useful: 100.0% T: 0.0
c o [oracle-sparsify] done with 50 % oracle mems:     0 ccnr useful: 100.0% T: 0.0
c o [oracle-sparsify] done with 60 % oracle mems:     0 ccnr useful: 100.0% T: 0.0
c o [oracle-sparsify] done with 70 % oracle mems:     0 ccnr useful: 100.0% T: 0.0
c o [oracle-sparsify] done with 80 % oracle mems:     0 ccnr useful: 100.0% T: 0.0
c o [oracle-sparsify] done with 90 % oracle mems:     0 ccnr useful: 100.0% T: 0.0
c o [oracle-sparsify] removed: 0 of which bin: 0 tot considered: 433 ccnr useful: 433 oracle uknown: 0 cache useful: 0% learnt-units: 0 T: 0.00 buildT: 0.00
c o [consolidate] mini T: 0.00
c o global_timeout_multiplier: 3.3000
c o [branch] rebuilding order heap for all branchings. Current branching: vsids
c o Executing OCC strategy token(s): 'occ-bve,
c o [occ] mem usage for occur      0 MB
c o [occ] Linked in IRRED BIN by default: 374
c o [occ] Linked in RED   BIN by default: 0
c o [occ] mem usage for occur      0 MB
c o Mem for watch alloc    : 0           MB (0.00      %)
c o Mem for watch array    : 0           MB (0.00      %)
c o Executing OCC strategy token: occ-bve
c o [occ-empty-res] Empty resolvent elimed: 0 T: 0.00 T-out: N
c o [occ-bve] iter v-elim 0
c o cl_inc_rate=1.00, var_dec_rate=1.00 (grow=0)
c o Reduced to 337 vars, 433 cls (grow=0)
c o x n vars       : 337
c o #try to eliminate:     0
c o #var-elim        :     0
c o #T-o: N
c o #T-r: 100.00%
c o #T  : 0.00
c o [occur] 0.00 is overhead
c o [occur] link-in T: 0.00 cleanup T: 0.00
c o [occ-xor-bve] elimed: 0 T: 0.00 T-out: N
c o [consolidate] mini T: 0.00
c o global_timeout_multiplier: 3.3000
c o [branch] rebuilding order heap for all branchings. Current branching: vsids
c o --> Executing strategy token: must-scc-vrepl
c o [scc] new: 0 BP 0M T: 0.00
c o [vrep] vars 0 lits 0 rem-bin-cls 0 rem-long-cls 0 BP 0M T: 0.00
c o --> Executing strategy token: must-renumber
c o [renumber] T: 0.00
c o [consolidate] mini T: 0.00
c o global_timeout_multiplier: 3.3000
c o [branch] rebuilding order heap for all branchings. Current branching: vsids
c o [occ] mem usage for occur      0 MB
c o [occ] Linked in IRRED BIN by default: 374
c o [occ] Linked in RED   BIN by default: 0
c o [occ] mem usage for occur      0 MB
c o Mem for watch alloc    : 0           MB (0.00      %)
c o Mem for watch array    : 0           MB (0.00      %)
c o [empty] empty_occ: 0 T: 0.00
c o Executing OCC strategy token(s): 'occ-bve-empty,
c o [occ] mem usage for occur      0 MB
c o [occ] Linked in IRRED BIN by default: 374
c o [occ] Linked in RED   BIN by default: 0
c o [occ] mem usage for occur      0 MB
c o Mem for watch alloc    : 0           MB (0.00      %)
c o Mem for watch array    : 0           MB (0.00      %)
c o Executing OCC strategy token: occ-bve-empty
c o [occ-empty-res] Empty resolvent elimed: 0 T: 0.00 T-out: N
c o --> Executing strategy token: must-renumber
c o [renumber] T: 0.00
c o [consolidate] mini T: 0.00
c o global_timeout_multiplier: 3.3000
c o [branch] rebuilding order heap for all branchings. Current branching: vsids
c o [0m[puura] new_empty_sampl_vars size: 0[0m
c o [get-cnf] Checking for variables mapping to same new var to set AIG definitions...
c o solver orig num vars: 337 solver simp num vars: 337
c o [0m[31m[puura] Done. final vars: 337 final cls: 433 T: 0.01[0m
c o [0m[arjun-sbva] entering SBVA with     vars: 337     cls:   433 opt sampl: 337[0m
c o [0m[arjun-sbva] exited SBVA with       vars: 337     cls:   433[0m
c o [0m[arjun-sbva] K steps remaining: 987.87 T-out: No T: 0.00[0m
c o Arjun T: 0.05
c o Found 23 disconnected component(s)
c o [par] Using non-parallel counting
c o ind size: 7 nvars: 7
c o opt ind size: 7 ind size: 7 nvars: 7
c o Sampling set size: 7
c o Opt sampling set size: 7
c o Bin irred/red      9          0         
c o Long irred cls/tri 0          0         
c o Long red cls/tri   0          0         
c o [rst-cube] Num restarts: 0 orig cubes this rst: 1 final cubes this rst: 1 total orig cubes: 1 total final cubes: 1
c o total time so far: 0.05
c o decisions K                    0         -- Kdec/s:     12.23    
c o conflicts                      0            -- confl/s:    0.00     
c o rem lits triedK/rem lits remK  0         0         
c o shrink tried/useful%/lits rem  0         0.0000    0         
c o avg clsz/rem lits avg/finalavg 0.0000    0.0000    0.0000   
c o rdbs/low lbd/rem               0     0      0     
c o looks/look-computes            0/0
c o sat call/sat/unsat/confl/rst  0     0     0     0     0     
c o buddy called /unsat ratio           0     / 0.0000 
c o buddy avg num bin/long cls/vs  0.0000 / 0.0000 / 0.0000
c o buddy max num bin/long cls/vs  0     / 0     / 0    
c o orig cubes/lit-r avg/exten avg 1     / 0.00  / 0.00 
c o cubes orig/symm/final          1     / 0     / 1    
c o cubes resolved/flp-removed     0     / 0    
c o tot restarts                   0    
c o comp sortsK/avg sz             0     / 1.00000000
c o comps recordK/non-reset ratio  0 / 0.61
c o vivif: try/cls/clviv/litsravg  0         0         0         0.00      
c o toplev subs runs/bins/long-cls 0         0         0         0         0         
c o toplevel probes/fail/bprop     0         0         0         
c o Mem used                       0.00 GB
c o cache pollutions call/removed  0/0
c o cache entries K                0
c o MB cache                       4.001
c o cache K (lookup/ stores/ hits/ dels) 0      0      0      0       -- Klookup/s:  11.83    
c o cache miss rate                1.000
c o avg hit/store num vars 0.000 / 4.833
c o 
c o intermediate count: 8
c o [par] Using non-parallel counting
c o ind size: 7 nvars: 7
c o opt ind size: 7 ind size: 7 nvars: 7
c o Sampling set size: 7
c o Opt sampling set size: 7
c o Bin irred/red      9          0         
c o Long irred cls/tri 0          0         
c o Long red cls/tri   0          0         
c o [rst-cube] Num restarts: 0 orig cubes this rst: 1 final cubes this rst: 1 total orig cubes: 1 total final cubes: 1
c o total time so far: 0.051
c o decisions K                    0         -- Kdec/s:     14.13    
c o conflicts                      0            -- confl/s:    0.00     
c o rem lits triedK/rem lits remK  0         0         
c o shrink tried/useful%/lits rem  0         0.0000    0         
c o avg clsz/rem lits avg/finalavg 0.0000    0.0000    0.0000   
c o rdbs/low lbd/rem               0     0      0     
c o looks/look-computes            0/0
c o sat call/sat/unsat/confl/rst  0     0     0     0     0     
c o buddy called /unsat ratio           0     / 0.0000 
c o buddy avg num bin/long cls/vs  0.0000 / 0.0000 / 0.0000
c o buddy max num bin/long cls/vs  0     / 0     / 0    
c o orig cubes/lit-r avg/exten avg 1     / 0.00  / 0.00 
c o cubes orig/symm/final          1     / 0     / 1    
c o cubes resolved/flp-removed     0     / 0    
c o tot restarts                   0    
c o comp sortsK/avg sz             0     / 1.00000000
c o comps recordK/non-reset ratio  0 / 0.61
c o vivif: try/cls/clviv/litsravg  0         0         0         0.00      
c o toplev subs runs/bins/long-cls 0         0         0         0         0         
c o toplevel probes/fail/bprop     0         0         0         
c o Mem used                       0.00 GB
c o cache pollutions call/removed  0/0
c o cache entries K                0
c o MB cache                       4.001
c o cache K (lookup/ stores/ hits/ dels) 0      0      0      0       -- Klookup/s:  13.61    
c o cache miss rate                1.000
c o avg hit/store num vars 0.000 / 4.833
c o 
c o intermediate count: 8
c o [par] Using non-parallel counting
c o ind size: 5 nvars: 5
c o opt ind size: 5 ind size: 5 nvars: 5
c o Sampling set size: 5
c o Opt sampling set size: 5
c o Bin irred/red      6          0         
c o Long irred cls/tri 0          0         
c o Long red cls/tri   0          0         
c o UIP search time        : 0.00        (0.02      % time)
c o restarts               : 7           (0.57      confls per restart)
c o blocked restarts       : 0           (0.00      per normal restart)
c o time                   : 0.00        
c o decisions              : 13          (0.00      % random)
c o propagations           : 34          (3777K     props/s)
c o decisions/conflicts    : 3.25        
c o conflicts              : 4           
c o conf lits non-minim    : 6           (1.50      lit/confl)
c o conf lits final        : 1.00        
c o red which0             : 0           (0.00      % of confl)
c o props/decision         : 0.00        
c o props/conflict         : 0.00        
c o 0-depth assigns        : 5           (100.00    % vars)
c o 0-depth assigns by CNF : 0           (0.00      % vars)
c o reduceDB time          : 0.00        (0.00      % time)
c o OccSimplifier time     : 0.00        (0.00      % time)
c o [occur] 0.00 is overhead
c o [occur] link-in T: 0.00 cleanup T: 0.00
c o [occ-substr] long subBySub: 0 subByStr: 0 lits-rem-str: 0 T: 0.00
c o SCC time               : 0.00        (0.00      % time)
c o vrep replace time      : 0.00        (0.00      % time)
c o vrep tree roots        : 0           
c o vrep trees' crown      : 0           (0.00      leafs/tree)
c o distill long time      : 0.00        (0.00      % time)
c o distill bin time       : 0.00        (0.00      % time)
c o strength cache-irred time: 0.00        (0.00      % time)
c o strength cache-red time: 0.00        (0.00      % time)
c o avg cls in red 0       : 0.00        
c o avg cls in red 1       : 0.00        
c o avg cls in red 2       : 0.00        
c o Conflicts in UIP       : 4           (68.30     confl/time_this_thread)
c o Mem used               : 0.00        MB
c o Total time (this thread): 0.06        
c o intermediate count: 6
c o [par] Using non-parallel counting
c o ind size: 5 nvars: 5
c o opt ind size: 5 ind size: 5 nvars: 5
c o Sampling set size: 5
c o Opt sampling set size: 5
c o Bin irred/red               6          0
c o Long irred cls/tri          0          0
c o Long red cls/tri            0          0
c o UIP search time        : 0.00        (0.01      % time)
c o restarts               : 7           (0.57      confls per restart)
c o blocked restarts       : 0           (0.00      per normal restart)
c o time                   : 0.00        
c o decisions              : 13          (0.00      % random)
c o propagations           : 34          (11333K    props/s)
c o decisions/conflicts    : 3.25        
c o conflicts              : 4           
c o conf lits non-minim    : 6           (1.50      lit/confl)
c o conf lits final        : 1.00        
c o red which0             : 0           (0.00      % of confl)
c o props/decision         : 0.00        
c o props/conflict         : 0.00        
c o 0-depth assigns        : 5           (100.00    % vars)
c o 0-depth assigns by CNF : 0           (0.00      % vars)
c o reduceDB time          : 0.00        (0.00      % time)
c o OccSimplifier time     : 0.00        (0.00      % time)
c o [occur] 0.00 is overhead
c o [occur] link-in T: 0.00 cleanup T: 0.00
c o [occ-substr] long subBySub: 0 subByStr: 0 lits-rem-str: 0 T: 0.00
c o SCC time               : 0.00        (0.00      % time)
c o vrep replace time      : 0.00        (0.00      % time)
c o vrep tree roots        : 0           
c o vrep trees' crown      : 0           (0.00      leafs/tree)
c o distill long time      : 0.00        (0.00      % time)
c o distill bin time       : 0.00        (0.00      % time)
c o strength cache-irred time: 0.00        (0.00      % time)
c o strength cache-red time: 0.00        (0.00      % time)
c o avg cls in red 0       : 0.00        
c o avg cls in red 1       : 0.00        
c o avg cls in red 2       : 0.00        
c o Conflicts in UIP       : 4           (68.20     confl/time_this_thread)
c o Mem used               : 0.00        MB
c o Total time (this thread): 0.06        
c o intermediate count: 6
c o [par] Using non-parallel counting
c o ind size: 7 nvars: 7
c o opt ind size: 7 ind size: 7 nvars: 7
c o Sampling set size: 7
c o Opt sampling set size: 7
c o Bin irred/red               9          0
c o Long irred cls/tri          0          0
c o Long red cls/tri            0          0
c o [rst-cube] Num restarts: 0 orig cubes this rst: 1 final cubes this rst: 1 total orig cubes: 1 total final cubes: 1
c o total time so far: 0.05
c o decisions K                    0         -- Kdec/s:     14.04    
c o conflicts                      0            -- confl/s:    0.00     
c o rem lits triedK/rem lits remK  0         0         
c o shrink tried/useful%/lits rem  0         0.0000    0         
c o avg clsz/rem lits avg/finalavg 0.0000    0.0000    0.0000   
c o rdbs/low lbd/rem               0     0      0     
c o looks/look-computes            0/0
c o sat call/sat/unsat/confl/rst  0     0     0     0     0     
c o buddy called /unsat ratio           0     / 0.0000 
c o buddy avg num bin/long cls/vs  0.0000 / 0.0000 / 0.0000
c o buddy max num bin/long cls/vs  0     / 0     / 0    
c o orig cubes/lit-r avg/exten avg 1     / 0.00  / 0.00 
c o cubes orig/symm/final          1     / 0     / 1    
c o cubes resolved/flp-removed     0     / 0    
c o tot restarts                   0    
c o comp sortsK/avg sz             0     / 1.00000000
c o comps recordK/non-reset ratio  0 / 0.61
c o vivif: try/cls/clviv/litsravg  0         0         0         0.00      
c o toplev subs runs/bins/long-cls 0         0         0         0         0         
c o toplevel probes/fail/bprop     0         0         0         
c o Mem used                       0.00 GB
c o cache pollutions call/removed  0/0
c o cache entries K                0
c o MB cache                       4.001
c o cache K (lookup/ stores/ hits/ dels) 0      0      0      0       -- Klookup/s:  13.61    
c o cache miss rate                1.000
c o avg hit/store num vars 0.000 / 4.833
c o 
c o intermediate count: 8
c o [par] Using non-parallel counting
c o ind size: 7 nvars: 7
c o opt ind size: 7 ind size: 7 nvars: 7
c o Sampling set size: 7
c o Opt sampling set size: 7
c o Bin irred/red      9          0         
c o Long irred cls/tri 0          0         
c o Long red cls/tri   0          0         
c o [rst-cube] Num restarts: 0 orig cubes this rst: 1 final cubes this rst: 1 total orig cubes: 1 total final cubes: 1
c o total time so far: 0.052
c o decisions K                    0         -- Kdec/s:     14.34    
c o conflicts                      0            -- confl/s:    0.00     
c o rem lits triedK/rem lits remK  0         0         
c o shrink tried/useful%/lits rem  0         0.0000    0         
c o avg clsz/rem lits avg/finalavg 0.0000    0.0000    0.0000   
c o rdbs/low lbd/rem               0     0      0     
c o looks/look-computes            0/0
c o sat call/sat/unsat/confl/rst  0     0     0     0     0     
c o buddy called /unsat ratio           0     / 0.0000 
c o buddy avg num bin/long cls/vs  0.0000 / 0.0000 / 0.0000
c o buddy max num bin/long cls/vs  0     / 0     / 0    
c o orig cubes/lit-r avg/exten avg 1     / 0.00  / 0.00 
c o cubes orig/symm/final          1     / 0     / 1    
c o cubes resolved/flp-removed     0     / 0    
c o tot restarts                   0    
c o comp sortsK/avg sz             0     / 1.00000000
c o comps recordK/non-reset ratio  0 / 0.61
c o vivif: try/cls/clviv/litsravg  0         0         0         0.00      
c o toplev subs runs/bins/long-cls 0         0         0         0         0         
c o toplevel probes/fail/bprop     0         0         0         
c o Mem used                       0.00 GB
c o cache pollutions call/removed  0/0
c o cache entries K                0
c o MB cache                       4.001
c o cache K (lookup/ stores/ hits/ dels) 0      0      0      0       -- Klookup/s:  13.79    
c o cache miss rate                1.000
c o avg hit/store num vars 0.000 / 4.833
c o 
c o intermediate count: 8
c o [par] Using non-parallel counting
c o ind size: 7 nvars: 7
c o opt ind size: 7 ind size: 7 nvars: 7
c o Sampling set size: 7
c o Opt sampling set size: 7
c o Bin irred/red      9          0         
c o Long irred cls/tri 0          0         
c o Long red cls/tri   0          0         
c o [rst-cube] Num restarts: 0 orig cubes this rst: 1 final cubes this rst: 1 total orig cubes: 1 total final cubes: 1
c o total time so far: 0.052
c o decisions K                    0         -- Kdec/s:     15.04    
c o conflicts                      0            -- confl/s:    0.00     
c o rem lits triedK/rem lits remK  0         0         
c o shrink tried/useful%/lits rem  0         0.0000    0         
c o avg clsz/rem lits avg/finalavg 0.0000    0.0000    0.0000   
c o rdbs/low lbd/rem               0     0      0     
c o looks/look-computes            0/0
c o sat call/sat/unsat/confl/rst  0     0     0     0     0     
c o buddy called /unsat ratio           0     / 0.0000 
c o buddy avg num bin/long cls/vs  0.0000 / 0.0000 / 0.0000
c o buddy max num bin/long cls/vs  0     / 0     / 0    
c o orig cubes/lit-r avg/exten avg 1     / 0.00  / 0.00 
c o cubes orig/symm/final          1     / 0     / 1    
c o cubes resolved/flp-removed     0     / 0    
c o tot restarts                   0    
c o comp sortsK/avg sz             0     / 1.00000000
c o comps recordK/non-reset ratio  0 / 0.61
c o vivif: try/cls/clviv/litsravg  0         0         0         0.00      
c o toplev subs runs/bins/long-cls 0         0         0         0         0         
c o toplevel probes/fail/bprop     0         0         0         
c o Mem used                       0.00 GB
c o cache pollutions call/removed  0/0
c o cache entries K                0
c o MB cache                       4.001
c o cache K (lookup/ stores/ hits/ dels) 0      0      0      0       -- Klookup/s:  14.49    
c o cache miss rate                1.000
c o avg hit/store num vars 0.000 / 4.833
c o 
c o intermediate count: 8
c o [par] Using non-parallel counting
c o ind size: 9 nvars: 9
c o opt ind size: 9 ind size: 9 nvars: 9
c o Sampling set size: 9
c o Opt sampling set size: 9
c o Bin irred/red      12         0         
c o Long irred cls/tri 0          0         
c o Long red cls/tri   0          0         
c o [rst-cube] Num restarts: 0 orig cubes this rst: 1 final cubes this rst: 1 total orig cubes: 1 total final cubes: 1
c o total time so far: 0.053
c o decisions K                    0         -- Kdec/s:     17.92    
c o conflicts                      0            -- confl/s:    0.00     
c o rem lits triedK/rem lits remK  0         0         
c o shrink tried/useful%/lits rem  0         0.0000    0         
c o avg clsz/rem lits avg/finalavg 0.0000    0.0000    0.0000   
c o rdbs/low lbd/rem               0     0      0     
c o looks/look-computes            0/0
c o sat call/sat/unsat/confl/rst  0     0     0     0     0     
c o buddy called /unsat ratio           0     / 0.0000 
c o buddy avg num bin/long cls/vs  0.0000 / 0.0000 / 0.0000
c o buddy max num bin/long cls/vs  0     / 0     / 0    
c o orig cubes/lit-r avg/exten avg 1     / 0.00  / 0.00 
c o cubes orig/symm/final          1     / 0     / 1    
c o cubes resolved/flp-removed     0     / 0    
c o tot restarts                   0    
c o comp sortsK/avg sz             0     / 1.00000000
c o comps recordK/non-reset ratio  0 / 0.65
c o vivif: try/cls/clviv/litsravg  0         0         0         0.00      
c o toplev subs runs/bins/long-cls 0         0         0         0         0         
c o toplevel probes/fail/bprop     0         0         0         
c o Mem used                       0.00 GB
c o cache pollutions call/removed  0/0
c o cache entries K                0
c o MB cache                       4.001
c o cache K (lookup/ stores/ hits/ dels) 0      0      0      0       -- Klookup/s:  17.30    
c o cache miss rate                1.000
c o avg hit/store num vars 0.000 / 5.714
c o 
c o intermediate count: 10
c o [par] Using non-parallel counting
c o ind size: 5 nvars: 5
c o opt ind size: 5 ind size: 5 nvars: 5
c o Sampling set size: 5
c o Opt sampling set size: 5
c o Bin irred/red      6          0         
c o Long irred cls/tri 0          0         
c o Long red cls/tri   0          0         
c o UIP search time        : 0.00        (0.00      % time)
c o restarts               : 7           (0.57      confls per restart)
c o blocked restarts       : 0           (0.00      per normal restart)
c o time                   : 0.00        
c o decisions              : 13          (0.00      % random)
c o propagations           : 34          (11333K    props/s)
c o decisions/conflicts    : 3.25        
c o conflicts              : 4           
c o conf lits non-minim    : 6           (1.50      lit/confl)
c o conf lits final        : 1.00        
c o red which0             : 0           (0.00      % of confl)
c o props/decision         : 0.00        
c o props/conflict         : 0.00        
c o 0-depth assigns        : 5           (100.00    % vars)
c o 0-depth assigns by CNF : 0           (0.00      % vars)
c o reduceDB time          : 0.00        (0.00      % time)
c o OccSimplifier time     : 0.00        (0.00      % time)
c o [occur] 0.00 is overhead
c o [occur] link-in T: 0.00 cleanup T: 0.00
c o [occ-substr] long subBySub: 0 subByStr: 0 lits-rem-str: 0 T: 0.00
c o SCC time               : 0.00        (0.00      % time)
c o vrep replace time      : 0.00        (0.00      % time)
c o vrep tree roots        : 0           
c o vrep trees' crown      : 0           (0.00      leafs/tree)
c o distill long time      : 0.00        (0.00      % time)
c o distill bin time       : 0.00        (0.00      % time)
c o strength cache-irred time: 0.00        (0.00      % time)
c o strength cache-red time: 0.00        (0.00      % time)
c o avg cls in red 0       : 0.00        
c o avg cls in red 1       : 0.00        
c o avg cls in red 2       : 0.00        
c o Conflicts in UIP       : 4           (66.53     confl/time_this_thread)
c o Mem used               : 0.00        MB
c o Total time (this thread): 0.06        
c o intermediate count: 6
c o [par] Using non-parallel counting
c o ind size: 7 nvars: 7
c o opt ind size: 7 ind size: 7 nvars: 7
c o Sampling set size: 7
c o Opt sampling set size: 7
c o Bin irred/red               9          0
c o Long irred cls/tri          0          0
c o Long red cls/tri            0          0
c o [rst-cube] Num restarts: 0 orig cubes this rst: 1 final cubes this rst: 1 total orig cubes: 1 total final cubes: 1
c o total time so far: 0.05
c o decisions K                    0         -- Kdec/s:     14.18    
c o conflicts                      0            -- confl/s:    0.00     
c o rem lits triedK/rem lits remK  0         0         
c o shrink tried/useful%/lits rem  0         0.0000    0         
c o avg clsz/rem lits avg/finalavg 0.0000    0.0000    0.0000   
c o rdbs/low lbd/rem               0     0      0     
c o looks/look-computes            0/0
c o sat call/sat/unsat/confl/rst  0     0     0     0     0     
c o buddy called /unsat ratio           0     / 0.0000 
c o buddy avg num bin/long cls/vs  0.0000 / 0.0000 / 0.0000
c o buddy max num bin/long cls/vs  0     / 0     / 0    
c o orig cubes/lit-r avg/exten avg 1     / 0.00  / 0.00 
c o cubes orig/symm/final          1     / 0     / 1    
c o cubes resolved/flp-removed     0     / 0    
c o tot restarts                   0    
c o comp sortsK/avg sz             0     / 1.00000000
c o comps recordK/non-reset ratio  0 / 0.61
c o vivif: try/cls/clviv/litsravg  0         0         0         0.00      
c o toplev subs runs/bins/long-cls 0         0         0         0         0         
c o toplevel probes/fail/bprop     0         0         0         
c o Mem used                       0.00 GB
c o cache pollutions call/removed  0/0
c o cache entries K                0
c o MB cache                       4.001
c o cache K (lookup/ stores/ hits/ dels) 0      0      0      0       -- Klookup/s:  13.70    
c o cache miss rate                1.000
c o avg hit/store num vars 0.000 / 4.833
c o 
c o intermediate count: 8
c o [par] Using non-parallel counting
c o ind size: 54 nvars: 54
c o opt ind size: 54 ind size: 54 nvars: 54
c o Sampling set size: 54
c o Opt sampling set size: 54
c o Bin irred/red      77         0         
c o Long irred cls/tri 0          0         
c o Long red cls/tri   0          0         
c o [td] nodes: 54 nvars: 54 edges: 77
c o [td] Primal graph   nodes: 54 edges: 77 density: 0.026 edge/var: 1.426
c o [td] min degree heuristic
c o [td] #bags 31, tw 3, elapsed 0.000 s
c o [td] min shortcut heuristic
c o [td] run with 0.0/0.1/0.2 min balance and node_min_expansion in endless loop with varying seed
c o [td] iter 100 width: 2 stepsK remain: 99 T: 0.014
c o [td] at iter 100  Width is small, reducing conf_iters to 225
c o [td] at iter 100 Width is very small, halving steps 
c o [td] iter 200 width: 2 stepsK remain: 24 T: 0.028
c o [td] centroid bag id: 8 bag size: 3
c o [td] centroid bag id: 8 bag size: 3
c o [td] weight: 60.000 nodes: 54 rt/width(=rt): 27.000 rt*conf.td_exp_mult: 29.700 conf.td_exp_mult: 1.100 conf.td_divider: 1000.000 max ord diff: 7
c o [td] decompose time: 0.030
c o [rst-cube] Num restarts: 0 orig cubes this rst: 1 final cubes this rst: 1 total orig cubes: 1 total final cubes: 1
c o total time so far: 0.083
c o decisions K                    0         -- Kdec/s:     1.30     
c o conflicts                      0            -- confl/s:    0.00     
c o rem lits triedK/rem lits remK  0         0         
c o shrink tried/useful%/lits rem  0         0.0000    0         
c o avg clsz/rem lits avg/finalavg 0.0000    0.0000    0.0000   
c o rdbs/low lbd/rem               0     0      0     
c o looks/look-computes            0/0
c o sat call/sat/unsat/confl/rst  0     0     0     0     0     
c o buddy called /unsat ratio           0     / 0.0000 
c o buddy avg num bin/long cls/vs  0.0000 / 0.0000 / 0.0000
c o buddy max num bin/long cls/vs  0     / 0     / 0    
c o orig cubes/lit-r avg/exten avg 1     / 0.00  / 0.00 
c o cubes orig/symm/final          1     / 0     / 1    
c o cubes resolved/flp-removed     0     / 0    
c o tot restarts                   0    
c o comp sortsK/avg sz             0     / 1.00000000
c o comps recordK/non-reset ratio  0 / 0.84
c o vivif: try/cls/clviv/litsravg  0         0         0         0.00      
c o toplev subs runs/bins/long-cls 0         0         0         0         0         
c o toplevel probes/fail/bprop     0         0         0         
c o Mem used                       0.00 GB
c o cache pollutions call/removed  0/0
c o cache entries K                0
c o MB cache                       4.004
c o cache K (lookup/ stores/ hits/ dels) 0      0      0      0       -- Klookup/s:  1.30     
c o cache miss rate                1.000
c o avg hit/store num vars 0.000 / 10.610
c o 
c o intermediate count: 55
c o [par] Using non-parallel counting
c o ind size: 3 nvars: 3
c o opt ind size: 3 ind size: 3 nvars: 3
c o Sampling set size: 3
c o Opt sampling set size: 3
c o Bin irred/red      2          0         
c o Long irred cls/tri 0          0         
c o Long red cls/tri   0          0         
c o UIP search time        : 0.00        (0.01      % time)
c o restarts               : 4           (0.25      confls per restart)
c o blocked restarts       : 0           (0.00      per normal restart)
c o time                   : 0.00        
c o decisions              : 6           (0.00      % random)
c o propagations           : 13          (2599K     props/s)
c o decisions/conflicts    : 6.00        
c o conflicts              : 1           
c o conf lits non-minim    : 1           (1.00      lit/confl)
c o conf lits final        : 1.00        
c o red which0             : 0           (0.00      % of confl)
c o props/decision         : 0.00        
c o props/conflict         : 0.00        
c o 0-depth assigns        : 3           (100.00    % vars)
c o 0-depth assigns by CNF : 0           (0.00      % vars)
c o reduceDB time          : 0.00        (0.00      % time)
c o OccSimplifier time     : 0.00        (0.00      % time)
c o [occur] 0.00 is overhead
c o [occur] link-in T: 0.00 cleanup T: 0.00
c o [occ-substr] long subBySub: 0 subByStr: 0 lits-rem-str: 0 T: 0.00
c o SCC time               : 0.00        (0.00      % time)
c o vrep replace time      : 0.00        (0.00      % time)
c o vrep tree roots        : 0           
c o vrep trees' crown      : 0           (0.00      leafs/tree)
c o distill long time      : 0.00        (0.00      % time)
c o distill bin time       : 0.00        (0.00      % time)
c o strength cache-irred time: 0.00        (0.00      % time)
c o strength cache-red time: 0.00        (0.00      % time)
c o avg cls in red 0       : 0.00        
c o avg cls in red 1       : 0.00        
c o avg cls in red 2       : 0.00        
c o Conflicts in UIP       : 1           (11.00     confl/time_this_thread)
c o Mem used               : 0.00        MB
c o Total time (this thread): 0.09        
c o intermediate count: 4
c o [par] Using non-parallel counting
c o ind size: 18 nvars: 18
c o opt ind size: 18 ind size: 18 nvars: 18
c o Sampling set size: 18
c o Opt sampling set size: 18
c o Bin irred/red              19          0
c o Long irred cls/tri          0          3
c o Long red cls/tri            0          0
c o [td] too many/few vars, not running TD
c o [rst-cube] Num restarts: 0 orig cubes this rst: 1 final cubes this rst: 1 total orig cubes: 1 total final cubes: 1
c o total time so far: 0.08
c o decisions K                    0         -- Kdec/s:     53.69    
c o conflicts                      0            -- confl/s:    0.00     
c o rem lits triedK/rem lits remK  0         0         
c o shrink tried/useful%/lits rem  0         0.0000    0         
c o avg clsz/rem lits avg/finalavg 0.0000    0.0000    0.0000   
c o rdbs/low lbd/rem               0     0      0     
c o looks/look-computes            0/0
c o sat call/sat/unsat/confl/rst  0     0     0     0     0     
c o buddy called /unsat ratio           0     / 0.0000 
c o buddy avg num bin/long cls/vs  0.0000 / 0.0000 / 0.0000
c o buddy max num bin/long cls/vs  0     / 0     / 0    
c o orig cubes/lit-r avg/exten avg 1     / 0.00  / 0.00 
c o cubes orig/symm/final          1     / 0     / 1    
c o cubes resolved/flp-removed     0     / 0    
c o tot restarts                   0    
c o comp sortsK/avg sz             0     / 1.00000000
c o comps recordK/non-reset ratio  0 / 0.86
c o vivif: try/cls/clviv/litsravg  0         0         0         0.00      
c o toplev subs runs/bins/long-cls 0         0         0         0         0         
c o toplevel probes/fail/bprop     0         0         0         
c o Mem used                       0.00 GB
c o cache pollutions call/removed  0/0
c o cache entries K                0
c o MB cache                       4.002
c o cache K (lookup/ stores/ hits/ dels) 0      0      0      0       -- Klookup/s:  71.20    
c o cache miss rate                0.727
c o avg hit/store num vars 2.833 / 7.500
c o 
c o intermediate count: 147
c o [par] Using non-parallel counting
c o ind size: 170 nvars: 170
c o opt ind size: 170 ind size: 170 nvars: 170
c o Sampling set size: 170
c o Opt sampling set size: 170
c o Bin irred/red      167        0         
c o Long irred cls/tri 0          56        
c o Long red cls/tri   0          0         
c o [td] nodes: 170 nvars: 170 edges: 335
c o [td] Primal graph   nodes: 170 edges: 335 density: 0.012 edge/var: 1.971
c o [td] min degree heuristic
c o [td] #bags 136, tw 20, elapsed 0.000 s
c o [td] min shortcut heuristic
c o [td] run with 0.0/0.1/0.2 min balance and node_min_expansion in endless loop with varying seed
c o [td] #bags 37 tw 18 elapsed 0.003 s
c o [td] #bags 39 tw 17 elapsed 0.006 s
c o [td] #bags 42 tw 16 elapsed 0.053 s
c o [td] #bags 44 tw 15 elapsed 0.053 s
c o [td] iter 100 width: 15 stepsK remain: 99 T: 0.134
c o [td] at iter 100  Width is small, reducing conf_iters to 225
c o [td] at iter 100 Width is very small, halving steps 
c o [td] iter 200 width: 15 stepsK remain: 24 T: 0.254
c o [td] centroid bag id: 0 bag size: 13
c o [td] centroid bag id: 0 bag size: 13
c o [td] weight: 60.000 nodes: 170 rt/width(=rt): 11.333 rt*conf.td_exp_mult: 12.467 conf.td_exp_mult: 1.100 conf.td_divider: 1000.000 max ord diff: 5
c o [td] decompose time: 0.265
c o [rst-cube] Num restarts: 0 orig cubes this rst: 1 final cubes this rst: 1 total orig cubes: 1 total final cubes: 1
c o total time so far: 0.383
c o decisions K                    13        -- Kdec/s:     46.50    
c o conflicts                      0            -- confl/s:    0.00     
c o rem lits triedK/rem lits remK  0         0         
c o shrink tried/useful%/lits rem  0         0.0000    0         
c o avg clsz/rem lits avg/finalavg 0.0000    0.0000    0.0000   
c o rdbs/low lbd/rem               0     0      0     
c o looks/look-computes            0/0
c o sat call/sat/unsat/confl/rst  0     0     0     0     0     
c o buddy called /unsat ratio           0     / 0.0000 
c o buddy avg num bin/long cls/vs  0.0000 / 0.0000 / 0.0000
c o buddy max num bin/long cls/vs  0     / 0     / 0    
c o orig cubes/lit-r avg/exten avg 1     / 0.00  / 0.00 
c o cubes orig/symm/final          1     / 0     / 1    
c o cubes resolved/flp-removed     0     / 0    
c o tot restarts                   0    
c o comp sortsK/avg sz             13    / 1.05885927
c o comps recordK/non-reset ratio  52 / 0.72
c o vivif: try/cls/clviv/litsravg  0         0         0         0.00      
c o toplev subs runs/bins/long-cls 0         0         0         0         0         
c o toplevel probes/fail/bprop     0         0         0         
c o Mem used                       0.00 GB
c o cache pollutions call/removed  0/0
c o cache entries K                13
c o MB cache                       5.822
c o cache K (lookup/ stores/ hits/ dels) 45     13     32     0       -- Klookup/s:  153.27   
c o cache miss rate                0.303
c o avg hit/store num vars 15.741 / 46.290
c o 
c o intermediate count: 11235870764415879020
c o [par] Using non-parallel counting
c o ind size: 3 nvars: 3
c o opt ind size: 3 ind size: 3 nvars: 3
c o Sampling set size: 3
c o Opt sampling set size: 3
c o Bin irred/red      3          0         
c o Long irred cls/tri 0          0         
c o Long red cls/tri   0          0         
c o UIP search time        : 0.00        (0.00      % time)
c o restarts               : 4           (0.50      confls per restart)
c o blocked restarts       : 0           (0.00      per normal restart)
c o time                   : 0.00        
c o decisions              : 6           (0.00      % random)
c o propagations           : 13          (1625K     props/s)
c o decisions/conflicts    : 3.00        
c o conflicts              : 2           
c o conf lits non-minim    : 2           (1.00      lit/confl)
c o conf lits final        : 1.00        
c o red which0             : 0           (0.00      % of confl)
c o props/decision         : 0.00        
c o props/conflict         : 0.00        
c o 0-depth assigns        : 3           (100.00    % vars)
c o 0-depth assigns by CNF : 0           (0.00      % vars)
c o reduceDB time          : 0.00        (0.00      % time)
c o OccSimplifier time     : 0.00        (0.00      % time)
c o [occur] 0.00 is overhead
c o [occur] link-in T: 0.00 cleanup T: 0.00
c o [occ-substr] long subBySub: 0 subByStr: 0 lits-rem-str: 0 T: 0.00
c o SCC time               : 0.00        (0.00      % time)
c o vrep replace time      : 0.00        (0.00      % time)
c o vrep tree roots        : 0           
c o vrep trees' crown      : 0           (0.00      leafs/tree)
c o distill long time      : 0.00        (0.00      % time)
c o distill bin time       : 0.00        (0.00      % time)
c o strength cache-irred time: 0.00        (0.00      % time)
c o strength cache-red time: 0.00        (0.00      % time)
c o avg cls in red 0       : 0.00        
c o avg cls in red 1       : 0.00        
c o avg cls in red 2       : 0.00        
c o Conflicts in UIP       : 2           (5.09      confl/time_this_thread)
c o Mem used               : 0.00        MB
c o Total time (this thread): 0.39        
c o intermediate count: 4
c o [par] Using non-parallel counting
c o ind size: 3 nvars: 3
c o opt ind size: 3 ind size: 3 nvars: 3
c o Sampling set size: 3
c o Opt sampling set size: 3
c o Bin irred/red               3          0
c o Long irred cls/tri          0          0
c o Long red cls/tri            0          0
c o UIP search time        : 0.00        (0.00      % time)
c o restarts               : 4           (0.50      confls per restart)
c o blocked restarts       : 0           (0.00      per normal restart)
c o time                   : 0.00        
c o decisions              : 6           (0.00      % random)
c o propagations           : 13          (2599K     props/s)
c o decisions/conflicts    : 3.00        
c o conflicts              : 2           
c o conf lits non-minim    : 2           (1.00      lit/confl)
c o conf lits final        : 1.00        
c o red which0             : 0           (0.00      % of confl)
c o props/decision         : 0.00        
c o props/conflict         : 0.00        
c o 0-depth assigns        : 3           (100.00    % vars)
c o 0-depth assigns by CNF : 0           (0.00      % vars)
c o reduceDB time          : 0.00        (0.00      % time)
c o OccSimplifier time     : 0.00        (0.00      % time)
c o [occur] 0.00 is overhead
c o [occur] link-in T: 0.00 cleanup T: 0.00
c o [occ-substr] long subBySub: 0 subByStr: 0 lits-rem-str: 0 T: 0.00
c o SCC time               : 0.00        (0.00      % time)
c o vrep replace time      : 0.00        (0.00      % time)
c o vrep tree roots        : 0           
c o vrep trees' crown      : 0           (0.00      leafs/tree)
c o distill long time      : 0.00        (0.00      % time)
c o distill bin time       : 0.00        (0.00      % time)
c o strength cache-irred time: 0.00        (0.00      % time)
c o strength cache-red time: 0.00        (0.00      % time)
c o avg cls in red 0       : 0.00        
c o avg cls in red 1       : 0.00        
c o avg cls in red 2       : 0.00        
c o Conflicts in UIP       : 2           (5.09      confl/time_this_thread)
c o Mem used               : 0.00        MB
c o Total time (this thread): 0.39        
c o intermediate count: 4
c o [par] Using non-parallel counting
c o ind size: 3 nvars: 3
c o opt ind size: 3 ind size: 3 nvars: 3
c o Sampling set size: 3
c o Opt sampling set size: 3
c o Bin irred/red               3          0
c o Long irred cls/tri          0          0
c o Long red cls/tri            0          0
c o UIP search time        : 0.00        (0.00      % time)
c o restarts               : 4           (0.50      confls per restart)
c o blocked restarts       : 0           (0.00      per normal restart)
c o time                   : 0.00        
c o decisions              : 6           (0.00      % random)
c o propagations           : 13          (6499K     props/s)
c o decisions/conflicts    : 3.00        
c o conflicts              : 2           
c o conf lits non-minim    : 2           (1.00      lit/confl)
c o conf lits final        : 1.00        
c o red which0             : 0           (0.00      % of confl)
c o props/decision         : 0.00        
c o props/conflict         : 0.00        
c o 0-depth assigns        : 3           (100.00    % vars)
c o 0-depth assigns by CNF : 0           (0.00      % vars)
c o reduceDB time          : 0.00        (0.00      % time)
c o OccSimplifier time     : 0.00        (0.00      % time)
c o [occur] 0.00 is overhead
c o [occur] link-in T: 0.00 cleanup T: 0.00
c o [occ-substr] long subBySub: 0 subByStr: 0 lits-rem-str: 0 T: 0.00
c o SCC time               : 0.00        (0.00      % time)
c o vrep replace time      : 0.00        (0.00      % time)
c o vrep tree roots        : 0           
c o vrep trees' crown      : 0           (0.00      leafs/tree)
c o distill long time      : 0.00        (0.00      % time)
c o distill bin time       : 0.00        (0.00      % time)
c o strength cache-irred time: 0.00        (0.00      % time)
c o strength cache-red time: 0.00        (0.00      % time)
c o avg cls in red 0       : 0.00        
c o avg cls in red 1       : 0.00        
c o avg cls in red 2       : 0.00        
c o Conflicts in UIP       : 2           (5.09      confl/time_this_thread)
c o Mem used               : 0.00        MB
c o Total time (this thread): 0.39        
c o intermediate count: 4
c o [par] Using non-parallel counting
c o ind size: 3 nvars: 3
c o opt ind size: 3 ind size: 3 nvars: 3
c o Sampling set size: 3
c o Opt sampling set size: 3
c o Bin irred/red               3          0
c o Long irred cls/tri          0          0
c o Long red cls/tri            0          0
c o UIP search time        : 0.00        (0.00      % time)
c o restarts               : 4           (0.50      confls per restart)
c o blocked restarts       : 0           (0.00      per normal restart)
c o time                   : 0.00        
c o decisions              : 6           (0.00      % random)
c o propagations           : 13          (12999K    props/s)
c o decisions/conflicts    : 3.00        
c o conflicts              : 2           
c o conf lits non-minim    : 2           (1.00      lit/confl)
c o conf lits final        : 1.00        
c o red which0             : 0           (0.00      % of confl)
c o props/decision         : 0.00        
c o props/conflict         : 0.00        
c o 0-depth assigns        : 3           (100.00    % vars)
c o 0-depth assigns by CNF : 0           (0.00      % vars)
c o reduceDB time          : 0.00        (0.00      % time)
c o OccSimplifier time     : 0.00        (0.00      % time)
c o [occur] 0.00 is overhead
c o [occur] link-in T: 0.00 cleanup T: 0.00
c o [occ-substr] long subBySub: 0 subByStr: 0 lits-rem-str: 0 T: 0.00
c o SCC time               : 0.00        (0.00      % time)
c o vrep replace time      : 0.00        (0.00      % time)
c o vrep tree roots        : 0           
c o vrep trees' crown      : 0           (0.00      leafs/tree)
c o distill long time      : 0.00        (0.00      % time)
c o distill bin time       : 0.00        (0.00      % time)
c o strength cache-irred time: 0.00        (0.00      % time)
c o strength cache-red time: 0.00        (0.00      % time)
c o avg cls in red 0       : 0.00        
c o avg cls in red 1       : 0.00        
c o avg cls in red 2       : 0.00        
c o Conflicts in UIP       : 2           (5.09      confl/time_this_thread)
c o Mem used               : 0.00        MB
c o Total time (this thread): 0.39        
c o intermediate count: 4
c o [par] Using non-parallel counting
c o ind size: 3 nvars: 3
c o opt ind size: 3 ind size: 3 nvars: 3
c o Sampling set size: 3
c o Opt sampling set size: 3
c o Bin irred/red               3          0
c o Long irred cls/tri          0          0
c o Long red cls/tri            0          0
c o UIP search time        : 0.00        (0.00      % time)
c o restarts               : 4           (0.50      confls per restart)
c o blocked restarts       : 0           (0.00      per normal restart)
c o time                   : 0.00        
c o decisions              : 6           (0.00      % random)
c o propagations           : 13          (4333K     props/s)
c o decisions/conflicts    : 3.00        
c o conflicts              : 2           
c o conf lits non-minim    : 2           (1.00      lit/confl)
c o conf lits final        : 1.00        
c o red which0             : 0           (0.00      % of confl)
c o props/decision         : 0.00        
c o props/conflict         : 0.00        
c o 0-depth assigns        : 3           (100.00    % vars)
c o 0-depth assigns by CNF : 0           (0.00      % vars)
c o reduceDB time          : 0.00        (0.00      % time)
c o OccSimplifier time     : 0.00        (0.00      % time)
c o [occur] 0.00 is overhead
c o [occur] link-in T: 0.00 cleanup T: 0.00
c o [occ-substr] long subBySub: 0 subByStr: 0 lits-rem-str: 0 T: 0.00
c o SCC time               : 0.00        (0.00      % time)
c o vrep replace time      : 0.00        (0.00      % time)
c o vrep tree roots        : 0           
c o vrep trees' crown      : 0           (0.00      leafs/tree)
c o distill long time      : 0.00        (0.00      % time)
c o distill bin time       : 0.00        (0.00      % time)
c o strength cache-irred time: 0.00        (0.00      % time)
c o strength cache-red time: 0.00        (0.00      % time)
c o avg cls in red 0       : 0.00        
c o avg cls in red 1       : 0.00        
c o avg cls in red 2       : 0.00        
c o Conflicts in UIP       : 2           (5.09      confl/time_this_thread)
c o Mem used               : 0.00        MB
c o Total time (this thread): 0.39        
c o intermediate count: 4
c o [par] Using non-parallel counting
c o ind size: 3 nvars: 3
c o opt ind size: 3 ind size: 3 nvars: 3
c o Sampling set size: 3
c o Opt sampling set size: 3
c o Bin irred/red               3          0
c o Long irred cls/tri          0          0
c o Long red cls/tri            0          0
c o UIP search time        : 0.00        (0.00      % time)
c o restarts               : 4           (0.50      confls per restart)
c o blocked restarts       : 0           (0.00      per normal restart)
c o time                   : 0.00        
c o decisions              : 6           (0.00      % random)
c o propagations           : 13          (6499K     props/s)
c o decisions/conflicts    : 3.00        
c o conflicts              : 2           
c o conf lits non-minim    : 2           (1.00      lit/confl)
c o conf lits final        : 1.00        
c o red which0             : 0           (0.00      % of confl)
c o props/decision         : 0.00        
c o props/conflict         : 0.00        
c o 0-depth assigns        : 3           (100.00    % vars)
c o 0-depth assigns by CNF : 0           (0.00      % vars)
c o reduceDB time          : 0.00        (0.00      % time)
c o OccSimplifier time     : 0.00        (0.00      % time)
c o [occur] 0.00 is overhead
c o [occur] link-in T: 0.00 cleanup T: 0.00
c o [occ-substr] long subBySub: 0 subByStr: 0 lits-rem-str: 0 T: 0.00
c o SCC time               : 0.00        (0.00      % time)
c o vrep replace time      : 0.00        (0.00      % time)
c o vrep tree roots        : 0           
c o vrep trees' crown      : 0           (0.00      leafs/tree)
c o distill long time      : 0.00        (0.00      % time)
c o distill bin time       : 0.00        (0.00      % time)
c o strength cache-irred time: 0.00        (0.00      % time)
c o strength cache-red time: 0.00        (0.00      % time)
c o avg cls in red 0       : 0.00        
c o avg cls in red 1       : 0.00        
c o avg cls in red 2       : 0.00        
c o Conflicts in UIP       : 2           (5.09      confl/time_this_thread)
c o Mem used               : 0.00        MB
c o Total time (this thread): 0.39        
c o intermediate count: 4
c o [par] Using non-parallel counting
c o ind size: 3 nvars: 3
c o opt ind size: 3 ind size: 3 nvars: 3
c o Sampling set size: 3
c o Opt sampling set size: 3
c o Bin irred/red               3          0
c o Long irred cls/tri          0          0
c o Long red cls/tri            0          0
c o UIP search time        : 0.00        (0.00      % time)
c o restarts               : 4           (0.50      confls per restart)
c o blocked restarts       : 0           (0.00      per normal restart)
c o time                   : 0.00        
c o decisions              : 6           (0.00      % random)
c o propagations           : 13          (13000K    props/s)
c o decisions/conflicts    : 3.00        
c o conflicts              : 2           
c o conf lits non-minim    : 2           (1.00      lit/confl)
c o conf lits final        : 1.00        
c o red which0             : 0           (0.00      % of confl)
c o props/decision         : 0.00        
c o props/conflict         : 0.00        
c o 0-depth assigns        : 3           (100.00    % vars)
c o 0-depth assigns by CNF : 0           (0.00      % vars)
c o reduceDB time          : 0.00        (0.00      % time)
c o OccSimplifier time     : 0.00        (0.00      % time)
c o [occur] 0.00 is overhead
c o [occur] link-in T: 0.00 cleanup T: 0.00
c o [occ-substr] long subBySub: 0 subByStr: 0 lits-rem-str: 0 T: 0.00
c o SCC time               : 0.00        (0.00      % time)
c o vrep replace time      : 0.00        (0.00      % time)
c o vrep tree roots        : 0           
c o vrep trees' crown      : 0           (0.00      leafs/tree)
c o distill long time      : 0.00        (0.00      % time)
c o distill bin time       : 0.00        (0.00      % time)
c o strength cache-irred time: 0.00        (0.00      % time)
c o strength cache-red time: 0.00        (0.00      % time)
c o avg cls in red 0       : 0.00        
c o avg cls in red 1       : 0.00        
c o avg cls in red 2       : 0.00        
c o Conflicts in UIP       : 2           (5.08      confl/time_this_thread)
c o Mem used               : 0.00        MB
c o Total time (this thread): 0.39        
c o intermediate count: 4
c o [par] Using non-parallel counting
c o ind size: 3 nvars: 3
c o opt ind size: 3 ind size: 3 nvars: 3
c o Sampling set size: 3
c o Opt sampling set size: 3
c o Bin irred/red               3          0
c o Long irred cls/tri          0          0
c o Long red cls/tri            0          0
c o UIP search time        : 0.00        (0.00      % time)
c o restarts               : 4           (0.50      confls per restart)
c o blocked restarts       : 0           (0.00      per normal restart)
c o time                   : 0.00        
c o decisions              : 6           (0.00      % random)
c o propagations           : 13          (4333K     props/s)
c o decisions/conflicts    : 3.00        
c o conflicts              : 2           
c o conf lits non-minim    : 2           (1.00      lit/confl)
c o conf lits final        : 1.00        
c o red which0             : 0           (0.00      % of confl)
c o props/decision         : 0.00        
c o props/conflict         : 0.00        
c o 0-depth assigns        : 3           (100.00    % vars)
c o 0-depth assigns by CNF : 0           (0.00      % vars)
c o reduceDB time          : 0.00        (0.00      % time)
c o OccSimplifier time     : 0.00        (0.00      % time)
c o [occur] 0.00 is overhead
c o [occur] link-in T: 0.00 cleanup T: 0.00
c o [occ-substr] long subBySub: 0 subByStr: 0 lits-rem-str: 0 T: 0.00
c o SCC time               : 0.00        (0.00      % time)
c o vrep replace time      : 0.00        (0.00      % time)
c o vrep tree roots        : 0           
c o vrep trees' crown      : 0           (0.00      leafs/tree)
c o distill long time      : 0.00        (0.00      % time)
c o distill bin time       : 0.00        (0.00      % time)
c o strength cache-irred time: 0.00        (0.00      % time)
c o strength cache-red time: 0.00        (0.00      % time)
c o avg cls in red 0       : 0.00        
c o avg cls in red 1       : 0.00        
c o avg cls in red 2       : 0.00        
c o Conflicts in UIP       : 2           (5.08      confl/time_this_thread)
c o Mem used               : 0.00        MB
c o Total time (this thread): 0.39        
c o intermediate count: 4
c o [par] Using non-parallel counting
c o ind size: 2 nvars: 2
c o opt ind size: 2 ind size: 2 nvars: 2
c o Sampling set size: 2
c o Opt sampling set size: 2
c o Bin irred/red               1          0
c o Long irred cls/tri          0          0
c o Long red cls/tri            0          0
c o UIP search time        : 0.00        (0.00      % time)
c o restarts               : 3           (0.33      confls per restart)
c o blocked restarts       : 0           (0.00      per normal restart)
c o time                   : 0.00        
c o decisions              : 4           (0.00      % random)
c o propagations           : 7           (3499K     props/s)
c o decisions/conflicts    : 4.00        
c o conflicts              : 1           
c o conf lits non-minim    : 1           (1.00      lit/confl)
c o conf lits final        : 1.00        
c o red which0             : 0           (0.00      % of confl)
c o props/decision         : 0.00        
c o props/conflict         : 0.00        
c o 0-depth assigns        : 2           (100.00    % vars)
c o 0-depth assigns by CNF : 0           (0.00      % vars)
c o reduceDB time          : 0.00        (0.00      % time)
c o OccSimplifier time     : 0.00        (0.00      % time)
c o [occur] 0.00 is overhead
c o [occur] link-in T: 0.00 cleanup T: 0.00
c o [occ-substr] long subBySub: 0 subByStr: 0 lits-rem-str: 0 T: 0.00
c o SCC time               : 0.00        (0.00      % time)
c o vrep replace time      : 0.00        (0.00      % time)
c o vrep tree roots        : 0           
c o vrep trees' crown      : 0           (0.00      leafs/tree)
c o distill long time      : 0.00        (0.00      % time)
c o distill bin time       : 0.00        (0.00      % time)
c o strength cache-irred time: 0.00        (0.00      % time)
c o strength cache-red time: 0.00        (0.00      % time)
c o avg cls in red 0       : 0.00        
c o avg cls in red 1       : 0.00        
c o avg cls in red 2       : 0.00        
c o Conflicts in UIP       : 1           (2.54      confl/time_this_thread)
c o Mem used               : 0.00        MB
c o Total time (this thread): 0.39        
c o intermediate count: 3
c o Total time [Arjun+GANAK]: 0.38
s SATISFIABLE
c s type mc
c s log10-estimate 5.92811013e+01
c s exact arb int 191029877462537146700207540332399230969482128038712836096000
c s pac guarantees epsilon: 0 delta: 0
