c o Ganak SHA1: 70de63c2638b19d63bc8d68a494993bb70f274a8
c o Arjun SHA1: 70de63c2638b19d63bc8d68a494993bb70f274a8
c o SBVA SHA1: 70de63c2638b19d63bc8d68a494993bb70f274a8
c o CMS SHA1: 70de63c2638b19d63bc8d68a494993bb70f274a8
c o ApproxMC SHA1: GIT-hash-notfound
c o Using ideas by JM Lagniez, and Pierre Marquis
c o     from paper: Improving Model Counting [..] IJCAI 2016
c o Using VMTF, picosat, CaDiCaL, and CadiBack code by Armin Biere
c o CMS is MIT licensed
c o Using code from 'When Boolean Satisfiability Meets Gauss-E. in a Simplex Way'
c o       by C.-S. Han and J.-H. Roland Jiang in CAV 2012. Fixes by M. Soos
c o Using CCAnr from 'CCAnr: A Conf. Checking Based Local Search Solver [...]'
c o       by Shaowei Cai, Chuan Luo, and Kaile Su, SAT 2015
c o Using Oracle code from 'Integrating Tree Decompositions [...]'
c o       by Tuukka Korhonen and Matti Jarvisalo, CP 2021
c o Using Graph library by Tuukka Korhonen and Matti Jarvisalo
c o Using Flowcutter by Ben Strasser
c o Ganak compilation env CMAKE_CXX_COMPILER = /usr/bin/c++ | CMAKE_CXX_FLAGS =  -fno-stack-protector -msse4.2 -Wnull-dereference -Wdouble-promotion -Wshadow -Wformat=2 -Wextra-semi -pedantic | COMPILE_DEFINES =  -DNDEBUG -D_FORTIFY_SOURCE=0 | BUILD_SHARED_LIBS = OFF | ZLIB_FOUND = FALSE | ENABLE_ASSERTIONS = OFF | 
c o called with: /Users/konstantin.kutzkov/Desktop/Code/COCOA/ganak-canonical/build/ganak --prob 0 /Users/konstantin.kutzkov/Desktop/Code/SharpSAT/temp_cnf/mc2026_public/mc2026_track1_169.cnf
c o CNF projection set size: 636
c o --> Executing strategy token: clean-cls
c o --> Executing strategy token: must-scc-vrepl
c o [scc] new: 53 BP 0M T: 0.00
c o [vrep] vars 53 lits 689 rem-bin-cls 212 rem-long-cls 0 BP 0M T: 0.00
c o [consolidate] mini T: 0.00
c o global_timeout_multiplier: 2.5
c o [branch] rebuilding order heap for all branchings. Current branching: vsids
c o [0m[arjun-simp] probing all sampling variables[0m
c o --> Executing strategy token: must-scc-vrepl
c o [scc] new: 0 BP 0M T: 0.00
c o [vrep] vars 0 lits 0 rem-bin-cls 0 rem-long-cls 0 BP 0M T: 0.00
c o [consolidate] mini T: 0.00
c o global_timeout_multiplier: 2.5
c o [branch] rebuilding order heap for all branchings. Current branching: vsids
c o [0m[arjun-simp] Removed set       : 11 new size: 625[0m
c o [0m[arjun-simp] Removed eq lits: 53 new size: 572[0m
c o [0m[arjun-simp] probe removed: 64 perc: 10.06 T: 0.00[0m
c o [0m[arjun-simp] Removed eq lits: 0 new size: 572[0m
c o [0m[arjun-simp] Removed set       : 0 new size: 572[0m
c o [0m[arjun-simp] get-empties removed: 0 perc: 0.00 total empties now: 0 T: 0.00[0m
c o [0m[arjun-simp] CMS::simplify() with no BVE, intree probe...[0m
c o --> Executing strategy token: str-impl
c [impl-str] lit bin: 0 set-var: 0 T: 0.00 T-out: N T-r: 99.99% w-visit: 1272
c o --> Executing strategy token: intree-probe
c o [scc] new: 0 BP 0M T: 0.00
c o [vrep] vars 0 lits 0 rem-bin-cls 0 rem-long-cls 0 BP 0M T: 0.00
c o [intree] Set 0 vars hyper-added: 0 trans-irred: 0 trans-red: 0 T: 0.00 T-out: N T-r: -0.00%
c o Executing OCC strategy token(s): 'occ-ternary-res,occ-backw-sub,
c o [occ] mem usage for occur      0 MB
c o [occ] Linked in IRRED BIN by default: 652
c o [occ] Linked in RED   BIN by default: 0
c o [occ] mem usage for occur      0 MB
c o Mem for watch alloc    : 0           MB (0.00      %)
c o Mem for watch array    : 0           MB (0.00      %)
c o Executing OCC strategy token: occ-ternary-res
c o [occ-ternary-res] Ternary res-tri: 308 res-bin: 0 sub: 61 str: 0 T: 0.00 T-out: N T-r: 99.92%
c o Executing OCC strategy token: occ-backw-sub
c o [occ-backw-sub-long-w-long] rem cl: 0 tried: 1336/1336 (100.0%) T: 0.00 T-out: N T-r: 99.97%
c o --> Executing strategy token: distill-litrem
c [distill-litrem] useful: 0/3084/1028 lits-rem: 0 0-depth-assigns: 0 T: 0.00 T-out: N
c o --> Executing strategy token: must-distill-cls
c o [distill-long-irred] cls tried: 1028/1028 T: 0.00 T-out: N T-r: 99.85%
c o [distill-long-irred] cls tried: 1028/1028 T: 0.00 T-out: N T-r: 99.82%
c o --> Executing strategy token: distill-bins
c o [distill-bin] useful: 0/652/652 lits-rem: 0 cl-rem: 0 0-depth-assigns: 0 T: 0.00 T-out: N
c o --> Executing strategy token: oracle-vivif-veryfast
c o --> Executing strategy token: must-renumber
c o [oracle-bin] potential pairs: 1315 T: 0.0
c o --> Executing strategy token: must-scc-vrepl
c o [scc] new: 3 BP 0M T: 0.00
c o [vrep] vars 3 lits 53 rem-bin-cls 16 rem-long-cls 0 BP 0M T: 0.00
c o [oracle-vivif] lits-rem: 1 learnt-units: 0 T-out: N T-remain: 99.3% T: 0.03
c o [oracle-bin] bin-added: 220 equiv-added: 3 T-out: Y T-remain: 98.50% T: 0.03
c o [oracle-vivif] cache usefulness: 95% total T: 0.06
c o [consolidate] mini T: 0.00
c o global_timeout_multiplier: 2.5000
c o [branch] rebuilding order heap for all branchings. Current branching: vsids
c o --> Executing strategy token: scc-vrepl
c o [scc] new: 0 BP 0M T: 0.00
c o [vrep] vars 0 lits 0 rem-bin-cls 0 rem-long-cls 0 BP 0M T: 0.00
c o --> Executing strategy token: sub-impl
c o [impl-sub] bin: 185 T: 0.00 T-out: N w-visit: 1272
c o --> Executing strategy token: breakid
c o Executing OCC strategy token(s): 'occ-backw-sub-str,occ-clean-implicit,occ-bve,occ-bva,occ-ternary-res,occ-xor,
c o [occ] mem usage for occur      0 MB
c o [occ] Linked in IRRED BIN by default: 649
c o [occ] Linked in RED   BIN by default: 29
c o [occ] mem usage for occur      0 MB
c o Mem for watch alloc    : 0           MB (0.00      %)
c o Mem for watch array    : 0           MB (0.00      %)
c o Executing OCC strategy token: occ-backw-sub-str
c o [occ-backw-sub-str-long-w-bins] subs: 0 str: 0 tried: 678 0-depth ass: 0 T: 0.00 T-out: N T-r: 99.89%
c o [occ-backw-sub-long-w-long] rem cl: 0 tried: 1274/1274 (100.0%) T: 0.00 T-out: N T-r: 99.97%
c o [occ-backw-sub-str-long-w-long] sub: 0 str: 0 tried: 3822/1274 (300.0)  T: 0.00 T-out: N T-r: 99.83%
c o Executing OCC strategy token: occ-clean-implicit
c o Executing OCC strategy token: occ-bve
c o Executing OCC strategy token: occ-bva
c o Executing OCC strategy token: occ-ternary-res
c o [occ-ternary-res] Ternary res-tri: 309 res-bin: 0 sub: 57 str: 0 T: 0.00 T-out: N T-r: 99.92%
c o Executing OCC strategy token: occ-xor
c o --> Executing strategy token: card-find
c o --> Executing strategy token: cl-consolidate
c o Not consolidating memory.
c o --> Executing strategy token: scc-vrepl
c o [scc] new: 0 BP 0M T: 0.00
c o [vrep] vars 0 lits 0 rem-bin-cls 0 rem-long-cls 0 BP 0M T: 0.00
c o --> Executing strategy token: renumber
c o --> Executing strategy token: louvain-comms
c o [consolidate] mini T: 0.00
c o global_timeout_multiplier: 2.5000
c o [branch] rebuilding order heap for all branchings. Current branching: vsids
c o [0m[arjun-simp] Removed set       : 0 new size: 572[0m
c o [0m[arjun-simp] CMS::simplify() with no BVE finished. T: 0.0677[0m
c o [0mWARNING: Turning off gates, because the sampling size is small, so we can just do it. Size: 572[0m
c o --> Executing strategy token: must-scc-vrepl
c o [scc] new: 0 BP 0M T: 0.00
c o [vrep] vars 0 lits 0 rem-bin-cls 0 rem-long-cls 0 BP 0M T: 0.00
c o --> Executing strategy token: clean-cls
c o --> Executing strategy token: sub-impl
c o [impl-sub] bin: 0 T: 0.00 T-out: N w-visit: 1272
c o [consolidate] mini T: 0.00
c o global_timeout_multiplier: 2.5000
c o [branch] rebuilding order heap for all branchings. Current branching: vsids
c o --> Executing strategy token: must-scc-vrepl
c o [scc] new: 0 BP 0M T: 0.00
c o [vrep] vars 0 lits 0 rem-bin-cls 0 rem-long-cls 0 BP 0M T: 0.00
c o --> Executing strategy token: clean-cls
c o --> Executing strategy token: sub-impl
c o [impl-sub] bin: 0 T: 0.00 T-out: N w-visit: 1272
c o [consolidate] mini T: 0.00
c o global_timeout_multiplier: 2.5000
c o [branch] rebuilding order heap for all branchings. Current branching: vsids
c o [0m[arjun-simp] Removed eq lits: 3 new size: 569[0m
c o [0m[arjun-simp] Removed set       : 0 new size: 569[0m
c o [0m[arjun-simp] get-empties removed: 0 perc: 0.00 total empties now: 0 T: 0.00[0m
c o [0m[arjun-simp] probing all sampling variables[0m
c o [0m[arjun-simp] Removed set       : 0 new size: 569[0m
c o [0m[arjun-simp] Removed eq lits: 0 new size: 569[0m
c o [0m[arjun-simp] probe removed: 0 perc: 0.00 T: 0.00[0m
c o [0m[arjun-simp] Removed eq lits: 0 new size: 569[0m
c o [0m[arjun-simp] Removed set       : 0 new size: 569[0m
c o [0m[arjun-simp] get-empties removed: 0 perc: 0.00 total empties now: 0 T: 0.00[0m
c o [0m[arjun] simplification finished  removed: 67 perc: 10.53 T: 0.07[0m
c o [0m[arjun] Duplicating CNF...[0m
c o [0m[arjun] Duplicated CNF. T: 0.00[0m
c o [0m[arjun] CMS::simplify() with *only* BVE...[0m
c o Executing OCC strategy token(s): 'occ-bve,
c o [occ] mem usage for occur      0 MB
c o [occ] Linked in IRRED BIN by default: 1407
c o [occ] Linked in RED   BIN by default: 29
c o [occ] mem usage for occur      0 MB
c o Mem for watch alloc    : 0           MB (0.00      %)
c o Mem for watch array    : 0           MB (0.00      %)
c o Executing OCC strategy token: occ-bve
c o [occ-empty-res] Empty resolvent elimed: 0 T: 0.00 T-out: N
c o [occ-bve] iter v-elim 56
c o cl_inc_rate=0.97, var_dec_rate=1.05 (grow=0)
c o Reduced to 1138 vars, 3348 cls (grow=0)
c o [occ-bve] iter v-elim 0
c o cl_inc_rate=1.00, var_dec_rate=1.00 (grow=3)
c o Reduced to 1138 vars, 3348 cls (grow=3)
c o [occ-bve] iter v-elim 0
c o cl_inc_rate=1.00, var_dec_rate=1.00 (grow=4)
c o Reduced to 1138 vars, 3348 cls (grow=4)
c o [occ-bve] iter v-elim 0
c o cl_inc_rate=1.00, var_dec_rate=1.00 (grow=6)
c o Reduced to 1138 vars, 3348 cls (grow=6)
c o [occ-bve] iter v-elim 0
c o cl_inc_rate=1.00, var_dec_rate=1.00 (grow=9)
c o Reduced to 1138 vars, 3348 cls (grow=9)
c o [occ-bve] iter v-elim 0
c o cl_inc_rate=1.00, var_dec_rate=1.00 (grow=13)
c o Reduced to 1138 vars, 3348 cls (grow=13)
c o [occ-bve] iter v-elim 0
c o cl_inc_rate=1.00, var_dec_rate=1.00 (grow=16)
c o Reduced to 1138 vars, 3348 cls (grow=16)
c o x n vars       : 1138
c o #try to eliminate:    56
c o #var-elim        :    56
c o #T-o: N
c o #T-r: 100.00%
c o #T  : 0.00
c o [occur] 0.00 is overhead
c o [occur] link-in T: 0.00 cleanup T: 0.00
c o [occ-xor-bve] elimed: 0 T: 0.00 T-out: N
c o [consolidate] mini T: 0.00
c o global_timeout_multiplier: 2.5000
c o [branch] rebuilding order heap for all branchings. Current branching: vsids
c o [0m[arjun] CMS::simplify() with *only* BVE finished. T: 0.0005[0m
c o [0m[arjun] Adding fixed clauses time: 0.0001[0m
c o [0m[backward FAST] Start unknown size: 569[0m
c o [0m[31m[arjun] backward round finished. U:  I: 72 T: 0.07[0m
c o [0m[arjun] run_minimize_indep finished T: 0.14[0m
c o --> Executing strategy token: must-scc-vrepl
c o [scc] new: 56 BP 0M T: 0.00
c o [vrep] vars 56 lits 945 rem-bin-cls 333 rem-long-cls 1 BP 0M T: 0.00
c o --> Executing strategy token: full-probe
c o [full-probe]  bin_only: 0 set: 0 repl: 0 T: 0.00 T-out: N T-r: 99.96%
c o --> Executing strategy token: sub-impl
c o [impl-sub] bin: 0 T: 0.00 T-out: N w-visit: 1272
c o --> Executing strategy token: sub-cls-with-bin
c o [distill] watch-based irred--  cl tried     1027 cl-sh     0 cl-rem    0 lit-rem      0 T: 0.00 T-out: N
c o [distill] watch-based   red--  cl tried        0 cl-sh     0 cl-rem    0 lit-rem      0 T: 0.00 T-out: N
c o --> Executing strategy token: distill-cls-onlyrem
c o [distill-long-irred] cls tried: 1027/1027 T: 0.00 T-out: N T-r: 99.99%
c o Executing OCC strategy token(s): 'occ-backw-sub,occ-resolv-subs,occ-rem-with-orgates,occ-ternary-res,
c o [occ] mem usage for occur      0 MB
c o [occ] Linked in IRRED BIN by default: 649
c o [occ] Linked in RED   BIN by default: 0
c o Mem for watch alloc    : 0           MB (0.00      %)
c o Mem for watch array    : 0           MB (0.00      %)
c o Executing OCC strategy token: occ-backw-sub
c o [occ-backw-sub-long-w-long] rem cl: 0 tried: 1027/1027 (100.0%) T: 0.00 T-out: N T-r: 99.98%
c o Executing OCC strategy token: occ-resolv-subs
c o [occ-resolv-subs] removed: 0 checked: 5447 T: 0.0
c o Executing OCC strategy token: occ-rem-with-orgates
c o [occ-gates] found:   325 avg-s: 2.0 T: 0.00 T-out: N T-r: 99.97%
c o [occ-gate-based-lit-rem] lit-rem: 175 cl-rem: 0 T: 0.00 T-out: N
c o Executing OCC strategy token: occ-ternary-res
c o [occ-ternary-res] Ternary res-tri: 308 res-bin: 0 sub: 65 str: 0 T: 0.00 T-out: N T-r: 99.95%
c o --> Executing strategy token: must-scc-vrepl
c o [scc] new: 0 BP 0M T: 0.00
c o [vrep] vars 0 lits 0 rem-bin-cls 0 rem-long-cls 0 BP 0M T: 0.00
c o Executing OCC strategy token(s): 'occ-bve,
c o [occ] mem usage for occur      0 MB
c o [occ] Linked in IRRED BIN by default: 824
c o [occ] Linked in RED   BIN by default: 0
c o Mem for watch alloc    : 0           MB (0.00      %)
c o Mem for watch array    : 0           MB (0.00      %)
c o Executing OCC strategy token: occ-bve
c o [occ-empty-res] Empty resolvent elimed: 0 T: 0.00 T-out: N
c o [occ-bve] iter v-elim 259
c o cl_inc_rate=0.69, var_dec_rate=1.84 (grow=0)
c o Reduced to 310 vars, 1162 cls (grow=0)
c o x n vars       : 310
c o #try to eliminate:   742
c o #var-elim        :   259
c o #T-o: N
c o #T-r: 100.00%
c o #T  : 0.00
c o [occur] 0.00 is overhead
c o [occur] link-in T: 0.00 cleanup T: 0.00
c o [occ-xor-bve] elimed: 0 T: 0.00 T-out: N
c o --> Executing strategy token: sub-impl
c o [impl-sub] bin: 0 T: 0.00 T-out: N w-visit: 1272
c o --> Executing strategy token: distill-cls-onlyrem
c o [distill-long-irred] cls tried: 1115/1115 T: 0.00 T-out: N T-r: 99.99%
c o --> Executing strategy token: intree-probe
c o [scc] new: 0 BP 0M T: 0.00
c o [vrep] vars 0 lits 0 rem-bin-cls 0 rem-long-cls 0 BP 0M T: 0.00
c o [intree] Set 0 vars hyper-added: 12 trans-irred: 0 trans-red: 0 T: 0.00 T-out: N T-r: -0.01%
c o Executing OCC strategy token(s): 'occ-backw-sub-str,
c o [occ] mem usage for occur      0 MB
c o [occ] Linked in IRRED BIN by default: 47
c o [occ] Linked in RED   BIN by default: 12
c o Mem for watch alloc    : 0           MB (0.00      %)
c o Mem for watch array    : 0           MB (0.00      %)
c o Executing OCC strategy token: occ-backw-sub-str
c o [occ-backw-sub-str-long-w-bins] subs: 3 str: 0 tried: 175 0-depth ass: 0 T: 0.00 T-out: N T-r: 99.99%
c o [occ-backw-sub-long-w-long] rem cl: 1 tried: 1080/1080 (100.0%) T: 0.00 T-out: N T-r: 99.97%
c o [occ-backw-sub-str-long-w-long] sub: 0 str: 0 tried: 3240/1080 (300.0)  T: 0.00 T-out: N T-r: 99.87%
c o --> Executing strategy token: sub-str-cls-with-bin
c o [distill] watch-based irred--  cl tried     2142 cl-sh     0 cl-rem    0 lit-rem      0 T: 0.00 T-out: N
c o [distill] watch-based   red--  cl tried        0 cl-sh     0 cl-rem    0 lit-rem      0 T: 0.00 T-out: N
c o --> Executing strategy token: clean-cls
c o --> Executing strategy token: distill-cls
c o [distill-long-irred] cls tried: 1070/1070 T: 0.00 T-out: N T-r: 99.99%
c o [distill-long-irred] cls tried: 1054/1054 T: 0.00 T-out: N T-r: 99.99%
c o --> Executing strategy token: distill-bins
c o [distill-bin] useful: 6/52/52 lits-rem: 0 cl-rem: 6 0-depth-assigns: 0 T: 0.00 T-out: N
c o [consolidate] mini T: 0.00
c o global_timeout_multiplier: 3.3000
c o [branch] rebuilding order heap for all branchings. Current branching: vsids
c o --> Executing strategy token: must-scc-vrepl
c o [scc] new: 0 BP 0M T: 0.00
c o [vrep] vars 0 lits 0 rem-bin-cls 0 rem-long-cls 0 BP 0M T: 0.00
c o --> Executing strategy token: full-probe
c o [full-probe]  bin_only: 0 set: 0 repl: 0 T: 0.00 T-out: N T-r: 99.97%
c o --> Executing strategy token: sub-impl
c o [impl-sub] bin: 0 T: 0.00 T-out: N w-visit: 1272
c o --> Executing strategy token: sub-cls-with-bin
c o [distill] watch-based irred--  cl tried     1055 cl-sh     0 cl-rem    0 lit-rem      0 T: 0.00 T-out: N
c o [distill] watch-based   red--  cl tried        0 cl-sh     0 cl-rem    0 lit-rem      0 T: 0.00 T-out: N
c o --> Executing strategy token: distill-cls-onlyrem
c o [distill-long-irred] cls tried: 1054/1054 T: 0.00 T-out: N T-r: 99.99%
c o Executing OCC strategy token(s): 'occ-backw-sub,occ-resolv-subs,occ-rem-with-orgates,occ-ternary-res,
c o [occ] mem usage for occur      0 MB
c o [occ] Linked in IRRED BIN by default: 46
c o [occ] Linked in RED   BIN by default: 9
c o Mem for watch alloc    : 0           MB (0.00      %)
c o Mem for watch array    : 0           MB (0.00      %)
c o Executing OCC strategy token: occ-backw-sub
c o [occ-backw-sub-long-w-long] rem cl: 0 tried: 1048/1048 (100.0%) T: 0.00 T-out: N T-r: 99.97%
c o Executing OCC strategy token: occ-resolv-subs
c o [occ-resolv-subs] removed: 12 checked: 5864 T: 0.0
c o Executing OCC strategy token: occ-rem-with-orgates
c o [occ-gates] found:     6 avg-s: 2.0 T: 0.00 T-out: N T-r: 99.98%
c o [occ-gate-based-lit-rem] lit-rem: 0 cl-rem: 0 T: 0.00 T-out: N
c o Executing OCC strategy token: occ-ternary-res
c o [occ-ternary-res] Ternary res-tri: 315 res-bin: 0 sub: 73 str: 2 T: 0.00 T-out: N T-r: 99.93%
c o --> Executing strategy token: must-scc-vrepl
c o [scc] new: 0 BP 0M T: 0.00
c o [vrep] vars 0 lits 0 rem-bin-cls 0 rem-long-cls 0 BP 0M T: 0.00
c o Executing OCC strategy token(s): 'occ-bve,
c o [occ] mem usage for occur      0 MB
c o [occ] Linked in IRRED BIN by default: 46
c o [occ] Linked in RED   BIN by default: 11
c o Mem for watch alloc    : 0           MB (0.00      %)
c o Mem for watch array    : 0           MB (0.00      %)
c o Executing OCC strategy token: occ-bve
c o [occ-empty-res] Empty resolvent elimed: 0 T: 0.00 T-out: N
c o [occ-bve] iter v-elim 6
c o cl_inc_rate=1.00, var_dec_rate=1.02 (grow=0)
c o Reduced to 304 vars, 1076 cls (grow=0)
c o x n vars       : 304
c o #try to eliminate:   259
c o #var-elim        :     6
c o #T-o: N
c o #T-r: 100.00%
c o #T  : 0.00
c o [occur] 0.00 is overhead
c o [occur] link-in T: 0.00 cleanup T: 0.00
c o [occ-xor-bve] elimed: 0 T: 0.00 T-out: N
c o --> Executing strategy token: sub-impl
c o [impl-sub] bin: 0 T: 0.00 T-out: N w-visit: 1272
c o --> Executing strategy token: distill-cls-onlyrem
c o [distill-long-irred] cls tried: 1032/1032 T: 0.00 T-out: N T-r: 99.99%
c o --> Executing strategy token: intree-probe
c o [scc] new: 0 BP 0M T: 0.00
c o [vrep] vars 0 lits 0 rem-bin-cls 0 rem-long-cls 0 BP 0M T: 0.00
c o [intree] Set 0 vars hyper-added: 3 trans-irred: 0 trans-red: 1 T: 0.00 T-out: N T-r: -0.02%
c o Executing OCC strategy token(s): 'occ-backw-sub-str,
c o [occ] mem usage for occur      0 MB
c o [occ] Linked in IRRED BIN by default: 43
c o [occ] Linked in RED   BIN by default: 7
c o Mem for watch alloc    : 0           MB (0.00      %)
c o Mem for watch array    : 0           MB (0.00      %)
c o Executing OCC strategy token: occ-backw-sub-str
c o [occ-backw-sub-str-long-w-bins] subs: 0 str: 0 tried: 250 0-depth ass: 0 T: 0.00 T-out: N T-r: 99.99%
c o [occ-backw-sub-long-w-long] rem cl: 1 tried: 1252/1252 (100.0%) T: 0.00 T-out: N T-r: 99.97%
c o [occ-backw-sub-str-long-w-long] sub: 0 str: 1 tried: 3756/1252 (300.0)  T: 0.00 T-out: N T-r: 99.85%
c o --> Executing strategy token: sub-str-cls-with-bin
c o [distill] watch-based irred--  cl tried     2064 cl-sh     0 cl-rem    0 lit-rem      0 T: 0.00 T-out: N
c o [distill] watch-based   red--  cl tried        0 cl-sh     0 cl-rem    0 lit-rem      0 T: 0.00 T-out: N
c o --> Executing strategy token: clean-cls
c o --> Executing strategy token: distill-cls
c o [distill-long-irred] cls tried: 1030/1030 T: 0.00 T-out: N T-r: 99.99%
c o [distill-long-irred] cls tried: 1030/1030 T: 0.00 T-out: N T-r: 99.99%
c o --> Executing strategy token: distill-bins
c o [distill-bin] useful: 0/43/43 lits-rem: 0 cl-rem: 0 0-depth-assigns: 0 T: 0.00 T-out: N
c o [consolidate] mini T: 0.00
c o global_timeout_multiplier: 3.3000
c o [branch] rebuilding order heap for all branchings. Current branching: vsids
c o [backbone-simpl] ccnr sols: 10 drop_cands: 618 T: 0.00
c o [backbone-simpl] cadiback called with -- lits: 3349 num cls: 1086 num vars: 636
c o [backbone-simpl] res: 10 num units added: 0 num eq added: 0 num bins: 1 T: 0.01
c o --> Executing strategy token: must-scc-vrepl
c o [scc] new: 0 BP 0M T: 0.00
c o [vrep] vars 0 lits 0 rem-bin-cls 0 rem-long-cls 0 BP 0M T: 0.00
c o --> Executing strategy token: must-renumber
c o [renumber] T: 0.00
c o [consolidate] mini T: 0.00
c o global_timeout_multiplier: 3.3000
c o [branch] rebuilding order heap for all branchings. Current branching: vsids
c o --> Executing strategy token: oracle-vivif-sparsify
c o --> Executing strategy token: must-renumber
c o [renumber] T: 0.00
c o [oracle-bin] potential pairs: 1082 T: 0.0001
c o --> Executing strategy token: must-scc-vrepl
c o [scc] new: 0 BP 0M T: 0.00
c o [vrep] vars 0 lits 0 rem-bin-cls 0 rem-long-cls 0 BP 0M T: 0.00
c o [oracle-vivif] lits-rem: 20 learnt-units: 0 T-out: N T-remain: 98.5063% T: 0.50
c o [oracle-bin] bin-added: 32 equiv-added: 0 T-out: N T-remain: 99.58% T: 0.01
c o [oracle-vivif] cache usefulness: 97% total T: 0.52
c o --> Executing strategy token: sub-impl
c o [impl-sub] bin: 38 T: 0.00 T-out: N w-visit: 608
c o Executing OCC strategy token(s): 'occ-backw-sub,
c o [occ] mem usage for occur      0 MB
c o [occ] Linked in IRRED BIN by default: 47
c o [occ] Linked in RED   BIN by default: 8
c o Mem for watch alloc    : 0           MB (0.00      %)
c o Mem for watch array    : 0           MB (0.00      %)
c o Executing OCC strategy token: occ-backw-sub
c o [occ-backw-sub-long-w-long] rem cl: 3 tried: 28960/28960 (100.0%) T: 0.00 T-out: N T-r: 99.46%
c o --> Executing strategy token: must-renumber
c o [renumber] T: 0.00
c o [oracle-sparsify] done with 10 % oracle mems:  397M ccnr useful: 6.5% T: 4.3
c o [oracle-sparsify] done with 20 % oracle mems:  471M ccnr useful: 11.2% T: 5.1
c o [oracle-sparsify] too many mems in oracle, aborting
c o [oracle-sparsify] removed: 43 of which bin: 0 tot considered: 1074 ccnr useful: 26 oracle uknown: 0 cache useful: 0% learnt-units: 0 T: 10.70 buildT: 0.00
c o [consolidate] mini T: 0.00
c o global_timeout_multiplier: 3.3000
c o [branch] rebuilding order heap for all branchings. Current branching: vsids
c o --> Executing strategy token: must-scc-vrepl
c o [scc] new: 0 BP 0M T: 0.00
c o [vrep] vars 0 lits 0 rem-bin-cls 0 rem-long-cls 0 BP 0M T: 0.00
c o --> Executing strategy token: full-probe
c o [full-probe]  bin_only: 0 set: 0 repl: 0 T: 0.00 T-out: N T-r: 99.40%
c o --> Executing strategy token: sub-impl
c o [impl-sub] bin: 0 T: 0.00 T-out: N w-visit: 608
c o --> Executing strategy token: sub-cls-with-bin
c o [distill] watch-based irred--  cl tried      984 cl-sh     0 cl-rem    0 lit-rem      0 T: 0.00 T-out: N
c o [distill] watch-based   red--  cl tried        0 cl-sh     0 cl-rem    0 lit-rem      0 T: 0.00 T-out: N
c o --> Executing strategy token: distill-cls-onlyrem
c o [distill-long-irred] cls tried: 984/984 T: 0.00 T-out: N T-r: 99.84%
c o Executing OCC strategy token(s): 'occ-backw-sub,occ-resolv-subs,occ-rem-with-orgates,occ-ternary-res,
c o [occ] mem usage for occur      0 MB
c o [occ] Linked in IRRED BIN by default: 47
c o [occ] Linked in RED   BIN by default: 8
c o [occ] mem usage for occur      0 MB
c o Mem for watch alloc    : 0           MB (0.00      %)
c o Mem for watch array    : 0           MB (0.00      %)
c o Executing OCC strategy token: occ-backw-sub
c o [occ-backw-sub-long-w-long] rem cl: 0 tried: 28957/28957 (100.0%) T: 0.00 T-out: N T-r: 99.49%
c o Executing OCC strategy token: occ-resolv-subs
c o [occ-resolv-subs] removed: 0 checked: 5646 T: 0.0
c o Executing OCC strategy token: occ-rem-with-orgates
c o [occ-gates] found:     6 avg-s: 2.0 T: 0.00 T-out: N T-r: 99.98%
c o [occ-gate-based-lit-rem] lit-rem: 0 cl-rem: 0 T: 0.00 T-out: N
c o Executing OCC strategy token: occ-ternary-res
c o [occ-ternary-res] Ternary res-tri: 295 res-bin: 0 sub: 48 str: 0 T: 0.00 T-out: N T-r: 99.83%
c o --> Executing strategy token: must-scc-vrepl
c o [scc] new: 0 BP 0M T: 0.00
c o [vrep] vars 0 lits 0 rem-bin-cls 0 rem-long-cls 0 BP 0M T: 0.00
c o Executing OCC strategy token(s): 'occ-bve,
c o [occ] mem usage for occur      0 MB
c o [occ] Linked in IRRED BIN by default: 47
c o [occ] Linked in RED   BIN by default: 8
c o [occ] mem usage for occur      0 MB
c o Mem for watch alloc    : 1           MB (0.00      %)
c o Mem for watch array    : 0           MB (0.00      %)
c o Executing OCC strategy token: occ-bve
c o [occ-empty-res] Empty resolvent elimed: 0 T: 0.00 T-out: N
c o [occ-bve] iter v-elim 23
c o cl_inc_rate=0.98, var_dec_rate=1.08 (grow=0)
c o Reduced to 281 vars, 1011 cls (grow=0)
c o [occ-bve] iter v-elim 56
c o cl_inc_rate=1.04, var_dec_rate=1.25 (grow=3)
c o Reduced to 225 vars, 1052 cls (grow=3)
c o x n vars       : 225
c o #try to eliminate:   664
c o #var-elim        :    79
c o #T-o: N
c o #T-r: 100.00%
c o #T  : 0.01
c o [occur] 0.00 is overhead
c o [occur] link-in T: 0.00 cleanup T: 0.00
c o [occ-xor-bve] elimed: 0 T: 0.00 T-out: N
c o --> Executing strategy token: sub-impl
c o [impl-sub] bin: 2 T: 0.00 T-out: N w-visit: 608
c o --> Executing strategy token: distill-cls-onlyrem
c o [distill-long-irred] cls tried: 1034/1034 T: 0.00 T-out: N T-r: 99.97%
c o --> Executing strategy token: intree-probe
c o [scc] new: 0 BP 0M T: 0.00
c o [vrep] vars 0 lits 0 rem-bin-cls 0 rem-long-cls 0 BP 0M T: 0.00
c o [intree] Set 0 vars hyper-added: 2 trans-irred: 0 trans-red: 0 T: 0.00 T-out: N T-r: -0.18%
c o Executing OCC strategy token(s): 'occ-backw-sub-str,
c o [occ] mem usage for occur      0 MB
c o [occ] Linked in IRRED BIN by default: 18
c o [occ] Linked in RED   BIN by default: 2
c o [occ] mem usage for occur      0 MB
c o Mem for watch alloc    : 1           MB (0.00      %)
c o Mem for watch array    : 0           MB (0.00      %)
c o Executing OCC strategy token: occ-backw-sub-str
c o [occ-backw-sub-str-long-w-bins] subs: 0 str: 0 tried: 450 0-depth ass: 0 T: 0.00 T-out: N T-r: 100.00%
c o [occ-backw-sub-long-w-long] rem cl: 83 tried: 3485/3485 (100.0%) T: 0.00 T-out: N T-r: 99.89%
c o [occ-backw-sub-str-long-w-long] sub: 0 str: 0 tried: 10455/3485 (300.0)  T: 0.00 T-out: N T-r: 99.58%
c o --> Executing strategy token: sub-str-cls-with-bin
c o [distill] watch-based irred--  cl tried     2038 cl-sh     0 cl-rem    0 lit-rem      0 T: 0.00 T-out: N
c o [distill] watch-based   red--  cl tried        0 cl-sh     0 cl-rem    0 lit-rem      0 T: 0.00 T-out: N
c o --> Executing strategy token: clean-cls
c o --> Executing strategy token: distill-cls
c o [distill-long-irred] cls tried: 990/990 T: 0.00 T-out: N T-r: 99.97%
c o [distill-long-irred] cls tried: 986/986 T: 0.00 T-out: N T-r: 99.97%
c o --> Executing strategy token: distill-bins
c o [distill-bin] useful: 1/18/18 lits-rem: 0 cl-rem: 1 0-depth-assigns: 0 T: 0.00 T-out: N
c o Executing OCC strategy token(s): 'occ-backw-sub,
c o [occ] mem usage for occur      0 MB
c o [occ] Linked in IRRED BIN by default: 17
c o [occ] Linked in RED   BIN by default: 2
c o [occ] mem usage for occur      0 MB
c o Mem for watch alloc    : 1           MB (0.00      %)
c o Mem for watch array    : 0           MB (0.00      %)
c o Executing OCC strategy token: occ-backw-sub
c o [occ-backw-sub-long-w-long] rem cl: 0 tried: 3398/3398 (100.0%) T: 0.00 T-out: N T-r: 99.90%
c o [consolidate] mini T: 0.00
c o global_timeout_multiplier: 3.3000
c o [branch] rebuilding order heap for all branchings. Current branching: vsids
c o --> Executing strategy token: must-scc-vrepl
c o [scc] new: 0 BP 0M T: 0.00
c o [vrep] vars 0 lits 0 rem-bin-cls 0 rem-long-cls 0 BP 0M T: 0.00
c o --> Executing strategy token: full-probe
c o [full-probe]  bin_only: 0 set: 0 repl: 0 T: 0.00 T-out: N T-r: 99.93%
c o --> Executing strategy token: sub-impl
c o [impl-sub] bin: 0 T: 0.00 T-out: N w-visit: 608
c o --> Executing strategy token: sub-cls-with-bin
c o [distill] watch-based irred--  cl tried     1015 cl-sh     0 cl-rem    0 lit-rem      0 T: 0.00 T-out: N
c o [distill] watch-based   red--  cl tried        0 cl-sh     0 cl-rem    0 lit-rem      0 T: 0.00 T-out: N
c o --> Executing strategy token: distill-cls-onlyrem
c o [distill-long-irred] cls tried: 986/986 T: 0.00 T-out: N T-r: 99.97%
c o Executing OCC strategy token(s): 'occ-backw-sub,occ-resolv-subs,occ-rem-with-orgates,occ-ternary-res,
c o [occ] mem usage for occur      0 MB
c o [occ] Linked in IRRED BIN by default: 17
c o [occ] Linked in RED   BIN by default: 2
c o [occ] mem usage for occur      0 MB
c o Mem for watch alloc    : 1           MB (0.00      %)
c o Mem for watch array    : 0           MB (0.00      %)
c o Executing OCC strategy token: occ-backw-sub
c o [occ-backw-sub-long-w-long] rem cl: 0 tried: 3398/3398 (100.0%) T: 0.00 T-out: N T-r: 99.90%
c o Executing OCC strategy token: occ-resolv-subs
c o [occ-resolv-subs] removed: 3 checked: 10837 T: 0.0
c o Executing OCC strategy token: occ-rem-with-orgates
c o [occ-gates] found:     1 avg-s: 2.0 T: 0.00 T-out: N T-r: 99.97%
c o [occ-gate-based-lit-rem] lit-rem: 1 cl-rem: 0 T: 0.00 T-out: N
c o Executing OCC strategy token: occ-ternary-res
c o [occ-ternary-res] Ternary res-tri: 66 res-bin: 0 sub: 5 str: 2 T: 0.00 T-out: N T-r: 99.95%
c o --> Executing strategy token: must-scc-vrepl
c o [scc] new: 0 BP 0M T: 0.00
c o [vrep] vars 0 lits 0 rem-bin-cls 0 rem-long-cls 0 BP 0M T: 0.00
c o Executing OCC strategy token(s): 'occ-bve,
c o [occ] mem usage for occur      0 MB
c o [occ] Linked in IRRED BIN by default: 18
c o [occ] Linked in RED   BIN by default: 4
c o [occ] mem usage for occur      0 MB
c o Mem for watch alloc    : 1           MB (0.00      %)
c o Mem for watch array    : 0           MB (0.00      %)
c o Executing OCC strategy token: occ-bve
c o [occ-empty-res] Empty resolvent elimed: 0 T: 0.00 T-out: N
c o [occ-bve] iter v-elim 0
c o cl_inc_rate=1.00, var_dec_rate=1.00 (grow=0)
c o Reduced to 225 vars, 1029 cls (grow=0)
c o [occ-bve] iter v-elim 1
c o cl_inc_rate=1.00, var_dec_rate=1.00 (grow=3)
c o Reduced to 224 vars, 1031 cls (grow=3)
c o x n vars       : 224
c o #try to eliminate:   311
c o #var-elim        :     1
c o #T-o: N
c o #T-r: 100.00%
c o #T  : 0.00
c o [occur] 0.00 is overhead
c o [occur] link-in T: 0.00 cleanup T: 0.00
c o [occ-xor-bve] elimed: 0 T: 0.00 T-out: N
c o --> Executing strategy token: sub-impl
c o [impl-sub] bin: 2 T: 0.00 T-out: N w-visit: 608
c o --> Executing strategy token: distill-cls-onlyrem
c o [distill-long-irred] cls tried: 979/979 T: 0.00 T-out: N T-r: 99.97%
c o --> Executing strategy token: intree-probe
c o [scc] new: 0 BP 0M T: 0.00
c o [vrep] vars 0 lits 0 rem-bin-cls 0 rem-long-cls 0 BP 0M T: 0.00
c o [intree] Set 0 vars hyper-added: 0 trans-irred: 0 trans-red: 0 T: 0.00 T-out: N T-r: -0.08%
c o Executing OCC strategy token(s): 'occ-backw-sub-str,
c o [occ] mem usage for occur      0 MB
c o [occ] Linked in IRRED BIN by default: 18
c o [occ] Linked in RED   BIN by default: 2
c o [occ] mem usage for occur      0 MB
c o Mem for watch alloc    : 1           MB (0.00      %)
c o Mem for watch array    : 0           MB (0.00      %)
c o Executing OCC strategy token: occ-backw-sub-str
c o [occ-backw-sub-str-long-w-bins] subs: 0 str: 0 tried: 472 0-depth ass: 0 T: 0.00 T-out: N T-r: 100.00%
c o [occ-backw-sub-long-w-long] rem cl: 0 tried: 3431/3431 (100.0%) T: 0.00 T-out: N T-r: 99.89%
c o [occ-backw-sub-str-long-w-long] sub: 0 str: 0 tried: 10293/3431 (300.0)  T: 0.00 T-out: N T-r: 99.58%
c o --> Executing strategy token: sub-str-cls-with-bin
c o [distill] watch-based irred--  cl tried     2026 cl-sh     0 cl-rem    0 lit-rem      0 T: 0.00 T-out: N
c o [distill] watch-based   red--  cl tried        0 cl-sh     0 cl-rem    0 lit-rem      0 T: 0.00 T-out: N
c o --> Executing strategy token: clean-cls
c o --> Executing strategy token: distill-cls
c o [distill-long-irred] cls tried: 979/979 T: 0.00 T-out: N T-r: 99.97%
c o [distill-long-irred] cls tried: 979/979 T: 0.00 T-out: N T-r: 99.97%
c o --> Executing strategy token: distill-bins
c o [distill-bin] useful: 0/18/18 lits-rem: 0 cl-rem: 0 0-depth-assigns: 0 T: 0.00 T-out: N
c o Executing OCC strategy token(s): 'occ-backw-sub,
c o [occ] mem usage for occur      0 MB
c o [occ] Linked in IRRED BIN by default: 18
c o [occ] Linked in RED   BIN by default: 2
c o [occ] mem usage for occur      0 MB
c o Mem for watch alloc    : 1           MB (0.00      %)
c o Mem for watch array    : 0           MB (0.00      %)
c o Executing OCC strategy token: occ-backw-sub
c o [occ-backw-sub-long-w-long] rem cl: 0 tried: 3431/3431 (100.0%) T: 0.00 T-out: N T-r: 99.89%
c o [consolidate] mini T: 0.00
c o global_timeout_multiplier: 3.3000
c o [branch] rebuilding order heap for all branchings. Current branching: vsids
c o --> Executing strategy token: oracle-vivif-fast
c o --> Executing strategy token: must-renumber
c o [renumber] T: 0.00
c o [oracle-bin] potential pairs: 1034 T: 0.0001
c o --> Executing strategy token: must-scc-vrepl
c o [scc] new: 0 BP 0M T: 0.00
c o [vrep] vars 0 lits 0 rem-bin-cls 0 rem-long-cls 0 BP 0M T: 0.00
c o [oracle-vivif] lits-rem: 9 learnt-units: 0 T-out: N T-remain: 96.5947% T: 0.37
c o [oracle-bin] bin-added: 13 equiv-added: 0 T-out: N T-remain: 100.00% T: 0.00
c o [oracle-vivif] cache usefulness: 96% total T: 0.37
c o --> Executing strategy token: oracle-sparsify-fast
c o --> Executing strategy token: sub-impl
c o [impl-sub] bin: 13 T: 0.00 T-out: N w-visit: 448
c o Executing OCC strategy token(s): 'occ-backw-sub,
c o [occ] mem usage for occur      0 MB
c o [occ] Linked in IRRED BIN by default: 18
c o [occ] Linked in RED   BIN by default: 2
c o [occ] mem usage for occur      0 MB
c o Mem for watch alloc    : 1           MB (0.00      %)
c o Mem for watch array    : 0           MB (0.00      %)
c o Executing OCC strategy token: occ-backw-sub
c o [occ-backw-sub-long-w-long] rem cl: 7 tried: 26515/26515 (100.0%) T: 0.00 T-out: N T-r: 99.34%
c o --> Executing strategy token: must-renumber
c o [renumber] T: 0.00
c o [oracle-sparsify] done with 10 % oracle mems:   20M ccnr useful: 55.8% T: 0.2
c o [oracle-sparsify] done with 20 % oracle mems:  296M ccnr useful: 43.5% T: 2.9
c o [oracle-sparsify] too many mems in oracle, aborting
c o [oracle-sparsify] removed: 19 of which bin: 0 tot considered: 1031 ccnr useful: 100 oracle uknown: 0 cache useful: 0% learnt-units: 0 T: 3.63 buildT: 0.00
c o [consolidate] mini T: 0.00
c o global_timeout_multiplier: 3.3000
c o [branch] rebuilding order heap for all branchings. Current branching: vsids
c o Executing OCC strategy token(s): 'occ-bve,
c o [occ] mem usage for occur      0 MB
c o [occ] Linked in IRRED BIN by default: 18
c o [occ] Linked in RED   BIN by default: 2
c o [occ] mem usage for occur      0 MB
c o Mem for watch alloc    : 1           MB (0.00      %)
c o Mem for watch array    : 0           MB (0.00      %)
c o Executing OCC strategy token: occ-bve
c o [occ-empty-res] Empty resolvent elimed: 0 T: 0.00 T-out: N
c o [occ-bve] iter v-elim 0
c o cl_inc_rate=1.00, var_dec_rate=1.00 (grow=0)
c o Reduced to 224 vars, 1012 cls (grow=0)
c o x n vars       : 224
c o #try to eliminate:   152
c o #var-elim        :     0
c o #T-o: N
c o #T-r: 100.00%
c o #T  : 0.00
c o [occur] 0.00 is overhead
c o [occur] link-in T: 0.00 cleanup T: 0.00
c o [occ-xor-bve] elimed: 0 T: 0.00 T-out: N
c o [consolidate] mini T: 0.00
c o global_timeout_multiplier: 3.3000
c o [branch] rebuilding order heap for all branchings. Current branching: vsids
c o --> Executing strategy token: must-scc-vrepl
c o [scc] new: 0 BP 0M T: 0.00
c o [vrep] vars 0 lits 0 rem-bin-cls 0 rem-long-cls 0 BP 0M T: 0.00
c o --> Executing strategy token: must-renumber
c o [renumber] T: 0.00
c o [consolidate] mini T: 0.00
c o global_timeout_multiplier: 3.3000
c o [branch] rebuilding order heap for all branchings. Current branching: vsids
c o [occ] mem usage for occur      0 MB
c o [occ] Linked in IRRED BIN by default: 18
c o [occ] Linked in RED   BIN by default: 2
c o [occ] mem usage for occur      0 MB
c o Mem for watch alloc    : 1           MB (0.00      %)
c o Mem for watch array    : 0           MB (0.00      %)
c o [empty] empty_occ: 0 T: 0.00
c o Executing OCC strategy token(s): 'occ-bve-empty,
c o [occ] mem usage for occur      0 MB
c o [occ] Linked in IRRED BIN by default: 18
c o [occ] Linked in RED   BIN by default: 2
c o [occ] mem usage for occur      0 MB
c o Mem for watch alloc    : 1           MB (0.00      %)
c o Mem for watch array    : 0           MB (0.00      %)
c o Executing OCC strategy token: occ-bve-empty
c o [occ-empty-res] Empty resolvent elimed: 0 T: 0.00 T-out: N
c o --> Executing strategy token: must-renumber
c o [renumber] T: 0.00
c o [consolidate] mini T: 0.00
c o global_timeout_multiplier: 3.3000
c o [branch] rebuilding order heap for all branchings. Current branching: vsids
c o [0m[puura] new_empty_sampl_vars size: 0[0m
c o [get-cnf] Checking for variables mapping to same new var to set AIG definitions...
c o solver orig num vars: 636 solver simp num vars: 224
c o [0m[31m[puura] Done. final vars: 224 final cls: 1012 T: 15.29[0m
c o [0m[31m[autarky] Found autarkies: 0 autarky vars: 0 T-out: N T: 0.00[0m
c o --> Executing strategy token: must-scc-vrepl
c o [scc] new: 0 BP 0M T: 0.00
c o [vrep] vars 0 lits 0 rem-bin-cls 0 rem-long-cls 0 BP 0M T: 0.00
c o --> Executing strategy token: full-probe
c o [full-probe]  bin_only: 0 set: 0 repl: 0 T: 0.00 T-out: N T-r: 99.31%
c o --> Executing strategy token: sub-impl
c o [impl-sub] bin: 0 T: 0.00 T-out: N w-visit: 448
c o --> Executing strategy token: sub-cls-with-bin
c o [distill] watch-based irred--  cl tried      994 cl-sh     0 cl-rem    0 lit-rem      0 T: 0.00 T-out: N
c o [distill] watch-based   red--  cl tried        0 cl-sh     0 cl-rem    0 lit-rem      0 T: 0.00 T-out: N
c o --> Executing strategy token: distill-cls-onlyrem
c o [distill-long-irred] cls tried: 994/994 T: 0.00 T-out: N T-r: 99.79%
c o Executing OCC strategy token(s): 'occ-backw-sub,occ-resolv-subs,occ-rem-with-orgates,occ-ternary-res,
c o [occ] mem usage for occur      0 MB
c o [occ] Linked in IRRED BIN by default: 18
c o [occ] Linked in RED   BIN by default: 2
c o Mem for watch alloc    : 0           MB (0.00      %)
c o Mem for watch array    : 0           MB (0.00      %)
c o Executing OCC strategy token: occ-backw-sub
c o [occ-backw-sub-long-w-long] rem cl: 0 tried: 26508/26508 (100.0%) T: 0.00 T-out: N T-r: 99.37%
c o Executing OCC strategy token: occ-resolv-subs
c o [occ-resolv-subs] removed: 0 checked: 10552 T: 0.0
c o Executing OCC strategy token: occ-rem-with-orgates
c o [occ-gates] found:     1 avg-s: 2.0 T: 0.00 T-out: N T-r: 99.97%
c o [occ-gate-based-lit-rem] lit-rem: 0 cl-rem: 0 T: 0.00 T-out: N
c o Executing OCC strategy token: occ-ternary-res
c o [occ-ternary-res] Ternary res-tri: 80 res-bin: 0 sub: 9 str: 4 T: 0.00 T-out: N T-r: 99.86%
c o --> Executing strategy token: must-scc-vrepl
c o [scc] new: 0 BP 0M T: 0.00
c o [vrep] vars 0 lits 0 rem-bin-cls 0 rem-long-cls 0 BP 0M T: 0.00
c o Executing OCC strategy token(s): 'occ-bve,
c o [occ] mem usage for occur      0 MB
c o [occ] Linked in IRRED BIN by default: 18
c o [occ] Linked in RED   BIN by default: 6
c o Mem for watch alloc    : 0           MB (0.00      %)
c o Mem for watch array    : 0           MB (0.00      %)
c o Executing OCC strategy token: occ-bve
c o [occ-empty-res] Empty resolvent elimed: 0 T: 0.00 T-out: N
c o [occ-bve] iter v-elim 0
c o cl_inc_rate=1.00, var_dec_rate=1.00 (grow=0)
c o Reduced to 224 vars, 1012 cls (grow=0)
c o x n vars       : 224
c o #try to eliminate:   152
c o #var-elim        :     0
c o #T-o: N
c o #T-r: 100.00%
c o #T  : 0.00
c o [occur] 0.00 is overhead
c o [occur] link-in T: 0.00 cleanup T: 0.00
c o [occ-xor-bve] elimed: 0 T: 0.00 T-out: N
c o --> Executing strategy token: sub-impl
c o [impl-sub] bin: 4 T: 0.00 T-out: N w-visit: 448
c o --> Executing strategy token: distill-cls-onlyrem
c o [distill-long-irred] cls tried: 994/994 T: 0.00 T-out: N T-r: 99.77%
c o --> Executing strategy token: intree-probe
c o [scc] new: 0 BP 0M T: 0.00
c o [vrep] vars 0 lits 0 rem-bin-cls 0 rem-long-cls 0 BP 0M T: 0.00
c o [intree] Set 0 vars hyper-added: 0 trans-irred: 0 trans-red: 0 T: 0.00 T-out: N T-r: -0.37%
c o Executing OCC strategy token(s): 'occ-backw-sub-str,
c o [occ] mem usage for occur      0 MB
c o [occ] Linked in IRRED BIN by default: 18
c o [occ] Linked in RED   BIN by default: 2
c o Mem for watch alloc    : 0           MB (0.00      %)
c o Mem for watch array    : 0           MB (0.00      %)
c o Executing OCC strategy token: occ-backw-sub-str
c o [occ-backw-sub-str-long-w-bins] subs: 0 str: 0 tried: 20 0-depth ass: 0 T: 0.00 T-out: N T-r: 100.00%
c o [occ-backw-sub-long-w-long] rem cl: 0 tried: 26575/26575 (100.0%) T: 0.00 T-out: N T-r: 99.37%
c o [occ-backw-sub-str-long-w-long] sub: 0 str: 0 tried: 79725/26575 (300.0)  T: 0.00 T-out: N T-r: 97.17%
c o --> Executing strategy token: sub-str-cls-with-bin
c o [distill] watch-based irred--  cl tried     1988 cl-sh     0 cl-rem    0 lit-rem      0 T: 0.00 T-out: N
c o [distill] watch-based   red--  cl tried        0 cl-sh     0 cl-rem    0 lit-rem      0 T: 0.00 T-out: N
c o --> Executing strategy token: clean-cls
c o --> Executing strategy token: distill-cls
c o [distill-long-irred] cls tried: 994/994 T: 0.00 T-out: N T-r: 99.76%
c o [distill-long-irred] cls tried: 994/994 T: 0.00 T-out: N T-r: 99.71%
c o --> Executing strategy token: distill-bins
c o [distill-bin] useful: 0/18/18 lits-rem: 0 cl-rem: 0 0-depth-assigns: 0 T: 0.00 T-out: N
c o [consolidate] mini T: 0.00
c o global_timeout_multiplier: 3.3000
c o [branch] rebuilding order heap for all branchings. Current branching: vsids
c o --> Executing strategy token: oracle-vivif-sparsify
c o --> Executing strategy token: must-renumber
c o [renumber] T: 0.00
c o [oracle-bin] potential pairs: 1030 T: 0.0001
c o --> Executing strategy token: must-scc-vrepl
c o [scc] new: 0 BP 0M T: 0.00
c o [vrep] vars 0 lits 0 rem-bin-cls 0 rem-long-cls 0 BP 0M T: 0.00
c o [oracle-vivif] lits-rem: 0 learnt-units: 0 T-out: N T-remain: 99.9059% T: 0.03
c o [oracle-bin] bin-added: 13 equiv-added: 0 T-out: N T-remain: 100.00% T: 0.00
c o [oracle-vivif] cache usefulness: 96% total T: 0.03
c o --> Executing strategy token: sub-impl
c o [impl-sub] bin: 13 T: 0.00 T-out: N w-visit: 448
c o Executing OCC strategy token(s): 'occ-backw-sub,
c o [occ] mem usage for occur      0 MB
c o [occ] Linked in IRRED BIN by default: 18
c o [occ] Linked in RED   BIN by default: 2
c o Mem for watch alloc    : 1           MB (0.00      %)
c o Mem for watch array    : 0           MB (0.00      %)
c o Executing OCC strategy token: occ-backw-sub
c o [occ-backw-sub-long-w-long] rem cl: 0 tried: 31953/31953 (100.0%) T: 0.00 T-out: N T-r: 99.24%
c o --> Executing strategy token: must-renumber
c o [renumber] T: 0.00
c o [oracle-sparsify] done with 10 % oracle mems: 1467K ccnr useful: 41.2% T: 0.0
c o [oracle-sparsify] done with 20 % oracle mems: 3335K ccnr useful: 41.4% T: 0.1
c o [oracle-sparsify] done with 30 % oracle mems:  352M ccnr useful: 38.8% T: 3.7
c o [oracle-sparsify] done with 40 % oracle mems:  616M ccnr useful: 32.8% T: 6.5
c o [oracle-sparsify] too many mems in oracle, aborting
c o [oracle-sparsify] removed: 22 of which bin: 2 tot considered: 1012 ccnr useful: 133 oracle uknown: 0 cache useful: 0% learnt-units: 0 T: 11.27 buildT: 0.00
c o [consolidate] mini T: 0.00
c o global_timeout_multiplier: 3.3000
c o [branch] rebuilding order heap for all branchings. Current branching: vsids
c o --> Executing strategy token: must-scc-vrepl
c o [scc] new: 0 BP 0M T: 0.00
c o [vrep] vars 0 lits 0 rem-bin-cls 0 rem-long-cls 0 BP 0M T: 0.00
c o --> Executing strategy token: full-probe
c o [full-probe]  bin_only: 0 set: 0 repl: 0 T: 0.00 T-out: N T-r: 99.28%
c o --> Executing strategy token: sub-impl
c o [impl-sub] bin: 0 T: 0.00 T-out: N w-visit: 448
c o --> Executing strategy token: sub-cls-with-bin
c o [distill] watch-based irred--  cl tried      974 cl-sh     0 cl-rem    0 lit-rem      0 T: 0.00 T-out: N
c o [distill] watch-based   red--  cl tried        0 cl-sh     0 cl-rem    0 lit-rem      0 T: 0.00 T-out: N
c o --> Executing strategy token: distill-cls-onlyrem
c o [distill-long-irred] cls tried: 974/974 T: 0.00 T-out: N T-r: 99.76%
c o Executing OCC strategy token(s): 'occ-backw-sub,occ-resolv-subs,occ-rem-with-orgates,occ-ternary-res,
c o [occ] mem usage for occur      0 MB
c o [occ] Linked in IRRED BIN by default: 16
c o [occ] Linked in RED   BIN by default: 4
c o [occ] mem usage for occur      0 MB
c o Mem for watch alloc    : 1           MB (0.00      %)
c o Mem for watch array    : 0           MB (0.00      %)
c o Executing OCC strategy token: occ-backw-sub
c o [occ-backw-sub-long-w-long] rem cl: 0 tried: 31953/31953 (100.0%) T: 0.00 T-out: N T-r: 99.25%
c o Executing OCC strategy token: occ-resolv-subs
c o [occ-resolv-subs] removed: 0 checked: 10156 T: 0.0
c o Executing OCC strategy token: occ-rem-with-orgates
c o [occ-gates] found:     0 avg-s: 0.0 T: 0.00 T-out: N T-r: 99.97%
c o [occ-gate-based-lit-rem] lit-rem: 0 cl-rem: 0 T: 0.00 T-out: N
c o Executing OCC strategy token: occ-ternary-res
c o [occ-ternary-res] Ternary res-tri: 81 res-bin: 0 sub: 13 str: 4 T: 0.00 T-out: N T-r: 99.85%
c o --> Executing strategy token: must-scc-vrepl
c o [scc] new: 0 BP 0M T: 0.00
c o [vrep] vars 0 lits 0 rem-bin-cls 0 rem-long-cls 0 BP 0M T: 0.00
c o Executing OCC strategy token(s): 'occ-bve,
c o [occ] mem usage for occur      0 MB
c o [occ] Linked in IRRED BIN by default: 16
c o [occ] Linked in RED   BIN by default: 8
c o [occ] mem usage for occur      0 MB
c o Mem for watch alloc    : 1           MB (0.00      %)
c o Mem for watch array    : 0           MB (0.00      %)
c o Executing OCC strategy token: occ-bve
c o [occ-empty-res] Empty resolvent elimed: 0 T: 0.00 T-out: N
c o [occ-bve] iter v-elim 0
c o cl_inc_rate=1.00, var_dec_rate=1.00 (grow=0)
c o Reduced to 224 vars, 990 cls (grow=0)
c o x n vars       : 224
c o #try to eliminate:   152
c o #var-elim        :     0
c o #T-o: N
c o #T-r: 100.00%
c o #T  : 0.00
c o [occur] 0.00 is overhead
c o [occur] link-in T: 0.00 cleanup T: 0.00
c o [occ-xor-bve] elimed: 0 T: 0.00 T-out: N
c o --> Executing strategy token: sub-impl
c o [impl-sub] bin: 4 T: 0.00 T-out: N w-visit: 448
c o --> Executing strategy token: distill-cls-onlyrem
c o [distill-long-irred] cls tried: 974/974 T: 0.00 T-out: N T-r: 99.74%
c o --> Executing strategy token: intree-probe
c o [scc] new: 0 BP 0M T: 0.00
c o [vrep] vars 0 lits 0 rem-bin-cls 0 rem-long-cls 0 BP 0M T: 0.00
c o [intree] Set 0 vars hyper-added: 0 trans-irred: 0 trans-red: 0 T: 0.00 T-out: N T-r: -0.85%
c o Executing OCC strategy token(s): 'occ-backw-sub-str,
c o [occ] mem usage for occur      0 MB
c o [occ] Linked in IRRED BIN by default: 16
c o [occ] Linked in RED   BIN by default: 4
c o [occ] mem usage for occur      0 MB
c o Mem for watch alloc    : 1           MB (0.00      %)
c o Mem for watch array    : 0           MB (0.00      %)
c o Executing OCC strategy token: occ-backw-sub-str
c o [occ-backw-sub-str-long-w-bins] subs: 0 str: 0 tried: 40 0-depth ass: 0 T: 0.00 T-out: N T-r: 100.00%
c o [occ-backw-sub-long-w-long] rem cl: 0 tried: 32017/32017 (100.0%) T: 0.00 T-out: N T-r: 99.25%
c o [occ-backw-sub-str-long-w-long] sub: 0 str: 0 tried: 96051/32017 (300.0)  T: 0.00 T-out: N T-r: 96.61%
c o --> Executing strategy token: sub-str-cls-with-bin
c o [distill] watch-based irred--  cl tried     1948 cl-sh     0 cl-rem    0 lit-rem      0 T: 0.00 T-out: N
c o [distill] watch-based   red--  cl tried        0 cl-sh     0 cl-rem    0 lit-rem      0 T: 0.00 T-out: N
c o --> Executing strategy token: clean-cls
c o --> Executing strategy token: distill-cls
c o [distill-long-irred] cls tried: 974/974 T: 0.00 T-out: N T-r: 99.74%
c o [distill-long-irred] cls tried: 974/974 T: 0.01 T-out: N T-r: 99.66%
c o --> Executing strategy token: distill-bins
c o [distill-bin] useful: 0/16/16 lits-rem: 0 cl-rem: 0 0-depth-assigns: 0 T: 0.00 T-out: N
c o Executing OCC strategy token(s): 'occ-backw-sub,
c o [occ] mem usage for occur      0 MB
c o [occ] Linked in IRRED BIN by default: 16
c o [occ] Linked in RED   BIN by default: 4
c o [occ] mem usage for occur      0 MB
c o Mem for watch alloc    : 1           MB (0.00      %)
c o Mem for watch array    : 0           MB (0.00      %)
c o Executing OCC strategy token: occ-backw-sub
c o [occ-backw-sub-long-w-long] rem cl: 0 tried: 32017/32017 (100.0%) T: 0.00 T-out: N T-r: 99.25%
c o [consolidate] mini T: 0.00
c o global_timeout_multiplier: 3.3000
c o [branch] rebuilding order heap for all branchings. Current branching: vsids
c o --> Executing strategy token: oracle-vivif-fast
c o --> Executing strategy token: must-renumber
c o [renumber] T: 0.00
c o [oracle-bin] potential pairs: 1030 T: 0.0001
c o --> Executing strategy token: must-scc-vrepl
c o [scc] new: 0 BP 0M T: 0.00
c o [vrep] vars 0 lits 0 rem-bin-cls 0 rem-long-cls 0 BP 0M T: 0.00
c o [oracle-vivif] lits-rem: 0 learnt-units: 0 T-out: N T-remain: 99.5744% T: 0.04
c o [oracle-bin] bin-added: 7 equiv-added: 0 T-out: Y T-remain: 99.20% T: 0.02
c o [oracle-vivif] cache usefulness: 95% total T: 0.07
c o --> Executing strategy token: oracle-sparsify-fast
c o --> Executing strategy token: sub-impl
c o [impl-sub] bin: 8 T: 0.00 T-out: N w-visit: 448
c o Executing OCC strategy token(s): 'occ-backw-sub,
c o [occ] mem usage for occur      0 MB
c o [occ] Linked in IRRED BIN by default: 16
c o [occ] Linked in RED   BIN by default: 4
c o [occ] mem usage for occur      0 MB
c o Mem for watch alloc    : 1           MB (0.00      %)
c o Mem for watch array    : 0           MB (0.00      %)
c o Executing OCC strategy token: occ-backw-sub
c o [occ-backw-sub-long-w-long] rem cl: 0 tried: 42433/42433 (100.0%) T: 0.00 T-out: N T-r: 99.01%
c o --> Executing strategy token: must-renumber
c o [renumber] T: 0.00
c o [oracle-sparsify] done with 10 % oracle mems: 1093K ccnr useful: 65.7% T: 0.0
c o [oracle-sparsify] done with 20 % oracle mems: 5976K ccnr useful: 54.0% T: 0.1
c o [oracle-sparsify] removed: 0 of which bin: 0 tot considered: 990 ccnr useful: 127 oracle uknown: 1 cache useful: 0% learnt-units: 0 T: 1.17 buildT: 0.00
c o [consolidate] mini T: 0.00
c o global_timeout_multiplier: 3.3000
c o [branch] rebuilding order heap for all branchings. Current branching: vsids
c o Executing OCC strategy token(s): 'occ-bve,
c o [occ] mem usage for occur      0 MB
c o [occ] Linked in IRRED BIN by default: 16
c o [occ] Linked in RED   BIN by default: 4
c o [occ] mem usage for occur      0 MB
c o Mem for watch alloc    : 1           MB (0.00      %)
c o Mem for watch array    : 0           MB (0.00      %)
c o Executing OCC strategy token: occ-bve
c o [occ-empty-res] Empty resolvent elimed: 0 T: 0.00 T-out: N
c o [occ-bve] iter v-elim 0
c o cl_inc_rate=1.00, var_dec_rate=1.00 (grow=0)
c o Reduced to 224 vars, 990 cls (grow=0)
c o x n vars       : 224
c o #try to eliminate:   152
c o #var-elim        :     0
c o #T-o: N
c o #T-r: 100.00%
c o #T  : 0.00
c o [occur] 0.00 is overhead
c o [occur] link-in T: 0.00 cleanup T: 0.00
c o [occ-xor-bve] elimed: 0 T: 0.00 T-out: N
c o [consolidate] mini T: 0.00
c o global_timeout_multiplier: 3.3000
c o [branch] rebuilding order heap for all branchings. Current branching: vsids
c o --> Executing strategy token: must-scc-vrepl
c o [scc] new: 0 BP 0M T: 0.00
c o [vrep] vars 0 lits 0 rem-bin-cls 0 rem-long-cls 0 BP 0M T: 0.00
c o --> Executing strategy token: must-renumber
c o [renumber] T: 0.00
c o [consolidate] mini T: 0.00
c o global_timeout_multiplier: 3.3000
c o [branch] rebuilding order heap for all branchings. Current branching: vsids
c o [occ] mem usage for occur      0 MB
c o [occ] Linked in IRRED BIN by default: 16
c o [occ] Linked in RED   BIN by default: 4
c o [occ] mem usage for occur      0 MB
c o Mem for watch alloc    : 1           MB (0.00      %)
c o Mem for watch array    : 0           MB (0.00      %)
c o [empty] empty_occ: 0 T: 0.00
c o Executing OCC strategy token(s): 'occ-bve-empty,
c o [occ] mem usage for occur      0 MB
c o [occ] Linked in IRRED BIN by default: 16
c o [occ] Linked in RED   BIN by default: 4
c o [occ] mem usage for occur      0 MB
c o Mem for watch alloc    : 1           MB (0.00      %)
c o Mem for watch array    : 0           MB (0.00      %)
c o Executing OCC strategy token: occ-bve-empty
c o [occ-empty-res] Empty resolvent elimed: 0 T: 0.00 T-out: N
c o --> Executing strategy token: must-renumber
c o [renumber] T: 0.00
c o [consolidate] mini T: 0.00
c o global_timeout_multiplier: 3.3000
c o [branch] rebuilding order heap for all branchings. Current branching: vsids
c o [0m[puura] new_empty_sampl_vars size: 0[0m
c o [get-cnf] Checking for variables mapping to same new var to set AIG definitions...
c o solver orig num vars: 224 solver simp num vars: 224
c o [0m[31m[puura] Done. final vars: 224 final cls: 990 T: 12.68[0m
c o [0m[arjun-sbva] entering SBVA with     vars: 224     cls:   990 opt sampl: 224[0m
c o [0m[arjun-sbva] exited SBVA with       vars: 226     cls:   986[0m
c o [0m[arjun-sbva] K steps remaining: 865.47 T-out: No T: 0.00[0m
c o Arjun T: 28.12
c o Found 1 disconnected component(s)
c o [par] Using non-parallel counting
c o ind size: 72 nvars: 226
c o opt ind size: 226 ind size: 72 nvars: 226
c o Sampling set size: 72
c o Opt sampling set size: 226
c o Bin irred/red      20         4         
c o Long irred cls/tri 642        324       
c o Long red cls/tri   40628      831       
c o [td] nodes: 226 nvars: 226 edges: 1037
c o [td] Primal graph   nodes: 226 edges: 1037 density: 0.020 edge/var: 4.588
c o [td] min degree heuristic
c o [td] #bags 126, tw 41, elapsed 0.001 s
c o [td] min shortcut heuristic
c o [td] #bags 130, tw 35, elapsed 0.007 s
c o [td] run with 0.0/0.1/0.2 min balance and node_min_expansion in endless loop with varying seed
c o [td] iter 100 width: 34 stepsK remain: 98 T: 0.354
c o [td] iter 200 width: 34 stepsK remain: 97 T: 0.701
c o [td] iter 300 width: 34 stepsK remain: 95 T: 1.052
c o [td] iter 400 width: 34 stepsK remain: 94 T: 1.393
c o [td] iter 500 width: 34 stepsK remain: 93 T: 1.737
c o [td] iter 600 width: 34 stepsK remain: 91 T: 2.084
c o [td] iter 700 width: 34 stepsK remain: 90 T: 2.425
c o [td] iter 800 width: 34 stepsK remain: 88 T: 2.764
c o [td] #bags 29 tw 33 elapsed 2.865 s
c o [td] centroid bag id: 0 bag size: 19
c o [td] centroid bag id: 0 bag size: 19
c o [td] weight: 7.000 nodes: 226 rt/width(=rt): 6.848 rt*conf.td_exp_mult: 7.533 conf.td_exp_mult: 1.100 conf.td_divider: 1000.000 max ord diff: 5
c o [td] decompose time: 3.104
c o [rdb] cls before: 51460 after: 51460 low lbd: 1 lbd cutoff: 2 target computed: 8000 cannot be del : 21 used: 51459 rdb: 1
c o [mem] consolidate  old-sz: 4465K new-sz: 1234K new bits offs: 18 T: 0.00
c o [rdb] cls before: 25079 after: 14722 low lbd: 4 lbd cutoff: 2 target computed: 8000 cannot be del : 38 used: 14717 rdb: 4
c o [mem] consolidate  old-sz: 3721K new-sz: 1140K new bits offs: 18 T: 0.00
c o [rdb] cls before: 24407 after: 13646 low lbd: 13 lbd cutoff: 2 target computed: 8000 cannot be del : 35 used: 13631 rdb: 7
c o [mem] consolidate  old-sz: 3581K new-sz: 1103K new bits offs: 18 T: 0.00
c o total time so far: 59.77
c o decisions K                    2697      -- Kdec/s:     85.26    
c o conflicts                      100000       -- confl/s:    3161.07  
c o rem lits triedK/rem lits remK  100       6         
c o shrink tried/useful%/lits rem  100000    52.5070   106240    
c o avg clsz/rem lits avg/finalavg 18.4215   16.8032   16.7363  
c o rdbs/low lbd/rem               9     14     117594
c o looks/look-computes            0/0
c o sat call/sat/unsat/confl/rst  44    44    0     3     0     
c o buddy called /unsat ratio           0     / 0.0000 
c o buddy avg num bin/long cls/vs  0.0000 / 0.0000 / 0.0000
c o buddy max num bin/long cls/vs  0     / 0     / 0    
c o orig cubes/lit-r avg/exten avg 0     / 0.00  / 0.00 
c o cubes orig/symm/final          0     / 0     / 0    
c o cubes resolved/flp-removed     0     / 0    
c o tot restarts                   0    
c o comp sortsK/avg sz             2691  / 1.00324725
c o comps recordK/non-reset ratio  8649 / 0.67
c o vivif: try/cls/clviv/litsravg  2         1652      79        0.94      
c o toplev subs runs/bins/long-cls 0         0         0         0         0         
c o toplevel probes/fail/bprop     0         0         0         
c o Mem used                       0.00 GB
c o cache pollutions call/removed  212364/626887
c o cache entries K                2073
c o MB cache                       510.359
c o cache K (lookup/ stores/ hits/ dels) 7727   2699   5027   0       -- Klookup/s:  244.27   
c o cache miss rate                0.349
c o avg hit/store num vars 23.663 / 65.112
c o 
c o [rdb] cls before: 23875 after: 14576 low lbd: 15 lbd cutoff: 2 target computed: 8000 cannot be del : 39 used: 14557 rdb: 10
c o [mem] consolidate  old-sz: 3629K new-sz: 1020K new bits offs: 17 T: 0.00
c o [rdb] cls before: 24854 after: 13998 low lbd: 23 lbd cutoff: 2 target computed: 4000 cannot be del : 42 used: 13972 rdb: 13
c o [mem] consolidate  old-sz: 4353K new-sz: 1175K new bits offs: 18 T: 0.00
c o [rdb] cls before: 24405 after: 14369 low lbd: 27 lbd cutoff: 2 target computed: 4000 cannot be del : 28 used: 14340 rdb: 16
c o [rdb] cls before: 24568 after: 14244 low lbd: 28 lbd cutoff: 2 target computed: 4000 cannot be del : 44 used: 14213 rdb: 19
c o [mem] consolidate  old-sz: 4539K new-sz: 1112K new bits offs: 18 T: 0.00
c o [rdb] cls before: 22949 after: 13642 low lbd: 30 lbd cutoff: 2 target computed: 8000 cannot be del : 31 used: 13612 rdb: 22
c o [mem] consolidate  old-sz: 3668K new-sz: 1115K new bits offs: 18 T: 0.00
c o [rdb] cls before: 23396 after: 13516 low lbd: 35 lbd cutoff: 2 target computed: 8000 cannot be del : 37 used: 13479 rdb: 25
c o [mem] consolidate  old-sz: 3644K new-sz: 1088K new bits offs: 18 T: 0.00
c o [rdb] cls before: 22931 after: 13786 low lbd: 38 lbd cutoff: 2 target computed: 8000 cannot be del : 30 used: 13747 rdb: 28
c o [mem] consolidate  old-sz: 4521K new-sz: 1016K new bits offs: 17 T: 0.00
c o [rdb] cls before: 22471 after: 14406 low lbd: 47 lbd cutoff: 2 target computed: 8000 cannot be del : 8 used: 14359 rdb: 31
c o total time so far: 127.89
c o decisions K                    9548      -- Kdec/s:     95.72    
c o conflicts                      327961       -- confl/s:    3287.62  
c o rem lits triedK/rem lits remK  200       9         
c o shrink tried/useful%/lits rem  327961    52.0434   351531    
c o avg clsz/rem lits avg/finalavg 18.6864   16.9940   16.9642  
c o rdbs/low lbd/rem               32    48     346788
c o looks/look-computes            0/0
c o sat call/sat/unsat/confl/rst  99    91    8     20    0     
c o buddy called /unsat ratio           0     / 0.0000 
c o buddy avg num bin/long cls/vs  0.0000 / 0.0000 / 0.0000
c o buddy max num bin/long cls/vs  0     / 0     / 0    
c o orig cubes/lit-r avg/exten avg 0     / 0.00  / 0.00 
c o cubes orig/symm/final          0     / 0     / 0    
c o cubes resolved/flp-removed     0     / 0    
c o tot restarts                   0    
c o comp sortsK/avg sz             9535  / 1.00244453
c o comps recordK/non-reset ratio  30282 / 0.69
c o vivif: try/cls/clviv/litsravg  10        8504      382       0.92      
c o toplev subs runs/bins/long-cls 0         0         0         0         0         
c o toplevel probes/fail/bprop     0         0         0         
c o Mem used                       0.00 GB
c o cache pollutions call/removed  702954/2328984
c o cache entries K                7229
c o MB cache                       1825.438
c o cache K (lookup/ stores/ hits/ dels) 27727  9558   18168  0       -- Klookup/s:  277.94   
c o cache miss rate                0.345
c o avg hit/store num vars 22.629 / 62.759
c o 
c o [mem] consolidate  old-sz: 4356K new-sz: 1132K new bits offs: 18 T: 0.00
c o [rdb] cls before: 24725 after: 14542 low lbd: 50 lbd cutoff: 2 target computed: 4000 cannot be del : 32 used: 14490 rdb: 34
c o [rdb] cls before: 25206 after: 15336 low lbd: 53 lbd cutoff: 2 target computed: 4000 cannot be del : 37 used: 15283 rdb: 37
c o [mem] consolidate  old-sz: 4462K new-sz: 1219K new bits offs: 18 T: 0.00
c o [rdb] cls before: 23719 after: 14808 low lbd: 58 lbd cutoff: 2 target computed: 8000 cannot be del : 23 used: 14750 rdb: 40
c o [mem] consolidate  old-sz: 3800K new-sz: 1184K new bits offs: 18 T: 0.00
c o [rdb] cls before: 22569 after: 14602 low lbd: 63 lbd cutoff: 2 target computed: 8000 cannot be del : 19 used: 14539 rdb: 43
c o [mem] consolidate  old-sz: 3651K new-sz: 1167K new bits offs: 18 T: 0.00
c o Cache full. Deleting some entries.
c o deletable:           9866588
c o Deleting entries. Num entries: 9866633
c o cache_bytes_memory_usage() in MB: 2468.00
c o max_cache_size_bytes in MB: 2500.00
c o free entries before: 0
c o max descendants: 20 avg descendants: 0.80
c o max siblings: 25 avg siblings: 0.03
c o free entries after:  4933296 avg len: 0.03
c o deletion done. T: 0.25
c o [rdb] cls before: 21851 after: 13631 low lbd: 69 lbd cutoff: 2 target computed: 4000 cannot be del : 40 used: 13561 rdb: 46
c o [mem] consolidate  old-sz: 3699K new-sz: 1072K new bits offs: 18 T: 0.00
c o [rdb] cls before: 22387 after: 13028 low lbd: 71 lbd cutoff: 2 target computed: 4000 cannot be del : 36 used: 12955 rdb: 49
c o [mem] consolidate  old-sz: 3558K new-sz: 1023K new bits offs: 17 T: 0.00
c o [rdb] cls before: 24132 after: 14444 low lbd: 75 lbd cutoff: 2 target computed: 8000 cannot be del : 13 used: 14367 rdb: 52
c o [mem] consolidate  old-sz: 4384K new-sz:  988K new bits offs: 17 T: 0.00
c o [rdb] cls before: 24134 after: 14640 low lbd: 78 lbd cutoff: 2 target computed: 8000 cannot be del : 55 used: 14560 rdb: 55
c o total time so far: 195.93
c o decisions K                    16458     -- Kdec/s:     98.08    
c o conflicts                      558830       -- confl/s:    3330.37  
c o rem lits triedK/rem lits remK  200       9         
c o shrink tried/useful%/lits rem  558830    49.6258   565557    
c o avg clsz/rem lits avg/finalavg 18.5448   16.9381   16.9207  
c o rdbs/low lbd/rem               55    78     576874
c o looks/look-computes            0/0
c o sat call/sat/unsat/confl/rst  189   170   19    50    0     
c o buddy called /unsat ratio           0     / 0.0000 
c o buddy avg num bin/long cls/vs  0.0000 / 0.0000 / 0.0000
c o buddy max num bin/long cls/vs  0     / 0     / 0    
c o orig cubes/lit-r avg/exten avg 0     / 0.00  / 0.00 
c o cubes orig/symm/final          0     / 0     / 0    
c o cubes resolved/flp-removed     0     / 0    
c o tot restarts                   0    
c o comp sortsK/avg sz             16434 / 1.00239491
c o comps recordK/non-reset ratio  52085 / 0.69
c o vivif: try/cls/clviv/litsravg  18        15901     698       0.92      
c o toplev subs runs/bins/long-cls 0         0         0         0         0         
c o toplevel probes/fail/bprop     0         0         0         
c o Mem used                       0.00 GB
c o cache pollutions call/removed  1192837/4121629
c o cache entries K                7418
c o MB cache                       2039.694
c o cache K (lookup/ stores/ hits/ dels) 47727  16473  31253  4933    -- Klookup/s:  284.43   
c o cache miss rate                0.345
c o avg hit/store num vars 22.347 / 61.895
c o 
c o [mem] consolidate  old-sz: 4241K new-sz: 1144K new bits offs: 18 T: 0.00
c o [rdb] cls before: 24918 after: 13731 low lbd: 83 lbd cutoff: 2 target computed: 8000 cannot be del : 18 used: 13646 rdb: 58
c o [rdb] cls before: 25013 after: 13751 low lbd: 87 lbd cutoff: 2 target computed: 8000 cannot be del : 31 used: 13662 rdb: 61
c o [mem] consolidate  old-sz: 4523K new-sz: 1080K new bits offs: 18 T: 0.00
c o [rdb] cls before: 23449 after: 13842 low lbd: 88 lbd cutoff: 2 target computed: 8000 cannot be del : 31 used: 13752 rdb: 64
c o [mem] consolidate  old-sz: 4377K new-sz: 1112K new bits offs: 18 T: 0.00
c o [rdb] cls before: 22609 after: 14807 low lbd: 89 lbd cutoff: 2 target computed: 8000 cannot be del : 13 used: 14716 rdb: 67
c o [mem] consolidate  old-sz: 4610K new-sz: 1170K new bits offs: 18 T: 0.00
c o [rdb] cls before: 24657 after: 12969 low lbd: 91 lbd cutoff: 2 target computed: 8000 cannot be del : 27 used: 12876 rdb: 70
c o [mem] consolidate  old-sz: 3801K new-sz: 1073K new bits offs: 18 T: 0.00
c o Cache full. Deleting some entries.
c o deletable:           9723554
c o Deleting entries. Num entries: 9866633
c o cache_bytes_memory_usage() in MB: 2475.64
c o max_cache_size_bytes in MB: 2500.00
c o free entries before: 143049
c o max descendants: 18 avg descendants: 0.19
c o max siblings: 25 avg siblings: 0.01
c o free entries after:  5004826 avg len: 0.01
c o deletion done. T: 0.24
c o [rdb] cls before: 23292 after: 12101 low lbd: 93 lbd cutoff: 2 target computed: 8000 cannot be del : 60 used: 12004 rdb: 73
c o [rdb] cls before: 23725 after: 13839 low lbd: 94 lbd cutoff: 2 target computed: 8000 cannot be del : 35 used: 13745 rdb: 76
c o [mem] consolidate  old-sz: 4527K new-sz: 1129K new bits offs: 18 T: 0.00
c o [rdb] cls before: 21864 after: 13499 low lbd: 95 lbd cutoff: 2 target computed: 8000 cannot be del : 31 used: 13403 rdb: 79
c o [mem] consolidate  old-sz: 3743K new-sz: 1109K new bits offs: 18 T: 0.00
c o [rdb] cls before: 22253 after: 12346 low lbd: 99 lbd cutoff: 2 target computed: 4000 cannot be del : 51 used: 12244 rdb: 82
c o [mem] consolidate  old-sz: 3758K new-sz: 1031K new bits offs: 17 T: 0.00
c o [rdb] cls before: 22687 after: 13830 low lbd: 101 lbd cutoff: 2 target computed: 8000 cannot be del : 46 used: 13727 rdb: 85
c o [mem] consolidate  old-sz: 4424K new-sz: 1059K new bits offs: 18 T: 0.00
c o [rdb] cls before: 24531 after: 14667 low lbd: 104 lbd cutoff: 2 target computed: 8000 cannot be del : 35 used: 14560 rdb: 88
c o [mem] consolidate  old-sz: 4549K new-sz: 1040K new bits offs: 17 T: 0.00
c o [rdb] cls before: 22800 after: 13608 low lbd: 109 lbd cutoff: 2 target computed: 8000 cannot be del : 21 used: 13499 rdb: 91
c o total time so far: 266.79
c o decisions K                    23500     -- Kdec/s:     98.47    
c o conflicts                      928124       -- confl/s:    3888.91  
c o rem lits triedK/rem lits remK  200       9         
c o shrink tried/useful%/lits rem  928124    50.6372   1023715   
c o avg clsz/rem lits avg/finalavg 18.8878   17.1497   17.1392  
c o rdbs/low lbd/rem               92    109    948023
c o looks/look-computes            0/0
c o sat call/sat/unsat/confl/rst  291   260   31    88    0     
c o buddy called /unsat ratio           0     / 0.0000 
c o buddy avg num bin/long cls/vs  0.0000 / 0.0000 / 0.0000
c o buddy max num bin/long cls/vs  0     / 0     / 0    
c o orig cubes/lit-r avg/exten avg 0     / 0.00  / 0.00 
c o cubes orig/symm/final          0     / 0     / 0    
c o cubes resolved/flp-removed     0     / 0    
c o tot restarts                   0    
c o comp sortsK/avg sz             23463 / 1.00263900
c o comps recordK/non-reset ratio  73875 / 0.69
c o vivif: try/cls/clviv/litsravg  30        26565     1121      0.91      
c o toplev subs runs/bins/long-cls 0         0         0         0         0         
c o toplevel probes/fail/bprop     0         0         0         
c o Mem used                       0.00 GB
c o cache pollutions call/removed  1988740/6220429
c o cache entries K                7509
c o MB cache                       2075.020
c o cache K (lookup/ stores/ hits/ dels) 67727  23524  44202  9795    -- Klookup/s:  283.78   
c o cache miss rate                0.347
c o avg hit/store num vars 22.435 / 62.376
c o 
c o [rdb] cls before: 23699 after: 13942 low lbd: 110 lbd cutoff: 2 target computed: 8000 cannot be del : 35 used: 13832 rdb: 94
c o [mem] consolidate  old-sz: 4444K new-sz: 1111K new bits offs: 18 T: 0.00
c o [rdb] cls before: 23057 after: 13965 low lbd: 111 lbd cutoff: 2 target computed: 20000 cannot be del : 27 used: 13514 rdb: 97
c o [mem] consolidate  old-sz: 4634K new-sz: 1173K new bits offs: 18 T: 0.00
c o [rdb] cls before: 24092 after: 15062 low lbd: 111 lbd cutoff: 2 target computed: 15000 cannot be del : 29 used: 14747 rdb: 100
c o [mem] consolidate  old-sz: 3830K new-sz: 1038K new bits offs: 17 T: 0.00
c o [rdb] cls before: 22817 after: 13371 low lbd: 112 lbd cutoff: 2 target computed: 20000 cannot be del : 36 used: 12845 rdb: 103
c o [mem] consolidate  old-sz: 4485K new-sz:  969K new bits offs: 17 T: 0.00
c o [rdb] cls before: 22444 after: 13938 low lbd: 115 lbd cutoff: 2 target computed: 4000 cannot be del : 45 used: 13819 rdb: 106
c o [rdb] cls before: 23835 after: 14932 low lbd: 116 lbd cutoff: 2 target computed: 8000 cannot be del : 23 used: 14816 rdb: 109
c o [mem] consolidate  old-sz: 4399K new-sz: 1227K new bits offs: 18 T: 0.00
c o Cache full. Deleting some entries.
c o deletable:           9654926
c o Deleting entries. Num entries: 9866633
c o cache_bytes_memory_usage() in MB: 2479.30
c o max_cache_size_bytes in MB: 2500.00
c o free entries before: 211669
c o max descendants: 20 avg descendants: 0.21
c o max siblings: 18 avg siblings: 0.01
c o free entries after:  5039133 avg len: 0.01
c o deletion done. T: 0.24
c o [rdb] cls before: 24080 after: 13725 low lbd: 118 lbd cutoff: 2 target computed: 8000 cannot be del : 25 used: 13607 rdb: 112
c o [mem] consolidate  old-sz: 3925K new-sz: 1178K new bits offs: 18 T: 0.00
c o [rdb] cls before: 22624 after: 13704 low lbd: 120 lbd cutoff: 2 target computed: 8000 cannot be del : 23 used: 13583 rdb: 115
c o [mem] consolidate  old-sz: 3727K new-sz: 1112K new bits offs: 18 T: 0.00
c o [rdb] cls before: 24066 after: 13627 low lbd: 121 lbd cutoff: 2 target computed: 15000 cannot be del : 33 used: 13195 rdb: 118
c o [mem] consolidate  old-sz: 3742K new-sz: 1132K new bits offs: 18 T: 0.00
c o [rdb] cls before: 24243 after: 13733 low lbd: 124 lbd cutoff: 2 target computed: 8000 cannot be del : 37 used: 13608 rdb: 121
c o [mem] consolidate  old-sz: 4565K new-sz: 1146K new bits offs: 18 T: 0.00
c o [rdb] cls before: 24375 after: 13286 low lbd: 125 lbd cutoff: 2 target computed: 8000 cannot be del : 23 used: 13161 rdb: 124
c o [mem] consolidate  old-sz: 3738K new-sz: 1106K new bits offs: 18 T: 0.00
c o [rdb] cls before: 23670 after: 13606 low lbd: 129 lbd cutoff: 2 target computed: 8000 cannot be del : 20 used: 13477 rdb: 127
c o total time so far: 337.52
c o decisions K                    30504     -- Kdec/s:     98.60    
c o conflicts                      1282835      -- confl/s:    4146.38  
c o rem lits triedK/rem lits remK  200       9         
c o shrink tried/useful%/lits rem  1282835   50.5860   1438945   
c o avg clsz/rem lits avg/finalavg 19.0883   17.3125   17.3049  
c o rdbs/low lbd/rem               128   130    1308065
c o looks/look-computes            0/0
c o sat call/sat/unsat/confl/rst  346   309   37    101   0     
c o buddy called /unsat ratio           0     / 0.0000 
c o buddy avg num bin/long cls/vs  0.0000 / 0.0000 / 0.0000
c o buddy max num bin/long cls/vs  0     / 0     / 0    
c o orig cubes/lit-r avg/exten avg 0     / 0.00  / 0.00 
c o cubes orig/symm/final          0     / 0     / 0    
c o cubes resolved/flp-removed     0     / 0    
c o tot restarts                   0    
c o comp sortsK/avg sz             30456 / 1.00269911
c o comps recordK/non-reset ratio  95690 / 0.69
c o vivif: try/cls/clviv/litsravg  42        38290     1642      0.91      
c o toplev subs runs/bins/long-cls 0         0         0         0         0         
c o toplevel probes/fail/bprop     0         0         0         
c o Mem used                       0.00 GB
c o cache pollutions call/removed  2742950/8292705
c o cache entries K                7623
c o MB cache                       2098.564
c o cache K (lookup/ stores/ hits/ dels) 87727  30538  57188  14622   -- Klookup/s:  283.55   
c o cache miss rate                0.348
c o avg hit/store num vars 22.491 / 62.695
c o 
c o [mem] consolidate  old-sz: 4628K new-sz: 1151K new bits offs: 18 T: 0.00
c o [rdb] cls before: 23998 after: 13368 low lbd: 130 lbd cutoff: 2 target computed: 15000 cannot be del : 25 used: 12824 rdb: 130
c o [mem] consolidate  old-sz: 3716K new-sz: 1056K new bits offs: 18 T: 0.00
c o [rdb] cls before: 23075 after: 12928 low lbd: 132 lbd cutoff: 2 target computed: 15000 cannot be del : 27 used: 12352 rdb: 133
c o [rdb] cls before: 24098 after: 13402 low lbd: 133 lbd cutoff: 2 target computed: 15000 cannot be del : 25 used: 12823 rdb: 136
c o [mem] consolidate  old-sz: 4588K new-sz: 1103K new bits offs: 18 T: 0.00
c o [rdb] cls before: 24556 after: 14772 low lbd: 134 lbd cutoff: 2 target computed: 15000 cannot be del : 26 used: 13910 rdb: 139
c o [mem] consolidate  old-sz: 4562K new-sz: 1035K new bits offs: 17 T: 0.00
c o [rdb] cls before: 22552 after: 13395 low lbd: 137 lbd cutoff: 2 target computed: 8000 cannot be del : 24 used: 13254 rdb: 142
c o Cache full. Deleting some entries.
c o deletable:           9570847
c o Deleting entries. Num entries: 9866633
c o cache_bytes_memory_usage() in MB: 2483.79
c o max_cache_size_bytes in MB: 2500.00
c o free entries before: 295752
c o max descendants: 14 avg descendants: 0.21
c o max siblings: 23 avg siblings: 0.01
c o free entries after:  5081181 avg len: 0.01
c o deletion done. T: 0.25
c o [mem] consolidate  old-sz: 4315K new-sz: 1094K new bits offs: 18 T: 0.00
c o [rdb] cls before: 24332 after: 14980 low lbd: 141 lbd cutoff: 2 target computed: 4000 cannot be del : 23 used: 14835 rdb: 145
c o [mem] consolidate  old-sz: 3537K new-sz: 1066K new bits offs: 18 T: 0.00
c o [rdb] cls before: 23940 after: 14129 low lbd: 147 lbd cutoff: 2 target computed: 4000 cannot be del : 11 used: 13980 rdb: 148
c o [rdb] cls before: 24833 after: 14131 low lbd: 148 lbd cutoff: 2 target computed: 8000 cannot be del : 40 used: 13983 rdb: 151
c o [mem] consolidate  old-sz: 4292K new-sz: 1101K new bits offs: 18 T: 0.00
c o [rdb] cls before: 23811 after: 13749 low lbd: 148 lbd cutoff: 2 target computed: 8000 cannot be del : 37 used: 13600 rdb: 154
c o [mem] consolidate  old-sz: 3611K new-sz: 1078K new bits offs: 18 T: 0.00
c o total time so far: 409.61
c o decisions K                    37396     -- Kdec/s:     98.03    
c o conflicts                      1556812      -- confl/s:    4081.04  
c o rem lits triedK/rem lits remK  200       9         
c o shrink tried/useful%/lits rem  1556812   50.4033   1744193   
c o avg clsz/rem lits avg/finalavg 19.0376   17.2679   17.2617  
c o rdbs/low lbd/rem               155   149    1576621
c o looks/look-computes            0/0
c o sat call/sat/unsat/confl/rst  397   353   44    127   0     
c o buddy called /unsat ratio           0     / 0.0000 
c o buddy avg num bin/long cls/vs  0.0000 / 0.0000 / 0.0000
c o buddy max num bin/long cls/vs  0     / 0     / 0    
c o orig cubes/lit-r avg/exten avg 0     / 0.00  / 0.00 
c o cubes orig/symm/final          0     / 0     / 0    
c o cubes resolved/flp-removed     0     / 0    
c o tot restarts                   0    
c o comp sortsK/avg sz             37338 / 1.00260559
c o comps recordK/non-reset ratio  117285 / 0.68
c o vivif: try/cls/clviv/litsravg  50        45515     1952      0.90      
c o toplev subs runs/bins/long-cls 0         0         0         0         0         
c o toplevel probes/fail/bprop     0         0         0         
c o Mem used                       0.00 GB
c o cache pollutions call/removed  3318005/9818803
c o cache entries K                8209
c o MB cache                       2199.897
c o cache K (lookup/ stores/ hits/ dels) 107727 37436  70291  19407   -- Klookup/s:  282.39   
c o cache miss rate                0.348
c o avg hit/store num vars 22.696 / 63.039
c o 
c o [rdb] cls before: 24578 after: 12913 low lbd: 150 lbd cutoff: 2 target computed: 8000 cannot be del : 42 used: 12762 rdb: 157
c o [mem] consolidate  old-sz: 3604K new-sz: 1025K new bits offs: 17 T: 0.00
c o [rdb] cls before: 23396 after: 13325 low lbd: 150 lbd cutoff: 2 target computed: 8000 cannot be del : 20 used: 13175 rdb: 160
c o [mem] consolidate  old-sz: 4387K new-sz: 1170K new bits offs: 18 T: 0.00
c o [rdb] cls before: 25031 after: 15055 low lbd: 152 lbd cutoff: 2 target computed: 8000 cannot be del : 20 used: 14903 rdb: 163
c o [mem] consolidate  old-sz: 3692K new-sz: 1054K new bits offs: 18 T: 0.00
c o Cache full. Deleting some entries.
c o deletable:           9566756
c o Deleting entries. Num entries: 9866633
c o cache_bytes_memory_usage() in MB: 2484.01
c o max_cache_size_bytes in MB: 2500.00
c o free entries before: 299855
c o max descendants: 13 avg descendants: 0.16
c o max siblings: 18 avg siblings: 0.01
c o free entries after:  5083235 avg len: 0.01
c o deletion done. T: 0.25
c o [rdb] cls before: 24311 after: 12566 low lbd: 154 lbd cutoff: 2 target computed: 4000 cannot be del : 33 used: 12411 rdb: 166
c o [mem] consolidate  old-sz: 4430K new-sz: 1090K new bits offs: 18 T: 0.00
c o [rdb] cls before: 23871 after: 14178 low lbd: 157 lbd cutoff: 2 target computed: 8000 cannot be del : 17 used: 14020 rdb: 169
c o [rdb] cls before: 24237 after: 13290 low lbd: 160 lbd cutoff: 2 target computed: 8000 cannot be del : 17 used: 13128 rdb: 172
c o [mem] consolidate  old-sz: 4459K new-sz: 1043K new bits offs: 17 T: 0.00
c o [rdb] cls before: 22715 after: 14031 low lbd: 164 lbd cutoff: 2 target computed: 8000 cannot be del : 15 used: 13866 rdb: 175
c o [mem] consolidate  old-sz: 4471K new-sz: 1177K new bits offs: 18 T: 0.00
c o [rdb] cls before: 23272 after: 13364 low lbd: 167 lbd cutoff: 2 target computed: 4000 cannot be del : 34 used: 13194 rdb: 178
c o total time so far: 479.68
c o decisions K                    44254     -- Kdec/s:     98.01    
c o conflicts                      1782226      -- confl/s:    3946.94  
c o rem lits triedK/rem lits remK  200       9         
c o shrink tried/useful%/lits rem  1782226   49.9966   1965984   
c o avg clsz/rem lits avg/finalavg 18.9790   17.2451   17.2397  
c o rdbs/low lbd/rem               178   167    1808273
c o looks/look-computes            0/0
c o sat call/sat/unsat/confl/rst  467   412   55    155   0     
c o buddy called /unsat ratio           0     / 0.0000 
c o buddy avg num bin/long cls/vs  0.0000 / 0.0000 / 0.0000
c o buddy max num bin/long cls/vs  0     / 0     / 0    
c o orig cubes/lit-r avg/exten avg 0     / 0.00  / 0.00 
c o cubes orig/symm/final          0     / 0     / 0    
c o cubes resolved/flp-removed     0     / 0    
c o tot restarts                   0    
c o comp sortsK/avg sz             44186 / 1.00253559
c o comps recordK/non-reset ratio  138808 / 0.68
c o vivif: try/cls/clviv/litsravg  58        53041     2261      0.90      
c o toplev subs runs/bins/long-cls 0         0         0         0         0         
c o toplevel probes/fail/bprop     0         0         0         
c o Mem used                       0.00 GB
c o cache pollutions call/removed  3792127/11320183
c o cache entries K                8787
c o MB cache                       2289.236
c o cache K (lookup/ stores/ hits/ dels) 127727 44298  83428  24191   -- Klookup/s:  282.86   
c o cache miss rate                0.347
c o avg hit/store num vars 22.772 / 63.010
c o 
c o [mem] consolidate  old-sz: 3679K new-sz: 1022K new bits offs: 17 T: 0.00
c o [rdb] cls before: 23442 after: 14292 low lbd: 169 lbd cutoff: 2 target computed: 4000 cannot be del : 59 used: 14122 rdb: 181
c o Cache full. Deleting some entries.
c o deletable:           9804694
c o Deleting entries. Num entries: 9866633
c o cache_bytes_memory_usage() in MB: 2471.31
c o max_cache_size_bytes in MB: 2500.00
c o free entries before: 61901
c o max descendants: 16 avg descendants: 0.17
c o max siblings: 19 avg siblings: 0.01
c o free entries after:  4964251 avg len: 0.01
c o deletion done. T: 0.25
c o [mem] consolidate  old-sz: 4454K new-sz: 1173K new bits offs: 18 T: 0.00
c o [rdb] cls before: 24543 after: 14127 low lbd: 172 lbd cutoff: 2 target computed: 4000 cannot be del : 37 used: 13954 rdb: 184
c o [mem] consolidate  old-sz: 3689K new-sz: 1120K new bits offs: 18 T: 0.00
c o [rdb] cls before: 24123 after: 13719 low lbd: 173 lbd cutoff: 2 target computed: 4000 cannot be del : 17 used: 13544 rdb: 187
c o [rdb] cls before: 25739 after: 14576 low lbd: 176 lbd cutoff: 2 target computed: 8000 cannot be del : 33 used: 14396 rdb: 190
c o [mem] consolidate  old-sz: 4591K new-sz: 1198K new bits offs: 18 T: 0.00
c o [rdb] cls before: 23760 after: 12521 low lbd: 177 lbd cutoff: 2 target computed: 8000 cannot be del : 24 used: 12344 rdb: 193
c o [mem] consolidate  old-sz: 3829K new-sz: 1021K new bits offs: 17 T: 0.00
c o total time so far: 543.31
c o decisions K                    51135     -- Kdec/s:     99.26    
c o conflicts                      1958049      -- confl/s:    3800.70  
c o rem lits triedK/rem lits remK  200       9         
c o shrink tried/useful%/lits rem  1958049   50.0846   2179630   
c o avg clsz/rem lits avg/finalavg 19.0190   17.2755   17.2705  
c o rdbs/low lbd/rem               195   179    1978065
c o looks/look-computes            0/0
c o sat call/sat/unsat/confl/rst  494   436   58    160   0     
c o buddy called /unsat ratio           0     / 0.0000 
c o buddy avg num bin/long cls/vs  0.0000 / 0.0000 / 0.0000
c o buddy max num bin/long cls/vs  0     / 0     / 0    
c o orig cubes/lit-r avg/exten avg 0     / 0.00  / 0.00 
c o cubes orig/symm/final          0     / 0     / 0    
c o cubes resolved/flp-removed     0     / 0    
c o tot restarts                   0    
c o comp sortsK/avg sz             51062 / 1.00240997
c o comps recordK/non-reset ratio  160378 / 0.69
c o vivif: try/cls/clviv/litsravg  64        59266     2512      0.90      
c o toplev subs runs/bins/long-cls 0         0         0         0         0         
c o toplevel probes/fail/bprop     0         0         0         
c o Mem used                       0.00 GB
c o cache pollutions call/removed  4163677/12758011
c o cache entries K                9333
c o MB cache                       2378.079
c o cache K (lookup/ stores/ hits/ dels) 147727 51185  96542  29093   -- Klookup/s:  286.75   
c o cache miss rate                0.346
c o avg hit/store num vars 22.485 / 62.125
c o 
c o [rdb] cls before: 23590 after: 12754 low lbd: 179 lbd cutoff: 2 target computed: 4000 cannot be del : 28 used: 12571 rdb: 196
c o [mem] consolidate  old-sz: 4569K new-sz: 1141K new bits offs: 18 T: 0.00
c o [rdb] cls before: 24392 after: 13939 low lbd: 184 lbd cutoff: 2 target computed: 8000 cannot be del : 36 used: 13752 rdb: 199
c o Cache full. Deleting some entries.
c o deletable:           9795648
c o Deleting entries. Num entries: 9866633
c o cache_bytes_memory_usage() in MB: 2471.79
c o max_cache_size_bytes in MB: 2500.00
c o free entries before: 70941
c o max descendants: 15 avg descendants: 0.16
c o max siblings: 15 avg siblings: 0.01
c o free entries after:  4968765 avg len: 0.01
c o deletion done. T: 0.25
c o [mem] consolidate  old-sz: 4579K new-sz: 1084K new bits offs: 18 T: 0.00
c o [rdb] cls before: 23921 after: 13731 low lbd: 185 lbd cutoff: 2 target computed: 4000 cannot be del : 35 used: 13544 rdb: 202
c o [mem] consolidate  old-sz: 3570K new-sz: 1060K new bits offs: 18 T: 0.00
c o [rdb] cls before: 23679 after: 13272 low lbd: 186 lbd cutoff: 2 target computed: 8000 cannot be del : 23 used: 13084 rdb: 205
c o [mem] consolidate  old-sz: 3562K new-sz: 1024K new bits offs: 17 T: 0.00
c o [rdb] cls before: 22992 after: 12745 low lbd: 188 lbd cutoff: 2 target computed: 15000 cannot be del : 33 used: 12052 rdb: 208
c o [rdb] cls before: 24163 after: 12836 low lbd: 190 lbd cutoff: 2 target computed: 8000 cannot be del : 34 used: 12646 rdb: 211
c o [mem] consolidate  old-sz: 4587K new-sz: 1030K new bits offs: 17 T: 0.00
c o [rdb] cls before: 24154 after: 12741 low lbd: 193 lbd cutoff: 2 target computed: 4000 cannot be del : 33 used: 12548 rdb: 214
c o [mem] consolidate  old-sz: 3631K new-sz: 1004K new bits offs: 17 T: 0.00
c o [rdb] cls before: 24112 after: 12574 low lbd: 194 lbd cutoff: 2 target computed: 8000 cannot be del : 42 used: 12379 rdb: 217
c o [mem] consolidate  old-sz: 3669K new-sz: 1010K new bits offs: 17 T: 0.00
c o [rdb] cls before: 22782 after: 13415 low lbd: 197 lbd cutoff: 2 target computed: 8000 cannot be del : 32 used: 13217 rdb: 220
c o Cache full. Deleting some entries.
c o deletable:           9739497
c o Deleting entries. Num entries: 9866633
c o cache_bytes_memory_usage() in MB: 2474.79
c o max_cache_size_bytes in MB: 2500.00
c o free entries before: 127097
c o max descendants: 19 avg descendants: 0.18
c o max siblings: 20 avg siblings: 0.01
c o free entries after:  4996846 avg len: 0.01
c o deletion done. T: 0.25
c o total time so far: 611.68
c o decisions K                    58046     -- Kdec/s:     99.47    
c o conflicts                      2207403      -- confl/s:    3782.73  
c o rem lits triedK/rem lits remK  200       9         
c o shrink tried/useful%/lits rem  2207403   50.2700   2493441   
c o avg clsz/rem lits avg/finalavg 19.0835   17.3262   17.3218  
c o rdbs/low lbd/rem               220   197    2228264
c o looks/look-computes            0/0
c o sat call/sat/unsat/confl/rst  544   480   64    181   0     
c o buddy called /unsat ratio           0     / 0.0000 
c o buddy avg num bin/long cls/vs  0.0000 / 0.0000 / 0.0000
c o buddy max num bin/long cls/vs  0     / 0     / 0    
c o orig cubes/lit-r avg/exten avg 0     / 0.00  / 0.00 
c o cubes orig/symm/final          0     / 0     / 0    
c o cubes resolved/flp-removed     0     / 0    
c o tot restarts                   0    
c o comp sortsK/avg sz             57963 / 1.00237385
c o comps recordK/non-reset ratio  181889 / 0.69
c o vivif: try/cls/clviv/litsravg  72        66643     2835      0.90      
c o toplev subs runs/bins/long-cls 0         0         0         0         0         
c o toplevel probes/fail/bprop     0         0         0         
c o Mem used                       0.00 GB
c o cache pollutions call/removed  4692091/14368873
c o cache entries K                4871
c o MB cache                       1597.528
c o cache K (lookup/ stores/ hits/ dels) 167727 58101  109626 38861   -- Klookup/s:  287.42   
c o cache miss rate                0.346
c o avg hit/store num vars 22.469 / 62.010
c o 
c o [mem] consolidate  old-sz: 4583K new-sz: 1044K new bits offs: 17 T: 0.00
c o [rdb] cls before: 24036 after: 13038 low lbd: 200 lbd cutoff: 2 target computed: 15000 cannot be del : 43 used: 12565 rdb: 223
c o [mem] consolidate  old-sz: 3632K new-sz:  871K new bits offs: 17 T: 0.00
c o [rdb] cls before: 23206 after: 12966 low lbd: 203 lbd cutoff: 2 target computed: 4000 cannot be del : 29 used: 12759 rdb: 226
c o [mem] consolidate  old-sz: 4265K new-sz: 1108K new bits offs: 18 T: 0.00
c o [rdb] cls before: 23640 after: 13310 low lbd: 207 lbd cutoff: 2 target computed: 4000 cannot be del : 8 used: 13101 rdb: 229
c o [mem] consolidate  old-sz: 3696K new-sz:  976K new bits offs: 17 T: 0.00
c o [rdb] cls before: 21800 after: 13201 low lbd: 210 lbd cutoff: 2 target computed: 8000 cannot be del : 31 used: 12991 rdb: 232
c o [rdb] cls before: 24015 after: 13434 low lbd: 216 lbd cutoff: 2 target computed: 8000 cannot be del : 50 used: 13214 rdb: 235
c o [mem] consolidate  old-sz: 4421K new-sz: 1108K new bits offs: 18 T: 0.00
c o [rdb] cls before: 24362 after: 12850 low lbd: 216 lbd cutoff: 2 target computed: 8000 cannot be del : 11 used: 12632 rdb: 238
c o [mem] consolidate  old-sz: 3662K new-sz: 1036K new bits offs: 17 T: 0.00
c o Cache full. Deleting some entries.
c o deletable:           9843106
c o Deleting entries. Num entries: 9866633
c o cache_bytes_memory_usage() in MB: 2469.25
c o max_cache_size_bytes in MB: 2500.00
c o free entries before: 23492
c o max descendants: 25 avg descendants: 0.19
c o max siblings: 17 avg siblings: 0.01
c o free entries after:  4945045 avg len: 0.01
c o deletion done. T: 0.25
c o total time so far: 674.80
c o decisions K                    65006     -- Kdec/s:     100.53   
c o conflicts                      2406693      -- confl/s:    3721.69  
c o rem lits triedK/rem lits remK  200       9         
c o shrink tried/useful%/lits rem  2406693   50.3146   2726726   
c o avg clsz/rem lits avg/finalavg 19.0928   17.3305   17.3264  
c o rdbs/low lbd/rem               240   217    2429195
c o looks/look-computes            0/0
c o sat call/sat/unsat/confl/rst  604   528   76    217   0     
c o buddy called /unsat ratio           0     / 0.0000 
c o buddy avg num bin/long cls/vs  0.0000 / 0.0000 / 0.0000
c o buddy max num bin/long cls/vs  0     / 0     / 0    
c o orig cubes/lit-r avg/exten avg 0     / 0.00  / 0.00 
c o cubes orig/symm/final          0     / 0     / 0    
c o cubes resolved/flp-removed     0     / 0    
c o tot restarts                   0    
c o comp sortsK/avg sz             64913 / 1.00235451
c o comps recordK/non-reset ratio  203433 / 0.69
c o vivif: try/cls/clviv/litsravg  80        73691     3143      0.90      
c o toplev subs runs/bins/long-cls 0         0         0         0         0         
c o toplevel probes/fail/bprop     0         0         0         
c o Mem used                       0.00 GB
c o cache pollutions call/removed  5116684/16074922
c o cache entries K                5208
c o MB cache                       1653.385
c o cache K (lookup/ stores/ hits/ dels) 187727 65066  122661 43782   -- Klookup/s:  290.30   
c o cache miss rate                0.347
c o avg hit/store num vars 22.274 / 61.371
c o 
c o [rdb] cls before: 22505 after: 14049 low lbd: 217 lbd cutoff: 2 target computed: 4000 cannot be del : 30 used: 13831 rdb: 241
c o [mem] consolidate  old-sz: 4418K new-sz: 1166K new bits offs: 18 T: 0.00
c o [rdb] cls before: 24057 after: 13064 low lbd: 218 lbd cutoff: 2 target computed: 4000 cannot be del : 34 used: 12844 rdb: 244
c o [mem] consolidate  old-sz: 3705K new-sz: 1041K new bits offs: 17 T: 0.00
c o [rdb] cls before: 23570 after: 14051 low lbd: 224 lbd cutoff: 2 target computed: 8000 cannot be del : 27 used: 13827 rdb: 247
c o [mem] consolidate  old-sz: 4499K new-sz:  932K new bits offs: 17 T: 0.00
c o [rdb] cls before: 21635 after: 13967 low lbd: 225 lbd cutoff: 2 target computed: 4000 cannot be del : 35 used: 13738 rdb: 250
c o [rdb] cls before: 22297 after: 13150 low lbd: 228 lbd cutoff: 2 target computed: 4000 cannot be del : 52 used: 12917 rdb: 253
c o [mem] consolidate  old-sz: 4253K new-sz: 1012K new bits offs: 17 T: 0.00
c o [rdb] cls before: 23046 after: 12582 low lbd: 228 lbd cutoff: 2 target computed: 4000 cannot be del : 36 used: 12350 rdb: 256
c o [mem] consolidate  old-sz: 3548K new-sz: 1002K new bits offs: 17 T: 0.00
c o Cache full. Deleting some entries.
c o deletable:           9889515
c o Deleting entries. Num entries: 9889549
c o cache_bytes_memory_usage() in MB: 2468.00
c o max_cache_size_bytes in MB: 2500.00
c o free entries before: 0
c o max descendants: 15 avg descendants: 0.25
c o max siblings: 25 avg siblings: 0.01
c o free entries after:  4944758 avg len: 0.01
c o deletion done. T: 0.26
c o total time so far: 736.73
c o decisions K                    71962     -- Kdec/s:     101.56   
c o conflicts                      2571486      -- confl/s:    3628.98  
c o rem lits triedK/rem lits remK  200       9         
c o shrink tried/useful%/lits rem  2571486   50.2570   2912717   
c o avg clsz/rem lits avg/finalavg 19.0902   17.3226   17.3188  
c o rdbs/low lbd/rem               257   228    2597200
c o looks/look-computes            0/0
c o sat call/sat/unsat/confl/rst  690   605   85    244   0     
c o buddy called /unsat ratio           0     / 0.0000 
c o buddy avg num bin/long cls/vs  0.0000 / 0.0000 / 0.0000
c o buddy max num bin/long cls/vs  0     / 0     / 0    
c o orig cubes/lit-r avg/exten avg 0     / 0.00  / 0.00 
c o cubes orig/symm/final          0     / 0     / 0    
c o cubes resolved/flp-removed     0     / 0    
c o tot restarts                   0    
c o comp sortsK/avg sz             71862 / 1.00228791
c o comps recordK/non-reset ratio  225020 / 0.70
c o vivif: try/cls/clviv/litsravg  84        77027     3247      0.90      
c o toplev subs runs/bins/long-cls 0         0         0         0         0         
c o toplevel probes/fail/bprop     0         0         0         
c o Mem used                       0.00 GB
c o cache pollutions call/removed  5463384/18286745
c o cache entries K                5012
c o MB cache                       1621.287
c o cache K (lookup/ stores/ hits/ dels) 207727 72026  135701 48727   -- Klookup/s:  293.15   
c o cache miss rate                0.347
c o avg hit/store num vars 22.085 / 60.732
c o 
c o [rdb] cls before: 24720 after: 12239 low lbd: 228 lbd cutoff: 2 target computed: 4000 cannot be del : 8 used: 12010 rdb: 259
c o [mem] consolidate  old-sz: 3610K new-sz: 1029K new bits offs: 17 T: 0.00
c o [rdb] cls before: 22394 after: 13058 low lbd: 228 lbd cutoff: 2 target computed: 4000 cannot be del : 27 used: 12830 rdb: 262
c o [mem] consolidate  old-sz: 4504K new-sz: 1166K new bits offs: 18 T: 0.00
c o [rdb] cls before: 22302 after: 13345 low lbd: 229 lbd cutoff: 2 target computed: 8000 cannot be del : 57 used: 13115 rdb: 265
c o [mem] consolidate  old-sz: 3778K new-sz: 1113K new bits offs: 18 T: 0.00
c o [rdb] cls before: 24745 after: 15241 low lbd: 232 lbd cutoff: 2 target computed: 8000 cannot be del : 15 used: 15009 rdb: 268
c o [mem] consolidate  old-sz: 4587K new-sz: 1154K new bits offs: 18 T: 0.00
c o [rdb] cls before: 24350 after: 13859 low lbd: 232 lbd cutoff: 2 target computed: 8000 cannot be del : 53 used: 13623 rdb: 271
c o [mem] consolidate  old-sz: 3694K new-sz: 1036K new bits offs: 17 T: 0.00
c o Cache full. Deleting some entries.
c o deletable:           9917093
c o Deleting entries. Num entries: 9917130
c o cache_bytes_memory_usage() in MB: 2468.00
c o max_cache_size_bytes in MB: 2500.00
c o free entries before: 0
c o max descendants: 16 avg descendants: 0.20
c o max siblings: 19 avg siblings: 0.01
c o free entries after:  4958551 avg len: 0.01
c o deletion done. T: 0.25
c o total time so far: 798.12
c o decisions K                    78891     -- Kdec/s:     102.46   
c o conflicts                      2736598      -- confl/s:    3554.08  
c o rem lits triedK/rem lits remK  200       9         
c o shrink tried/useful%/lits rem  2736598   50.3721   3128773   
c o avg clsz/rem lits avg/finalavg 19.1213   17.3397   17.3361  
c o rdbs/low lbd/rem               273   232    2758612
c o looks/look-computes            0/0
c o sat call/sat/unsat/confl/rst  735   642   93    260   0     
c o buddy called /unsat ratio           0     / 0.0000 
c o buddy avg num bin/long cls/vs  0.0000 / 0.0000 / 0.0000
c o buddy max num bin/long cls/vs  0     / 0     / 0    
c o orig cubes/lit-r avg/exten avg 0     / 0.00  / 0.00 
c o cubes orig/symm/final          0     / 0     / 0    
c o cubes resolved/flp-removed     0     / 0    
c o tot restarts                   0    
c o comp sortsK/avg sz             78782 / 1.00224351
c o comps recordK/non-reset ratio  246708 / 0.70
c o vivif: try/cls/clviv/litsravg  90        82718     3513      0.90      
c o toplev subs runs/bins/long-cls 0         0         0         0         0         
c o toplevel probes/fail/bprop     0         0         0         
c o Mem used                       0.00 GB
c o cache pollutions call/removed  5810847/20007300
c o cache entries K                5266
c o MB cache                       1662.812
c o cache K (lookup/ stores/ hits/ dels) 227727 78959  148768 53686   -- Klookup/s:  295.75   
c o cache miss rate                0.347
c o avg hit/store num vars 21.880 / 60.147
c o 
c o [rdb] cls before: 23121 after: 13927 low lbd: 232 lbd cutoff: 2 target computed: 4000 cannot be del : 21 used: 13694 rdb: 274
c o [mem] consolidate  old-sz: 3567K new-sz: 1017K new bits offs: 17 T: 0.00
c o [rdb] cls before: 22685 after: 13667 low lbd: 236 lbd cutoff: 2 target computed: 4000 cannot be del : 21 used: 13431 rdb: 277
c o [rdb] cls before: 23161 after: 13760 low lbd: 237 lbd cutoff: 2 target computed: 8000 cannot be del : 32 used: 13521 rdb: 280
c o [mem] consolidate  old-sz: 4405K new-sz: 1083K new bits offs: 18 T: 0.00
c o [rdb] cls before: 23195 after: 14082 low lbd: 237 lbd cutoff: 2 target computed: 15000 cannot be del : 37 used: 13471 rdb: 283
c o [mem] consolidate  old-sz: 4486K new-sz: 1139K new bits offs: 18 T: 0.00
c o [rdb] cls before: 23568 after: 13950 low lbd: 239 lbd cutoff: 2 target computed: 15000 cannot be del : 30 used: 13383 rdb: 286
c o [mem] consolidate  old-sz: 3770K new-sz: 1086K new bits offs: 18 T: 0.00
c o [rdb] cls before: 24564 after: 14089 low lbd: 239 lbd cutoff: 2 target computed: 15000 cannot be del : 23 used: 13425 rdb: 289
c o [mem] consolidate  old-sz: 4525K new-sz: 1131K new bits offs: 18 T: 0.00
c o [rdb] cls before: 24672 after: 13746 low lbd: 240 lbd cutoff: 2 target computed: 15000 cannot be del : 25 used: 12707 rdb: 292
c o [rdb] cls before: 25344 after: 14507 low lbd: 241 lbd cutoff: 2 target computed: 15000 cannot be del : 27 used: 13390 rdb: 295
c o [mem] consolidate  old-sz: 4574K new-sz: 1136K new bits offs: 18 T: 0.00
c o [rdb] cls before: 25007 after: 14565 low lbd: 244 lbd cutoff: 2 target computed: 15000 cannot be del : 38 used: 13380 rdb: 298
c o [mem] consolidate  old-sz: 4538K new-sz: 1127K new bits offs: 18 T: 0.00
c o [rdb] cls before: 25034 after: 13448 low lbd: 245 lbd cutoff: 2 target computed: 8000 cannot be del : 44 used: 13201 rdb: 301
c o [mem] consolidate  old-sz: 3629K new-sz: 1045K new bits offs: 17 T: 0.00
c o Cache full. Deleting some entries.
c o deletable:           9607273
c o Deleting entries. Num entries: 9917130
c o cache_bytes_memory_usage() in MB: 2484.55
c o max_cache_size_bytes in MB: 2500.00
c o free entries before: 309812
c o max descendants: 47 avg descendants: 0.18
c o max siblings: 79 avg siblings: 0.02
c o free entries after:  5113449 avg len: 0.02
c o deletion done. T: 0.25
c o [rdb] cls before: 24886 after: 13714 low lbd: 248 lbd cutoff: 2 target computed: 4000 cannot be del : 52 used: 13458 rdb: 304
c o total time so far: 869.49
c o decisions K                    85818     -- Kdec/s:     102.00   
c o conflicts                      3042814      -- confl/s:    3616.54  
c o rem lits triedK/rem lits remK  200       9         
c o shrink tried/useful%/lits rem  3042814   51.0866   3589881   
c o avg clsz/rem lits avg/finalavg 19.1739   17.3385   17.3352  
c o rdbs/low lbd/rem               304   248    3068049
c o looks/look-computes            0/0
c o sat call/sat/unsat/confl/rst  806   708   98    277   0     
c o buddy called /unsat ratio           0     / 0.0000 
c o buddy avg num bin/long cls/vs  0.0000 / 0.0000 / 0.0000
c o buddy max num bin/long cls/vs  0     / 0     / 0    
c o orig cubes/lit-r avg/exten avg 0     / 0.00  / 0.00 
c o cubes orig/symm/final          0     / 0     / 0    
c o cubes resolved/flp-removed     0     / 0    
c o tot restarts                   0    
c o comp sortsK/avg sz             85700 / 1.00227024
c o comps recordK/non-reset ratio  268651 / 0.70
c o vivif: try/cls/clviv/litsravg  100       92849     3969      0.90      
c o toplev subs runs/bins/long-cls 0         0         0         0         0         
c o toplevel probes/fail/bprop     0         0         0         
c o Mem used                       0.00 GB
c o cache pollutions call/removed  6455305/22207807
c o cache entries K                5197
c o MB cache                       1651.868
c o cache K (lookup/ stores/ hits/ dels) 247727 85894  161832 58489   -- Klookup/s:  294.44   
c o cache miss rate                0.347
c o avg hit/store num vars 21.877 / 60.324
c o 
c o [mem] consolidate  old-sz: 4456K new-sz: 1115K new bits offs: 18 T: 0.00
c o [rdb] cls before: 24150 after: 13341 low lbd: 249 lbd cutoff: 2 target computed: 8000 cannot be del : 18 used: 13091 rdb: 307
c o [mem] consolidate  old-sz: 3697K new-sz: 1060K new bits offs: 18 T: 0.00
c o [rdb] cls before: 22904 after: 12610 low lbd: 251 lbd cutoff: 2 target computed: 8000 cannot be del : 20 used: 12357 rdb: 310
c o [rdb] cls before: 24076 after: 13457 low lbd: 252 lbd cutoff: 2 target computed: 8000 cannot be del : 40 used: 13203 rdb: 313
c o [mem] consolidate  old-sz: 4495K new-sz: 1125K new bits offs: 18 T: 0.00
c o [rdb] cls before: 23357 after: 13660 low lbd: 255 lbd cutoff: 2 target computed: 4000 cannot be del : 17 used: 13403 rdb: 316
c o [mem] consolidate  old-sz: 4579K new-sz: 1218K new bits offs: 18 T: 0.00
c o Cache full. Deleting some entries.
c o deletable:           9760434
c o Deleting entries. Num entries: 9917130
c o cache_bytes_memory_usage() in MB: 2476.37
c o max_cache_size_bytes in MB: 2500.00
c o free entries before: 156662
c o max descendants: 15 avg descendants: 0.30
c o max siblings: 19 avg siblings: 0.01
c o free entries after:  5036880 avg len: 0.01
c o deletion done. T: 0.24
c o [rdb] cls before: 23994 after: 13260 low lbd: 257 lbd cutoff: 2 target computed: 4000 cannot be del : 36 used: 12998 rdb: 319
c o total time so far: 933.58
c o decisions K                    92722     -- Kdec/s:     102.41   
c o conflicts                      3192814      -- confl/s:    3526.24  
c o rem lits triedK/rem lits remK  200       9         
c o shrink tried/useful%/lits rem  3192814   51.1355   3788028   
c o avg clsz/rem lits avg/finalavg 19.2016   17.3486   17.3455  
c o rdbs/low lbd/rem               319   257    3218518
c o looks/look-computes            0/0
c o sat call/sat/unsat/confl/rst  857   758   99    282   0     
c o buddy called /unsat ratio           0     / 0.0000 
c o buddy avg num bin/long cls/vs  0.0000 / 0.0000 / 0.0000
c o buddy max num bin/long cls/vs  0     / 0     / 0    
c o orig cubes/lit-r avg/exten avg 0     / 0.00  / 0.00 
c o cubes orig/symm/final          0     / 0     / 0    
c o cubes resolved/flp-removed     0     / 0    
c o tot restarts                   0    
c o comp sortsK/avg sz             92597 / 1.00220475
c o comps recordK/non-reset ratio  290434 / 0.70
c o vivif: try/cls/clviv/litsravg  106       97822     4137      0.90      
c o toplev subs runs/bins/long-cls 0         0         0         0         0         
c o toplevel probes/fail/bprop     0         0         0         
c o Mem used                       0.00 GB
c o cache pollutions call/removed  6775465/23882485
c o cache entries K                5549
c o MB cache                       1711.773
c o cache K (lookup/ stores/ hits/ dels) 267880 92802  175078 63369   -- Klookup/s:  295.85   
c o cache miss rate                0.346
c o avg hit/store num vars 21.789 / 60.089
c o 
c o [mem] consolidate  old-sz: 3809K new-sz: 1076K new bits offs: 18 T: 0.00
c o [rdb] cls before: 23385 after: 14037 low lbd: 257 lbd cutoff: 2 target computed: 4000 cannot be del : 32 used: 13778 rdb: 322
c o [mem] consolidate  old-sz: 4465K new-sz: 1134K new bits offs: 18 T: 0.00
c o [rdb] cls before: 24295 after: 13581 low lbd: 258 lbd cutoff: 2 target computed: 8000 cannot be del : 22 used: 13322 rdb: 325
c o [rdb] cls before: 24571 after: 15045 low lbd: 261 lbd cutoff: 2 target computed: 8000 cannot be del : 17 used: 14783 rdb: 328
c o [mem] consolidate  old-sz: 4560K new-sz: 1210K new bits offs: 18 T: 0.00
c o [rdb] cls before: 22592 after: 13107 low lbd: 261 lbd cutoff: 2 target computed: 8000 cannot be del : 27 used: 12845 rdb: 331
c o [mem] consolidate  old-sz: 3745K new-sz: 1037K new bits offs: 17 T: 0.00
c o [rdb] cls before: 22651 after: 13904 low lbd: 266 lbd cutoff: 2 target computed: 4000 cannot be del : 32 used: 13633 rdb: 334
c o [mem] consolidate  old-sz: 4381K new-sz: 1084K new bits offs: 18 T: 0.00
c o [rdb] cls before: 23708 after: 14926 low lbd: 266 lbd cutoff: 2 target computed: 8000 cannot be del : 31 used: 14659 rdb: 337
c o [mem] consolidate  old-sz: 4578K new-sz: 1198K new bits offs: 18 T: 0.00
c o Cache full. Deleting some entries.
c o deletable:           9622133
c o Deleting entries. Num entries: 9917130
c o cache_bytes_memory_usage() in MB: 2483.75
c o max_cache_size_bytes in MB: 2500.00
c o free entries before: 294950
c o max descendants: 13 avg descendants: 0.17
c o max siblings: 26 avg siblings: 0.01
c o free entries after:  5106018 avg len: 0.01
c o deletion done. T: 0.25
c o [rdb] cls before: 24732 after: 11758 low lbd: 269 lbd cutoff: 2 target computed: 4000 cannot be del : 46 used: 11481 rdb: 340
c o [mem] consolidate  old-sz: 3789K new-sz: 1050K new bits offs: 18 T: 0.00
c o [rdb] cls before: 22568 after: 13685 low lbd: 270 lbd cutoff: 2 target computed: 8000 cannot be del : 28 used: 13415 rdb: 343
c o total time so far: 1001.94
c o decisions K                    99510     -- Kdec/s:     102.19   
c o conflicts                      3432730      -- confl/s:    3525.06  
c o rem lits triedK/rem lits remK  200       9         
c o shrink tried/useful%/lits rem  3432730   51.2325   4073853   
c o avg clsz/rem lits avg/finalavg 19.1981   17.3450   17.3421  
c o rdbs/low lbd/rem               343   270    3458117
c o looks/look-computes            0/0
c o sat call/sat/unsat/confl/rst  1001  883   118   338   0     
c o buddy called /unsat ratio           0     / 0.0000 
c o buddy avg num bin/long cls/vs  0.0000 / 0.0000 / 0.0000
c o buddy max num bin/long cls/vs  0     / 0     / 0    
c o orig cubes/lit-r avg/exten avg 0     / 0.00  / 0.00 
c o cubes orig/symm/final          0     / 0     / 0    
c o cubes resolved/flp-removed     0     / 0    
c o tot restarts                   0    
c o comp sortsK/avg sz             99375 / 1.00222165
c o comps recordK/non-reset ratio  312039 / 0.70
c o vivif: try/cls/clviv/litsravg  114       104833    4442      0.90      
c o toplev subs runs/bins/long-cls 0         0         0         0         0         
c o toplevel probes/fail/bprop     0         0         0         
c o Mem used                       0.00 GB
c o cache pollutions call/removed  7286819/25256775
c o cache entries K                6158
c o MB cache                       1821.333
c o cache K (lookup/ stores/ hits/ dels) 287880 99596  188284 68181   -- Klookup/s:  295.62   
c o cache miss rate                0.346
c o avg hit/store num vars 21.798 / 60.229
c o 
c o [rdb] cls before: 22969 after: 14232 low lbd: 271 lbd cutoff: 2 target computed: 4000 cannot be del : 19 used: 13959 rdb: 346
c o [mem] consolidate  old-sz: 4603K new-sz: 1196K new bits offs: 18 T: 0.00
c o [rdb] cls before: 24826 after: 13694 low lbd: 272 lbd cutoff: 2 target computed: 8000 cannot be del : 28 used: 13421 rdb: 349
c o [mem] consolidate  old-sz: 3980K new-sz: 1139K new bits offs: 18 T: 0.00
c o [rdb] cls before: 23281 after: 13694 low lbd: 274 lbd cutoff: 2 target computed: 15000 cannot be del : 33 used: 13042 rdb: 352
c o [mem] consolidate  old-sz: 3814K new-sz: 1152K new bits offs: 18 T: 0.00
c o [rdb] cls before: 23539 after: 14401 low lbd: 274 lbd cutoff: 2 target computed: 15000 cannot be del : 30 used: 13881 rdb: 355
c o [mem] consolidate  old-sz: 4643K new-sz: 1055K new bits offs: 18 T: 0.00
c o [rdb] cls before: 24684 after: 11322 low lbd: 274 lbd cutoff: 2 target computed: 4000 cannot be del : 27 used: 11042 rdb: 358
c o [mem] consolidate  old-sz: 4437K new-sz: 1147K new bits offs: 18 T: 0.00
c o Cache full. Deleting some entries.
c o deletable:           9785675
c o Deleting entries. Num entries: 9917130
c o cache_bytes_memory_usage() in MB: 2475.02
c o max_cache_size_bytes in MB: 2500.00
c o free entries before: 131417
c o max descendants: 19 avg descendants: 0.26
c o max siblings: 28 avg siblings: 0.01
c o free entries after:  5024255 avg len: 0.01
c o deletion done. T: 0.26
c o [rdb] cls before: 24207 after: 14054 low lbd: 276 lbd cutoff: 2 target computed: 4000 cannot be del : 7 used: 13778 rdb: 361
c o total time so far: 1065.81
c o decisions K                    106359    -- Kdec/s:     102.50   
c o conflicts                      3618384      -- confl/s:    3487.01  
c o rem lits triedK/rem lits remK  200       9         
c o shrink tried/useful%/lits rem  3618384   51.4728   4328846   
c o avg clsz/rem lits avg/finalavg 19.2398   17.3841   17.3814  
c o rdbs/low lbd/rem               361   276    3637766
c o looks/look-computes            0/0
c o sat call/sat/unsat/confl/rst  1032  911   121   346   0     
c o buddy called /unsat ratio           0     / 0.0000 
c o buddy avg num bin/long cls/vs  0.0000 / 0.0000 / 0.0000
c o buddy max num bin/long cls/vs  0     / 0     / 0    
c o orig cubes/lit-r avg/exten avg 0     / 0.00  / 0.00 
c o cubes orig/symm/final          0     / 0     / 0    
c o cubes resolved/flp-removed     0     / 0    
c o tot restarts                   0    
c o comp sortsK/avg sz             106217 / 1.00218673
c o comps recordK/non-reset ratio  333658 / 0.70
c o vivif: try/cls/clviv/litsravg  120       110083    4712      0.90      
c o toplev subs runs/bins/long-cls 0         0         0         0         0         
c o toplevel probes/fail/bprop     0         0         0         
c o Mem used                       0.00 GB
c o cache pollutions call/removed  7676902/27186387
c o cache entries K                6189
c o MB cache                       1815.400
c o cache K (lookup/ stores/ hits/ dels) 307880 106449 201430 73073   -- Klookup/s:  296.70   
c o cache miss rate                0.346
c o avg hit/store num vars 21.654 / 59.940
c o 
c o [mem] consolidate  old-sz: 3735K new-sz:  947K new bits offs: 17 T: 0.00
c o [rdb] cls before: 21516 after: 12621 low lbd: 280 lbd cutoff: 2 target computed: 4000 cannot be del : 24 used: 12341 rdb: 364
c o [rdb] cls before: 23344 after: 13653 low lbd: 283 lbd cutoff: 2 target computed: 8000 cannot be del : 23 used: 13369 rdb: 367
c o [mem] consolidate  old-sz: 4434K new-sz: 1134K new bits offs: 18 T: 0.00
c o [rdb] cls before: 23071 after: 14116 low lbd: 285 lbd cutoff: 2 target computed: 8000 cannot be del : 27 used: 13831 rdb: 370
c o [mem] consolidate  old-sz: 4575K new-sz: 1133K new bits offs: 18 T: 0.00
c o [rdb] cls before: 23866 after: 14689 low lbd: 287 lbd cutoff: 2 target computed: 4000 cannot be del : 34 used: 14398 rdb: 373
c o [mem] consolidate  old-sz: 3743K new-sz: 1149K new bits offs: 18 T: 0.00
c o [rdb] cls before: 23373 after: 13174 low lbd: 288 lbd cutoff: 2 target computed: 8000 cannot be del : 37 used: 12882 rdb: 376
c o Cache full. Deleting some entries.
c o deletable:           9716717
c o Deleting entries. Num entries: 9917130
c o cache_bytes_memory_usage() in MB: 2478.70
c o max_cache_size_bytes in MB: 2500.00
c o free entries before: 200381
c o max descendants: 16 avg descendants: 0.17
c o max siblings: 22 avg siblings: 0.01
c o free entries after:  5058740 avg len: 0.01
c o deletion done. T: 0.25
c o [mem] consolidate  old-sz: 3683K new-sz: 1072K new bits offs: 18 T: 0.00
c o [rdb] cls before: 22738 after: 13317 low lbd: 289 lbd cutoff: 2 target computed: 4000 cannot be del : 18 used: 13028 rdb: 379
c o total time so far: 1131.90
c o decisions K                    113268    -- Kdec/s:     102.62   
c o conflicts                      3797244      -- confl/s:    3440.27  
c o rem lits triedK/rem lits remK  200       9         
c o shrink tried/useful%/lits rem  3797244   51.4069   4515078   
c o avg clsz/rem lits avg/finalavg 19.2275   17.3850   17.3825  
c o rdbs/low lbd/rem               379   289    3818521
c o looks/look-computes            0/0
c o sat call/sat/unsat/confl/rst  1124  1001  123   353   0     
c o buddy called /unsat ratio           0     / 0.0000 
c o buddy avg num bin/long cls/vs  0.0000 / 0.0000 / 0.0000
c o buddy max num bin/long cls/vs  0     / 0     / 0    
c o orig cubes/lit-r avg/exten avg 0     / 0.00  / 0.00 
c o cubes orig/symm/final          0     / 0     / 0    
c o cubes resolved/flp-removed     0     / 0    
c o tot restarts                   0    
c o comp sortsK/avg sz             113118 / 1.00216774
c o comps recordK/non-reset ratio  355180 / 0.70
c o vivif: try/cls/clviv/litsravg  126       115600    4945      0.90      
c o toplev subs runs/bins/long-cls 0         0         0         0         0         
c o toplevel probes/fail/bprop     0         0         0         
c o Mem used                       0.00 GB
c o cache pollutions call/removed  8057838/28642947
c o cache entries K                6788
c o MB cache                       1922.981
c o cache K (lookup/ stores/ hits/ dels) 327880 113364 214516 77932   -- Klookup/s:  297.06   
c o cache miss rate                0.346
c o avg hit/store num vars 21.675 / 59.887
c o 
c o [mem] consolidate  old-sz: 4428K new-sz:  998K new bits offs: 17 T: 0.00
c o [rdb] cls before: 21923 after: 12256 low lbd: 289 lbd cutoff: 2 target computed: 4000 cannot be del : 17 used: 11967 rdb: 382
c o [rdb] cls before: 24576 after: 13380 low lbd: 290 lbd cutoff: 2 target computed: 8000 cannot be del : 29 used: 13090 rdb: 385
c o [mem] consolidate  old-sz: 4364K new-sz: 1055K new bits offs: 18 T: 0.00
c o [rdb] cls before: 24901 after: 14896 low lbd: 293 lbd cutoff: 2 target computed: 4000 cannot be del : 59 used: 14602 rdb: 388
c o Cache full. Deleting some entries.
c o deletable:           9803514
c o Deleting entries. Num entries: 9917130
c o cache_bytes_memory_usage() in MB: 2474.07
c o max_cache_size_bytes in MB: 2500.00
c o free entries before: 113578
c o max descendants: 17 avg descendants: 0.14
c o max siblings: 21 avg siblings: 0.01
c o free entries after:  5015336 avg len: 0.01
c o deletion done. T: 0.25
c o [mem] consolidate  old-sz: 4399K new-sz: 1015K new bits offs: 17 T: 0.00
c o [rdb] cls before: 24759 after: 14769 low lbd: 294 lbd cutoff: 2 target computed: 4000 cannot be del : 50 used: 14473 rdb: 391
c o [mem] consolidate  old-sz: 4616K new-sz: 1154K new bits offs: 18 T: 0.00
c o [rdb] cls before: 23738 after: 13771 low lbd: 296 lbd cutoff: 2 target computed: 4000 cannot be del : 14 used: 13475 rdb: 394
c o total time so far: 1207.02
c o decisions K                    121512    -- Kdec/s:     103.07   
c o conflicts                      3947245      -- confl/s:    3348.29  
c o rem lits triedK/rem lits remK  200       9         
c o shrink tried/useful%/lits rem  3947245   51.3495   4669673   
c o avg clsz/rem lits avg/finalavg 19.2251   17.3912   17.3887  
c o rdbs/low lbd/rem               394   296    3968082
c o looks/look-computes            0/0
c o sat call/sat/unsat/confl/rst  1171  1041  130   368   0     
c o buddy called /unsat ratio           0     / 0.0000 
c o buddy avg num bin/long cls/vs  0.0000 / 0.0000 / 0.0000
c o buddy max num bin/long cls/vs  0     / 0     / 0    
c o orig cubes/lit-r avg/exten avg 0     / 0.00  / 0.00 
c o cubes orig/symm/final          0     / 0     / 0    
c o cubes resolved/flp-removed     0     / 0    
c o tot restarts                   0    
c o comp sortsK/avg sz             121355 / 1.00211346
c o comps recordK/non-reset ratio  381174 / 0.71
c o vivif: try/cls/clviv/litsravg  130       119013    5062      0.90      
c o toplev subs runs/bins/long-cls 0         0         0         0         0         
c o toplevel probes/fail/bprop     0         0         0         
c o Mem used                       0.00 GB
c o cache pollutions call/removed  8372361/30055231
c o cache entries K                8722
c o MB cache                       2245.031
c o cache K (lookup/ stores/ hits/ dels) 351941 121611 230329 82834   -- Klookup/s:  298.54   
c o cache miss rate                0.346
c o avg hit/store num vars 21.555 / 59.519
c o 
c o [rdb] cls before: 23829 after: 14244 low lbd: 298 lbd cutoff: 2 target computed: 4000 cannot be del : 27 used: 13945 rdb: 397
c o [mem] consolidate  old-sz: 4727K new-sz: 1198K new bits offs: 18 T: 0.00
c o Cache full. Deleting some entries.
c o deletable:           9953879
c o Deleting entries. Num entries: 9953917
c o cache_bytes_memory_usage() in MB: 2468.00
c o max_cache_size_bytes in MB: 2500.00
c o free entries before: 0
c o max descendants: 14 avg descendants: 0.18
c o max siblings: 14 avg siblings: 0.01
c o free entries after:  4976940 avg len: 0.01
c o deletion done. T: 0.26
c o [rdb] cls before: 23816 after: 13039 low lbd: 299 lbd cutoff: 2 target computed: 4000 cannot be del : 32 used: 12737 rdb: 400
c o [mem] consolidate  old-sz: 3873K new-sz: 1100K new bits offs: 18 T: 0.00
c o [rdb] cls before: 22925 after: 14087 low lbd: 300 lbd cutoff: 2 target computed: 4000 cannot be del : 33 used: 13786 rdb: 403
c o [mem] consolidate  old-sz: 4642K new-sz: 1172K new bits offs: 18 T: 0.00
c o [rdb] cls before: 21994 after: 14027 low lbd: 300 lbd cutoff: 2 target computed: 4000 cannot be del : 31 used: 13727 rdb: 406
c o [mem] consolidate  old-sz: 3782K new-sz: 1137K new bits offs: 18 T: 0.00
c o [rdb] cls before: 23698 after: 12547 low lbd: 300 lbd cutoff: 2 target computed: 4000 cannot be del : 37 used: 12245 rdb: 409
c o total time so far: 1274.55
c o decisions K                    128959    -- Kdec/s:     103.46   
c o conflicts                      4097245      -- confl/s:    3287.23  
c o rem lits triedK/rem lits remK  200       9         
c o shrink tried/useful%/lits rem  4097245   51.2864   4837994   
c o avg clsz/rem lits avg/finalavg 19.2480   17.4154   17.4130  
c o rdbs/low lbd/rem               409   300    4119321
c o looks/look-computes            0/0
c o sat call/sat/unsat/confl/rst  1189  1056  133   371   0     
c o buddy called /unsat ratio           0     / 0.0000 
c o buddy avg num bin/long cls/vs  0.0000 / 0.0000 / 0.0000
c o buddy max num bin/long cls/vs  0     / 0     / 0    
c o orig cubes/lit-r avg/exten avg 0     / 0.00  / 0.00 
c o cubes orig/symm/final          0     / 0     / 0    
c o cubes resolved/flp-removed     0     / 0    
c o tot restarts                   0    
c o comp sortsK/avg sz             128795 / 1.00207054
c o comps recordK/non-reset ratio  404491 / 0.71
c o vivif: try/cls/clviv/litsravg  136       125136    5264      0.90      
c o toplev subs runs/bins/long-cls 0         0         0         0         0         
c o toplevel probes/fail/bprop     0         0         0         
c o Mem used                       0.00 GB
c o cache pollutions call/removed  8687313/31964295
c o cache entries K                9287
c o MB cache                       2364.977
c o cache K (lookup/ stores/ hits/ dels) 373477 129062 244415 87810   -- Klookup/s:  299.64   
c o cache miss rate                0.346
c o avg hit/store num vars 21.475 / 59.226
c o 
c o [mem] consolidate  old-sz: 4583K new-sz: 1081K new bits offs: 18 T: 0.00
c o Cache full. Deleting some entries.
c o deletable:           9885247
c o Deleting entries. Num entries: 9953917
c o cache_bytes_memory_usage() in MB: 2471.67
c o max_cache_size_bytes in MB: 2500.00
c o free entries before: 68635
c o max descendants: 13 avg descendants: 0.22
c o max siblings: 13 avg siblings: 0.01
c o free entries after:  5011259 avg len: 0.01
c o deletion done. T: 0.26
c o [rdb] cls before: 23483 after: 14082 low lbd: 304 lbd cutoff: 2 target computed: 4000 cannot be del : 39 used: 13775 rdb: 412
c o [rdb] cls before: 24250 after: 12880 low lbd: 304 lbd cutoff: 2 target computed: 4000 cannot be del : 26 used: 12572 rdb: 415
c o [mem] consolidate  old-sz: 4533K new-sz: 1051K new bits offs: 18 T: 0.00
c o [rdb] cls before: 23384 after: 14118 low lbd: 307 lbd cutoff: 2 target computed: 4000 cannot be del : 30 used: 13811 rdb: 418
c o [mem] consolidate  old-sz: 4469K new-sz: 1112K new bits offs: 18 T: 0.00
c o [rdb] cls before: 24554 after: 14411 low lbd: 310 lbd cutoff: 2 target computed: 8000 cannot be del : 31 used: 14101 rdb: 421
c o [mem] consolidate  old-sz: 4607K new-sz: 1155K new bits offs: 18 T: 0.00
c o [rdb] cls before: 24264 after: 13633 low lbd: 310 lbd cutoff: 2 target computed: 4000 cannot be del : 25 used: 13322 rdb: 424
c o total time so far: 1340.23
c o decisions K                    136334    -- Kdec/s:     103.91   
c o conflicts                      4247248      -- confl/s:    3236.98  
c o rem lits triedK/rem lits remK  200       9         
c o shrink tried/useful%/lits rem  4247248   51.1886   5000343   
c o avg clsz/rem lits avg/finalavg 19.2487   17.4207   17.4184  
c o rdbs/low lbd/rem               424   310    4268250
c o looks/look-computes            0/0
c o sat call/sat/unsat/confl/rst  1232  1095  137   382   0     
c o buddy called /unsat ratio           0     / 0.0000 
c o buddy avg num bin/long cls/vs  0.0000 / 0.0000 / 0.0000
c o buddy max num bin/long cls/vs  0     / 0     / 0    
c o orig cubes/lit-r avg/exten avg 0     / 0.00  / 0.00 
c o cubes orig/symm/final          0     / 0     / 0    
c o cubes resolved/flp-removed     0     / 0    
c o tot restarts                   0    
c o comp sortsK/avg sz             136164 / 1.00203045
c o comps recordK/non-reset ratio  427610 / 0.71
c o vivif: try/cls/clviv/litsravg  140       129177    5411      0.90      
c o toplev subs runs/bins/long-cls 0         0         0         0         0         
c o toplevel probes/fail/bprop     0         0         0         
c o Mem used                       0.00 GB
c o cache pollutions call/removed  9002926/33965936
c o cache entries K                9721
c o MB cache                       2439.995
c o cache K (lookup/ stores/ hits/ dels) 394853 136441 258412 92753   -- Klookup/s:  300.93   
c o cache miss rate                0.346
c o avg hit/store num vars 21.369 / 58.906
c o 
c o Cache full. Deleting some entries.
c o deletable:           9902544
c o Deleting entries. Num entries: 9953917
c o cache_bytes_memory_usage() in MB: 2470.742
c o max_cache_size_bytes in MB: 2500.000
c o free entries before: 51337
c o max descendants: 14 avg descendants: 0.220
c o max siblings: 14 avg siblings: 0.006
c o free entries after:  5002612 avg len: 0.006
c o deletion done. T: 0.255
c o [rdb] cls before: 24625 after: 15031 low lbd: 310 lbd cutoff: 2 target computed: 4000 cannot be del : 38 used: 14720 rdb: 427
c o [mem] consolidate  old-sz: 4645K new-sz: 1233K new bits offs: 18 T: 0.00
c o [rdb] cls before: 24102 after: 14258 low lbd: 311 lbd cutoff: 2 target computed: 4000 cannot be del : 36 used: 13945 rdb: 430
c o [mem] consolidate  old-sz: 3822K new-sz: 1125K new bits offs: 18 T: 0.00
c o [rdb] cls before: 24539 after: 14330 low lbd: 314 lbd cutoff: 2 target computed: 4000 cannot be del : 27 used: 14016 rdb: 433
c o [mem] consolidate  old-sz: 4513K new-sz: 1105K new bits offs: 18 T: 0.00
c o [rdb] cls before: 23907 after: 14012 low lbd: 315 lbd cutoff: 2 target computed: 4000 cannot be del : 25 used: 13695 rdb: 436
c o [mem] consolidate  old-sz: 4521K new-sz: 1149K new bits offs: 18 T: 0.00
c o Cache full. Deleting some entries.
c o deletable:           9898894
c o Deleting entries. Num entries: 9953917
c o cache_bytes_memory_usage() in MB: 2470.94
c o max_cache_size_bytes in MB: 2500.00
c o free entries before: 54994
c o max descendants: 19 avg descendants: 0.21
c o max siblings: 29 avg siblings: 0.01
c o free entries after:  5004443 avg len: 0.01
c o deletion done. T: 0.25
c o [rdb] cls before: 24339 after: 14235 low lbd: 316 lbd cutoff: 2 target computed: 4000 cannot be del : 33 used: 13917 rdb: 439
c o total time so far: 1412.67
c o decisions K                    144532    -- Kdec/s:     104.39   
c o conflicts                      4397249      -- confl/s:    3175.97  
c o rem lits triedK/rem lits remK  200       9         
c o shrink tried/useful%/lits rem  4397249   51.0746   5157654   
c o avg clsz/rem lits avg/finalavg 19.2438   17.4232   17.4210  
c o rdbs/low lbd/rem               439   316    4417663
c o looks/look-computes            0/0
c o sat call/sat/unsat/confl/rst  1300  1155  145   402   0     
c o buddy called /unsat ratio           0     / 0.0000 
c o buddy avg num bin/long cls/vs  0.0000 / 0.0000 / 0.0000
c o buddy max num bin/long cls/vs  0     / 0     / 0    
c o orig cubes/lit-r avg/exten avg 0     / 0.00  / 0.00 
c o cubes orig/symm/final          0     / 0     / 0    
c o cubes resolved/flp-removed     0     / 0    
c o tot restarts                   0    
c o comp sortsK/avg sz             144354 / 1.00199914
c o comps recordK/non-reset ratio  453320 / 0.71
c o vivif: try/cls/clviv/litsravg  146       135447    5641      0.90      
c o toplev subs runs/bins/long-cls 0         0         0         0         0         
c o toplevel probes/fail/bprop     0         0         0         
c o Mem used                       0.00 GB
c o cache pollutions call/removed  9316313/36033486
c o cache entries K                5955
c o MB cache                       1782.728
c o cache K (lookup/ stores/ hits/ dels) 418590 144642 273947 102654  -- Klookup/s:  302.33   
c o cache miss rate                0.346
c o avg hit/store num vars 21.240 / 58.528
c o 
c o [mem] consolidate  old-sz: 3757K new-sz: 1171K new bits offs: 18 T: 0.00
c o [rdb] cls before: 24199 after: 13771 low lbd: 317 lbd cutoff: 2 target computed: 4000 cannot be del : 24 used: 13452 rdb: 442
c o [rdb] cls before: 24662 after: 15356 low lbd: 318 lbd cutoff: 2 target computed: 4000 cannot be del : 36 used: 15038 rdb: 445
c o [mem] consolidate  old-sz: 4553K new-sz: 1222K new bits offs: 18 T: 0.00
c o [rdb] cls before: 22873 after: 14483 low lbd: 318 lbd cutoff: 2 target computed: 4000 cannot be del : 23 used: 14164 rdb: 448
c o [mem] consolidate  old-sz: 3794K new-sz: 1183K new bits offs: 18 T: 0.00
c o Cache full. Deleting some entries.
c o deletable:           9947740
c o Deleting entries. Num entries: 9953917
c o cache_bytes_memory_usage() in MB: 2468.33
c o max_cache_size_bytes in MB: 2500.00
c o free entries before: 6149
c o max descendants: 17 avg descendants: 0.21
c o max siblings: 15 avg siblings: 0.01
c o free entries after:  4980022 avg len: 0.01
c o deletion done. T: 0.25
c o [rdb] cls before: 23925 after: 14675 low lbd: 321 lbd cutoff: 2 target computed: 4000 cannot be del : 43 used: 14352 rdb: 451
c o [mem] consolidate  old-sz: 4576K new-sz: 1174K new bits offs: 18 T: 0.00
c o [rdb] cls before: 24561 after: 13641 low lbd: 321 lbd cutoff: 2 target computed: 4000 cannot be del : 42 used: 13318 rdb: 454
c o total time so far: 1488.09
c o decisions K                    153333    -- Kdec/s:     105.03   
c o conflicts                      4547249      -- confl/s:    3114.65  
c o rem lits triedK/rem lits remK  200       9         
c o shrink tried/useful%/lits rem  4547249   50.9418   5309154   
c o avg clsz/rem lits avg/finalavg 19.2292   17.4171   17.4150  
c o rdbs/low lbd/rem               454   321    4568272
c o looks/look-computes            0/0
c o sat call/sat/unsat/confl/rst  1341  1190  151   414   0     
c o buddy called /unsat ratio           0     / 0.0000 
c o buddy avg num bin/long cls/vs  0.0000 / 0.0000 / 0.0000
c o buddy max num bin/long cls/vs  0     / 0     / 0    
c o orig cubes/lit-r avg/exten avg 0     / 0.00  / 0.00 
c o cubes orig/symm/final          0     / 0     / 0    
c o cubes resolved/flp-removed     0     / 0    
c o tot restarts                   0    
c o comp sortsK/avg sz             153147 / 1.00196388
c o comps recordK/non-reset ratio  481074 / 0.72
c o vivif: try/cls/clviv/litsravg  150       138937    5777      0.90      
c o toplev subs runs/bins/long-cls 0         0         0         0         0         
c o toplevel probes/fail/bprop     0         0         0         
c o Mem used                       0.00 GB
c o cache pollutions call/removed  9633238/38472180
c o cache entries K                7347
c o MB cache                       2016.493
c o cache K (lookup/ stores/ hits/ dels) 444093 153447 290646 107628  -- Klookup/s:  304.18   
c o cache miss rate                0.346
c o avg hit/store num vars 21.090 / 58.111
c o 
c o [mem] consolidate  old-sz: 4543K new-sz: 1108K new bits offs: 18 T: 0.00
c o [rdb] cls before: 24045 after: 14987 low lbd: 324 lbd cutoff: 2 target computed: 4000 cannot be del : 28 used: 14661 rdb: 457
c o [mem] consolidate  old-sz: 3726K new-sz: 1072K new bits offs: 18 T: 0.00
c o [rdb] cls before: 22723 after: 14257 low lbd: 326 lbd cutoff: 2 target computed: 8000 cannot be del : 32 used: 13930 rdb: 460
c o [rdb] cls before: 23803 after: 13800 low lbd: 328 lbd cutoff: 2 target computed: 15000 cannot be del : 31 used: 13081 rdb: 463
c o [mem] consolidate  old-sz: 4585K new-sz: 1127K new bits offs: 18 T: 0.00
c o Cache full. Deleting some entries.
c o deletable:           9881326
c o Deleting entries. Num entries: 9953917
c o cache_bytes_memory_usage() in MB: 2471.87
c o max_cache_size_bytes in MB: 2500.00
c o free entries before: 72554
c o max descendants: 31 avg descendants: 0.20
c o max siblings: 34 avg siblings: 0.01
c o free entries after:  5013217 avg len: 0.01
c o deletion done. T: 0.26
c o [rdb] cls before: 24112 after: 14225 low lbd: 329 lbd cutoff: 2 target computed: 4000 cannot be del : 42 used: 13893 rdb: 466
c o [mem] consolidate  old-sz: 4592K new-sz: 1143K new bits offs: 18 T: 0.00
c o [rdb] cls before: 24544 after: 13251 low lbd: 331 lbd cutoff: 2 target computed: 8000 cannot be del : 36 used: 12918 rdb: 469
c o [mem] consolidate  old-sz: 3709K new-sz:  885K new bits offs: 17 T: 0.00
c o total time so far: 1551.20
c o decisions K                    160259    -- Kdec/s:     105.22   
c o conflicts                      4711963      -- confl/s:    3093.73  
c o rem lits triedK/rem lits remK  200       9         
c o shrink tried/useful%/lits rem  4711963   50.9948   5511328   
c o avg clsz/rem lits avg/finalavg 19.2363   17.4237   17.4217  
c o rdbs/low lbd/rem               471   332    4738942
c o looks/look-computes            0/0
c o sat call/sat/unsat/confl/rst  1409  1252  157   431   0     
c o buddy called /unsat ratio           0     / 0.0000 
c o buddy avg num bin/long cls/vs  0.0000 / 0.0000 / 0.0000
c o buddy max num bin/long cls/vs  0     / 0     / 0    
c o orig cubes/lit-r avg/exten avg 0     / 0.00  / 0.00 
c o cubes orig/symm/final          0     / 0     / 0    
c o cubes resolved/flp-removed     0     / 0    
c o tot restarts                   0    
c o comp sortsK/avg sz             160066 / 1.00194633
c o comps recordK/non-reset ratio  502718 / 0.72
c o vivif: try/cls/clviv/litsravg  156       144960    6029      0.90      
c o toplev subs runs/bins/long-cls 0         0         0         0         0         
c o toplevel probes/fail/bprop     0         0         0         
c o Mem used                       0.00 GB
c o cache pollutions call/removed  9980711/40128972
c o cache entries K                7679
c o MB cache                       2082.566
c o cache K (lookup/ stores/ hits/ dels) 464093 160377 303716 112568  -- Klookup/s:  304.71   
c o cache miss rate                0.346
c o avg hit/store num vars 21.039 / 57.964
c o 
c o [rdb] cls before: 22989 after: 14910 low lbd: 333 lbd cutoff: 2 target computed: 4000 cannot be del : 31 used: 14577 rdb: 472
c o [mem] consolidate  old-sz: 4290K new-sz: 1146K new bits offs: 18 T: 0.00
c o [rdb] cls before: 24394 after: 12994 low lbd: 337 lbd cutoff: 2 target computed: 8000 cannot be del : 20 used: 12656 rdb: 475
c o [mem] consolidate  old-sz: 3731K new-sz:  999K new bits offs: 17 T: 0.00
c o [rdb] cls before: 22405 after: 13387 low lbd: 341 lbd cutoff: 2 target computed: 4000 cannot be del : 21 used: 13044 rdb: 478
c o Cache full. Deleting some entries.
c o deletable:           9855466
c o Deleting entries. Num entries: 9953917
c o cache_bytes_memory_usage() in MB: 2473.26
c o max_cache_size_bytes in MB: 2500.00
c o free entries before: 98413
c o max descendants: 46 avg descendants: 0.19
c o max siblings: 18 avg siblings: 0.00
c o free entries after:  5026146 avg len: 0.00
c o deletion done. T: 0.25
c o [rdb] cls before: 23122 after: 14229 low lbd: 341 lbd cutoff: 2 target computed: 4000 cannot be del : 30 used: 13888 rdb: 481
c o [mem] consolidate  old-sz: 4386K new-sz: 1126K new bits offs: 18 T: 0.00
c o [rdb] cls before: 22932 after: 13312 low lbd: 343 lbd cutoff: 2 target computed: 4000 cannot be del : 49 used: 12965 rdb: 484
c o [mem] consolidate  old-sz: 3674K new-sz: 1054K new bits offs: 18 T: 0.00
c o total time so far: 1615.46
c o decisions K                    167364    -- Kdec/s:     105.44   
c o conflicts                      4861991      -- confl/s:    3063.02  
c o rem lits triedK/rem lits remK  200       9         
c o shrink tried/useful%/lits rem  4861991   50.9772   5681176   
c o avg clsz/rem lits avg/finalavg 19.2327   17.4233   17.4213  
c o rdbs/low lbd/rem               486   346    4887813
c o looks/look-computes            0/0
c o sat call/sat/unsat/confl/rst  1459  1298  161   439   0     
c o buddy called /unsat ratio           0     / 0.0000 
c o buddy avg num bin/long cls/vs  0.0000 / 0.0000 / 0.0000
c o buddy max num bin/long cls/vs  0     / 0     / 0    
c o orig cubes/lit-r avg/exten avg 0     / 0.00  / 0.00 
c o cubes orig/symm/final          0     / 0     / 0    
c o cubes resolved/flp-removed     0     / 0    
c o tot restarts                   0    
c o comp sortsK/avg sz             167165 / 1.00192354
c o comps recordK/non-reset ratio  525278 / 0.72
c o vivif: try/cls/clviv/litsravg  162       150712    6261      0.90      
c o toplev subs runs/bins/long-cls 0         0         0         0         0         
c o toplevel probes/fail/bprop     0         0         0         
c o Mem used                       0.00 GB
c o cache pollutions call/removed  10297572/41571205
c o cache entries K                8419
c o MB cache                       2213.185
c o cache K (lookup/ stores/ hits/ dels) 484884 167486 317397 117496  -- Klookup/s:  305.47   
c o cache miss rate                0.345
c o avg hit/store num vars 20.979 / 57.828
c o 
c o [rdb] cls before: 24133 after: 14109 low lbd: 346 lbd cutoff: 2 target computed: 8000 cannot be del : 20 used: 13763 rdb: 487
c o [mem] consolidate  old-sz: 4605K new-sz: 1111K new bits offs: 18 T: 0.00
c o [rdb] cls before: 22696 after: 14224 low lbd: 346 lbd cutoff: 2 target computed: 4000 cannot be del : 20 used: 13876 rdb: 490
c o Cache full. Deleting some entries.
c o deletable:           9904966
c o Deleting entries. Num entries: 9953917
c o cache_bytes_memory_usage() in MB: 2470.61
c o max_cache_size_bytes in MB: 2500.00
c o free entries before: 48915
c o max descendants: 15 avg descendants: 0.18
c o max siblings: 14 avg siblings: 0.00
c o free entries after:  5001398 avg len: 0.00
c o deletion done. T: 0.25
c o [mem] consolidate  old-sz: 4472K new-sz: 1166K new bits offs: 18 T: 0.00
c o [rdb] cls before: 24814 after: 14496 low lbd: 347 lbd cutoff: 2 target computed: 4000 cannot be del : 25 used: 14149 rdb: 493
c o [mem] consolidate  old-sz: 3698K new-sz: 1106K new bits offs: 18 T: 0.00
c o [rdb] cls before: 23834 after: 14222 low lbd: 350 lbd cutoff: 2 target computed: 8000 cannot be del : 19 used: 13870 rdb: 496
c o [rdb] cls before: 24097 after: 14656 low lbd: 351 lbd cutoff: 2 target computed: 4000 cannot be del : 40 used: 14304 rdb: 499
c o [mem] consolidate  old-sz: 4525K new-sz: 1168K new bits offs: 18 T: 0.00
c o total time so far: 1687.72
c o decisions K                    175509    -- Kdec/s:     105.75   
c o conflicts                      5012015      -- confl/s:    3020.03  
c o rem lits triedK/rem lits remK  200       9         
c o shrink tried/useful%/lits rem  5012015   50.9498   5855083   
c o avg clsz/rem lits avg/finalavg 19.2349   17.4264   17.4245  
c o rdbs/low lbd/rem               501   351    5037307
c o looks/look-computes            0/0
c o sat call/sat/unsat/confl/rst  1490  1322  168   459   0     
c o buddy called /unsat ratio           0     / 0.0000 
c o buddy avg num bin/long cls/vs  0.0000 / 0.0000 / 0.0000
c o buddy max num bin/long cls/vs  0     / 0     / 0    
c o orig cubes/lit-r avg/exten avg 0     / 0.00  / 0.00 
c o cubes orig/symm/final          0     / 0     / 0    
c o cubes resolved/flp-removed     0     / 0    
c o tot restarts                   0    
c o comp sortsK/avg sz             175303 / 1.00189246
c o comps recordK/non-reset ratio  551044 / 0.72
c o vivif: try/cls/clviv/litsravg  166       154867    6369      0.90      
c o toplev subs runs/bins/long-cls 0         0         0         0         0         
c o toplevel probes/fail/bprop     0         0         0         
c o Mem used                       0.00 GB
c o cache pollutions call/removed  10608787/43351713
c o cache entries K                9834
c o MB cache                       2455.692
c o cache K (lookup/ stores/ hits/ dels) 508618 175635 332983 122449  -- Klookup/s:  306.47   
c o cache miss rate                0.345
c o avg hit/store num vars 20.886 / 57.595
c o 
c o Cache full. Deleting some entries.
c o deletable:           9914672
c o Deleting entries. Num entries: 9953917
c o cache_bytes_memory_usage() in MB: 2470.094
c o max_cache_size_bytes in MB: 2500.000
c o free entries before: 39203
c o max descendants: 15 avg descendants: 0.152
c o max siblings: 70 avg siblings: 0.004
c o free entries after:  4996540 avg len: 0.004
c o deletion done. T: 0.246
c o [rdb] cls before: 24654 after: 14093 low lbd: 351 lbd cutoff: 2 target computed: 4000 cannot be del : 47 used: 13737 rdb: 502
c o [mem] consolidate  old-sz: 3848K new-sz: 1159K new bits offs: 18 T: 0.00
c o [rdb] cls before: 23748 after: 13213 low lbd: 352 lbd cutoff: 2 target computed: 4000 cannot be del : 17 used: 12860 rdb: 505
c o [mem] consolidate  old-sz: 3738K new-sz: 1086K new bits offs: 18 T: 0.00
c o [rdb] cls before: 25034 after: 13325 low lbd: 355 lbd cutoff: 2 target computed: 8000 cannot be del : 30 used: 12970 rdb: 508
c o [mem] consolidate  old-sz: 4592K new-sz: 1164K new bits offs: 18 T: 0.00
c o Cache full. Deleting some entries.
c o deletable:           9952384
c o Deleting entries. Num entries: 9953917
c o cache_bytes_memory_usage() in MB: 2468.08
c o max_cache_size_bytes in MB: 2500.00
c o free entries before: 1495
c o max descendants: 14 avg descendants: 0.21
c o max siblings: 17 avg siblings: 0.01
c o free entries after:  4977690 avg len: 0.01
c o deletion done. T: 0.25
c o [rdb] cls before: 23710 after: 13515 low lbd: 358 lbd cutoff: 2 target computed: 4000 cannot be del : 66 used: 13157 rdb: 511
c o [mem] consolidate  old-sz: 4535K new-sz: 1119K new bits offs: 18 T: 0.00
c o [rdb] cls before: 24041 after: 15225 low lbd: 361 lbd cutoff: 2 target computed: 4000 cannot be del : 38 used: 14862 rdb: 514
c o [mem] consolidate  old-sz: 3733K new-sz: 1084K new bits offs: 18 T: 0.00
c o total time so far: 1779.25
c o decisions K                    186095    -- Kdec/s:     106.27   
c o conflicts                      5162021      -- confl/s:    2947.85  
c o rem lits triedK/rem lits remK  200       9         
c o shrink tried/useful%/lits rem  5162021   50.8826   6009654   
c o avg clsz/rem lits avg/finalavg 19.2335   17.4307   17.4288  
c o rdbs/low lbd/rem               516   361    5188421
c o looks/look-computes            0/0
c o sat call/sat/unsat/confl/rst  1514  1339  175   478   0     
c o buddy called /unsat ratio           0     / 0.0000 
c o buddy avg num bin/long cls/vs  0.0000 / 0.0000 / 0.0000
c o buddy max num bin/long cls/vs  0     / 0     / 0    
c o orig cubes/lit-r avg/exten avg 0     / 0.00  / 0.00 
c o cubes orig/symm/final          0     / 0     / 0    
c o cubes resolved/flp-removed     0     / 0    
c o tot restarts                   0    
c o comp sortsK/avg sz             185881 / 1.00185281
c o comps recordK/non-reset ratio  584534 / 0.72
c o vivif: try/cls/clviv/litsravg  172       160886    6584      0.90      
c o toplev subs runs/bins/long-cls 0         0         0         0         0         
c o toplevel probes/fail/bprop     0         0         0         
c o Mem used                       0.00 GB
c o cache pollutions call/removed  10920901/45912246
c o cache entries K                7931
c o MB cache                       2118.115
c o cache K (lookup/ stores/ hits/ dels) 539379 186226 353153 132382  -- Klookup/s:  308.02   
c o cache miss rate                0.345
c o avg hit/store num vars 20.737 / 57.194
c o 
c o [rdb] cls before: 23555 after: 13692 low lbd: 361 lbd cutoff: 2 target computed: 4000 cannot be del : 46 used: 13331 rdb: 517
c o [rdb] cls before: 24396 after: 14010 low lbd: 361 lbd cutoff: 2 target computed: 4000 cannot be del : 33 used: 13645 rdb: 520
c o [mem] consolidate  old-sz: 4528K new-sz: 1140K new bits offs: 18 T: 0.00
c o [rdb] cls before: 23328 after: 12996 low lbd: 361 lbd cutoff: 2 target computed: 4000 cannot be del : 30 used: 12635 rdb: 523
c o [mem] consolidate  old-sz: 3797K new-sz: 1065K new bits offs: 18 T: 0.00
c o Cache full. Deleting some entries.
c o deletable:           9954307
c o Deleting entries. Num entries: 9954347
c o cache_bytes_memory_usage() in MB: 2468.00
c o max_cache_size_bytes in MB: 2500.00
c o free entries before: 0
c o max descendants: 23 avg descendants: 0.23
c o max siblings: 22 avg siblings: 0.01
c o free entries after:  4977154 avg len: 0.01
c o deletion done. T: 0.25
c o [rdb] cls before: 22879 after: 14855 low lbd: 363 lbd cutoff: 2 target computed: 4000 cannot be del : 25 used: 14491 rdb: 526
c o [mem] consolidate  old-sz: 4624K new-sz: 1272K new bits offs: 18 T: 0.00
c o [rdb] cls before: 24456 after: 13672 low lbd: 363 lbd cutoff: 2 target computed: 15000 cannot be del : 36 used: 13174 rdb: 529
c o [mem] consolidate  old-sz: 3887K new-sz:  973K new bits offs: 17 T: 0.00
c o total time so far: 1839.82
c o decisions K                    193082    -- Kdec/s:     106.58   
c o conflicts                      5312022      -- confl/s:    2932.09  
c o rem lits triedK/rem lits remK  200       9         
c o shrink tried/useful%/lits rem  5312022   50.8857   6185030   
c o avg clsz/rem lits avg/finalavg 19.2449   17.4427   17.4409  
c o rdbs/low lbd/rem               531   363    5338166
c o looks/look-computes            0/0
c o sat call/sat/unsat/confl/rst  1535  1353  182   491   0     
c o buddy called /unsat ratio           0     / 0.0000 
c o buddy avg num bin/long cls/vs  0.0000 / 0.0000 / 0.0000
c o buddy max num bin/long cls/vs  0     / 0     / 0    
c o orig cubes/lit-r avg/exten avg 0     / 0.00  / 0.00 
c o cubes orig/symm/final          0     / 0     / 0    
c o cubes resolved/flp-removed     0     / 0    
c o tot restarts                   0    
c o comp sortsK/avg sz             192862 / 1.00183883
c o comps recordK/non-reset ratio  606590 / 0.72
c o vivif: try/cls/clviv/litsravg  176       164728    6723      0.90      
c o toplev subs runs/bins/long-cls 0         0         0         0         0         
c o toplevel probes/fail/bprop     0         0         0         
c o Mem used                       0.00 GB
c o cache pollutions call/removed  11236534/47924743
c o cache entries K                7932
c o MB cache                       2119.051
c o cache K (lookup/ stores/ hits/ dels) 559727 193216 366510 137359  -- Klookup/s:  308.95   
c o cache miss rate                0.345
c o avg hit/store num vars 20.663 / 57.022
c o 
c o [rdb] cls before: 23825 after: 14834 low lbd: 364 lbd cutoff: 2 target computed: 4000 cannot be del : 29 used: 14470 rdb: 532
c o [mem] consolidate  old-sz: 4351K new-sz: 1130K new bits offs: 18 T: 0.00
c o [rdb] cls before: 24069 after: 13677 low lbd: 364 lbd cutoff: 2 target computed: 8000 cannot be del : 33 used: 13311 rdb: 535
c o [mem] consolidate  old-sz: 3682K new-sz: 1050K new bits offs: 18 T: 0.00
c o Cache full. Deleting some entries.
c o deletable:           9901489
c o Deleting entries. Num entries: 9954347
c o cache_bytes_memory_usage() in MB: 2470.82
c o max_cache_size_bytes in MB: 2500.00
c o free entries before: 52817
c o max descendants: 37 avg descendants: 0.18
c o max siblings: 38 avg siblings: 0.01
c o free entries after:  5003562 avg len: 0.01
c o deletion done. T: 0.25
c o [rdb] cls before: 23725 after: 13520 low lbd: 364 lbd cutoff: 2 target computed: 4000 cannot be del : 50 used: 13151 rdb: 538
c o [rdb] cls before: 24234 after: 14793 low lbd: 364 lbd cutoff: 2 target computed: 4000 cannot be del : 39 used: 14427 rdb: 541
c o [mem] consolidate  old-sz: 4536K new-sz: 1241K new bits offs: 18 T: 0.00
c o [rdb] cls before: 24591 after: 14204 low lbd: 366 lbd cutoff: 2 target computed: 8000 cannot be del : 42 used: 13835 rdb: 544
c o [mem] consolidate  old-sz: 3907K new-sz: 1149K new bits offs: 18 T: 0.00
c o total time so far: 1907.18
c o decisions K                    200399    -- Kdec/s:     106.65   
c o conflicts                      5462022      -- confl/s:    2906.81  
c o rem lits triedK/rem lits remK  200       9         
c o shrink tried/useful%/lits rem  5462022   50.8705   6356882   
c o avg clsz/rem lits avg/finalavg 19.2478   17.4482   17.4464  
c o rdbs/low lbd/rem               546   366    5487664
c o looks/look-computes            0/0
c o sat call/sat/unsat/confl/rst  1589  1395  194   509   0     
c o buddy called /unsat ratio           0     / 0.0000 
c o buddy avg num bin/long cls/vs  0.0000 / 0.0000 / 0.0000
c o buddy max num bin/long cls/vs  0     / 0     / 0    
c o orig cubes/lit-r avg/exten avg 0     / 0.00  / 0.00 
c o cubes orig/symm/final          0     / 0     / 0    
c o cubes resolved/flp-removed     0     / 0    
c o tot restarts                   0    
c o comp sortsK/avg sz             200173 / 1.00182385
c o comps recordK/non-reset ratio  629433 / 0.72
c o vivif: try/cls/clviv/litsravg  182       170852    6918      0.90      
c o toplev subs runs/bins/long-cls 0         0         0         0         0         
c o toplevel probes/fail/bprop     0         0         0         
c o Mem used                       0.00 GB
c o cache pollutions call/removed  11550840/49428386
c o cache entries K                8799
c o MB cache                       2281.265
c o cache K (lookup/ stores/ hits/ dels) 580879 200538 380341 142310  -- Klookup/s:  309.13   
c o cache miss rate                0.345
c o avg hit/store num vars 20.644 / 56.939
c o 
c o [rdb] cls before: 24342 after: 12402 low lbd: 368 lbd cutoff: 2 target computed: 8000 cannot be del : 32 used: 12034 rdb: 547
c o [mem] consolidate  old-sz: 3771K new-sz: 1022K new bits offs: 17 T: 0.00
c o [rdb] cls before: 24251 after: 14554 low lbd: 371 lbd cutoff: 2 target computed: 8000 cannot be del : 31 used: 14182 rdb: 550
c o [mem] consolidate  old-sz: 4507K new-sz: 1060K new bits offs: 18 T: 0.00
c o Cache full. Deleting some entries.
c o deletable:           9795764
c o Deleting entries. Num entries: 9954347
c o cache_bytes_memory_usage() in MB: 2476.47
c o max_cache_size_bytes in MB: 2500.00
c o free entries before: 158550
c o max descendants: 25 avg descendants: 0.21
c o max siblings: 47 avg siblings: 0.01
c o free entries after:  5056432 avg len: 0.01
c o deletion done. T: 0.25
c o [rdb] cls before: 23769 after: 15272 low lbd: 371 lbd cutoff: 2 target computed: 4000 cannot be del : 36 used: 14899 rdb: 553
c o [mem] consolidate  old-sz: 3565K new-sz: 1061K new bits offs: 18 T: 0.00
c o [rdb] cls before: 24716 after: 14501 low lbd: 371 lbd cutoff: 2 target computed: 4000 cannot be del : 37 used: 14127 rdb: 556
c o [mem] consolidate  old-sz: 4511K new-sz: 1148K new bits offs: 18 T: 0.00
c o [rdb] cls before: 24085 after: 14011 low lbd: 373 lbd cutoff: 2 target computed: 4000 cannot be del : 42 used: 13638 rdb: 559
c o [mem] consolidate  old-sz: 3733K new-sz: 1068K new bits offs: 18 T: 0.00
c o [rdb] cls before: 23541 after: 13440 low lbd: 373 lbd cutoff: 2 target computed: 8000 cannot be del : 18 used: 13067 rdb: 562
c o total time so far: 1973.12
c o decisions K                    207276    -- Kdec/s:     106.57   
c o conflicts                      5625787      -- confl/s:    2892.45  
c o rem lits triedK/rem lits remK  200       9         
c o shrink tried/useful%/lits rem  5625787   50.8476   6530304   
c o avg clsz/rem lits avg/finalavg 19.2429   17.4493   17.4476  
c o rdbs/low lbd/rem               562   373    5648581
c o looks/look-computes            0/0
c o sat call/sat/unsat/confl/rst  1689  1490  199   516   0     
c o buddy called /unsat ratio           0     / 0.0000 
c o buddy avg num bin/long cls/vs  0.0000 / 0.0000 / 0.0000
c o buddy max num bin/long cls/vs  0     / 0     / 0    
c o orig cubes/lit-r avg/exten avg 0     / 0.00  / 0.00 
c o cubes orig/symm/final          0     / 0     / 0    
c o cubes resolved/flp-removed     0     / 0    
c o tot restarts                   0    
c o comp sortsK/avg sz             207043 / 1.00181359
c o comps recordK/non-reset ratio  650974 / 0.72
c o vivif: try/cls/clviv/litsravg  186       174733    7029      0.90      
c o toplev subs runs/bins/long-cls 0         0         0         0         0         
c o toplevel probes/fail/bprop     0         0         0         
c o Mem used                       0.00 GB
c o cache pollutions call/removed  11896709/50892238
c o cache entries K                9318
c o MB cache                       2381.239
c o cache K (lookup/ stores/ hits/ dels) 600879 207418 393460 147208  -- Klookup/s:  308.94   
c o cache miss rate                0.345
c o avg hit/store num vars 20.666 / 56.969
c o 
c o [mem] consolidate  old-sz: 3679K new-sz: 1137K new bits offs: 18 T: 0.00
c o Cache full. Deleting some entries.
c o deletable:           9803471
c o Deleting entries. Num entries: 9954347
c o cache_bytes_memory_usage() in MB: 2476.06
c o max_cache_size_bytes in MB: 2500.00
c o free entries before: 150843
c o max descendants: 17 avg descendants: 0.16
c o max siblings: 16 avg siblings: 0.00
c o free entries after:  5052579 avg len: 0.00
c o deletion done. T: 0.26
c o [rdb] cls before: 23535 after: 13450 low lbd: 376 lbd cutoff: 2 target computed: 4000 cannot be del : 28 used: 13074 rdb: 565
c o [rdb] cls before: 23560 after: 14351 low lbd: 381 lbd cutoff: 2 target computed: 4000 cannot be del : 20 used: 13970 rdb: 568
c o [mem] consolidate  old-sz: 4518K new-sz: 1178K new bits offs: 18 T: 0.00
c o [rdb] cls before: 22625 after: 13997 low lbd: 384 lbd cutoff: 2 target computed: 8000 cannot be del : 27 used: 13612 rdb: 571
c o [mem] consolidate  old-sz: 3716K new-sz: 1138K new bits offs: 18 T: 0.00
c o [rdb] cls before: 23153 after: 13188 low lbd: 387 lbd cutoff: 2 target computed: 15000 cannot be del : 47 used: 12577 rdb: 574
c o [mem] consolidate  old-sz: 3687K new-sz: 1058K new bits offs: 18 T: 0.00
c o [rdb] cls before: 23250 after: 13547 low lbd: 387 lbd cutoff: 2 target computed: 8000 cannot be del : 30 used: 13160 rdb: 577
c o [mem] consolidate  old-sz: 4502K new-sz: 1031K new bits offs: 17 T: 0.00
c o [rdb] cls before: 22432 after: 14045 low lbd: 387 lbd cutoff: 2 target computed: 15000 cannot be del : 38 used: 13225 rdb: 580
c o [mem] consolidate  old-sz: 4368K new-sz: 1068K new bits offs: 18 T: 0.00
c o [rdb] cls before: 23368 after: 13494 low lbd: 389 lbd cutoff: 2 target computed: 8000 cannot be del : 19 used: 13105 rdb: 583
c o [rdb] cls before: 24713 after: 14790 low lbd: 389 lbd cutoff: 2 target computed: 8000 cannot be del : 26 used: 14401 rdb: 586
c o [mem] consolidate  old-sz: 4505K new-sz: 1189K new bits offs: 18 T: 0.00
c o [rdb] cls before: 23584 after: 14482 low lbd: 390 lbd cutoff: 2 target computed: 15000 cannot be del : 41 used: 13698 rdb: 589
c o [mem] consolidate  old-sz: 3649K new-sz: 1106K new bits offs: 18 T: 0.00
c o [rdb] cls before: 24711 after: 14656 low lbd: 391 lbd cutoff: 2 target computed: 15000 cannot be del : 26 used: 13724 rdb: 592
c o [mem] consolidate  old-sz: 4543K new-sz: 1215K new bits offs: 18 T: 0.00
c o [rdb] cls before: 23590 after: 14886 low lbd: 392 lbd cutoff: 2 target computed: 15000 cannot be del : 32 used: 13753 rdb: 595
c o [mem] consolidate  old-sz: 3700K new-sz: 1168K new bits offs: 18 T: 0.00
c o [rdb] cls before: 23504 after: 14647 low lbd: 392 lbd cutoff: 2 target computed: 15000 cannot be del : 33 used: 13895 rdb: 598
c o [mem] consolidate  old-sz: 3719K new-sz: 1173K new bits offs: 18 T: 0.00
c o total time so far: 2051.20
c o decisions K                    214285    -- Kdec/s:     105.92   
c o conflicts                      5998337      -- confl/s:    2964.97  
c o rem lits triedK/rem lits remK  200       9         
c o shrink tried/useful%/lits rem  5998337   51.2367   7055929   
c o avg clsz/rem lits avg/finalavg 19.2508   17.4319   17.4302  
c o rdbs/low lbd/rem               599   392    6017178
c o looks/look-computes            0/0
c o sat call/sat/unsat/confl/rst  1791  1584  207   532   0     
c o buddy called /unsat ratio           0     / 0.0000 
c o buddy avg num bin/long cls/vs  0.0000 / 0.0000 / 0.0000
c o buddy max num bin/long cls/vs  0     / 0     / 0    
c o orig cubes/lit-r avg/exten avg 0     / 0.00  / 0.00 
c o cubes orig/symm/final          0     / 0     / 0    
c o cubes resolved/flp-removed     0     / 0    
c o tot restarts                   0    
c o comp sortsK/avg sz             214038 / 1.00186055
c o comps recordK/non-reset ratio  673010 / 0.72
c o vivif: try/cls/clviv/litsravg  198       186200    7448      0.90      
c o toplev subs runs/bins/long-cls 0         0         0         0         0         
c o toplevel probes/fail/bprop     0         0         0         
c o Mem used                       0.00 GB
c o cache pollutions call/removed  12701244/53060035
c o cache entries K                9266
c o MB cache                       2466.677
c o cache K (lookup/ stores/ hits/ dels) 620879 214436 406442 152110  -- Klookup/s:  306.90   
c o cache miss rate                0.345
c o avg hit/store num vars 20.787 / 57.356
c o 
c o Cache full. Deleting some entries.
c o deletable:           9427339
c o Deleting entries. Num entries: 9954347
c o cache_bytes_memory_usage() in MB: 2496.143
c o max_cache_size_bytes in MB: 2500.000
c o free entries before: 526970
c o max descendants: 181 avg descendants: 0.203
c o max siblings: 182 avg siblings: 0.030
c o free entries after:  5240640 avg len: 0.030
c o deletion done. T: 0.255
c o [rdb] cls before: 22006 after: 15014 low lbd: 392 lbd cutoff: 2 target computed: 4000 cannot be del : 24 used: 14622 rdb: 601
c o [mem] consolidate  old-sz: 4506K new-sz: 1183K new bits offs: 18 T: 0.00
c o [rdb] cls before: 25230 after: 13867 low lbd: 392 lbd cutoff: 2 target computed: 8000 cannot be del : 38 used: 13472 rdb: 604
c o [mem] consolidate  old-sz: 3771K new-sz: 1057K new bits offs: 18 T: 0.00
c o [rdb] cls before: 23399 after: 13565 low lbd: 395 lbd cutoff: 2 target computed: 4000 cannot be del : 22 used: 13170 rdb: 607
c o [rdb] cls before: 23867 after: 13756 low lbd: 395 lbd cutoff: 2 target computed: 8000 cannot be del : 40 used: 13359 rdb: 610
c o [mem] consolidate  old-sz: 4560K new-sz: 1125K new bits offs: 18 T: 0.00
c o [rdb] cls before: 24048 after: 14795 low lbd: 396 lbd cutoff: 2 target computed: 8000 cannot be del : 32 used: 14398 rdb: 613
c o [mem] consolidate  old-sz: 4612K new-sz: 1092K new bits offs: 18 T: 0.00
c o [rdb] cls before: 24055 after: 13033 low lbd: 396 lbd cutoff: 2 target computed: 15000 cannot be del : 12 used: 12160 rdb: 616
c o [mem] consolidate  old-sz: 4566K new-sz: 1173K new bits offs: 18 T: 0.00
c o [rdb] cls before: 24611 after: 13222 low lbd: 397 lbd cutoff: 2 target computed: 8000 cannot be del : 21 used: 12825 rdb: 619
c o [mem] consolidate  old-sz: 3709K new-sz: 1144K new bits offs: 18 T: 0.00
c o [rdb] cls before: 24105 after: 11669 low lbd: 398 lbd cutoff: 2 target computed: 4000 cannot be del : 34 used: 11268 rdb: 622
c o [mem] consolidate  old-sz: 3697K new-sz: 1178K new bits offs: 18 T: 0.00
c o [rdb] cls before: 24058 after: 13865 low lbd: 400 lbd cutoff: 2 target computed: 8000 cannot be del : 38 used: 13465 rdb: 625
c o Cache full. Deleting some entries.
c o deletable:           9435237
c o Deleting entries. Num entries: 9954347
c o cache_bytes_memory_usage() in MB: 2495.72
c o max_cache_size_bytes in MB: 2500.00
c o free entries before: 519072
c o max descendants: 19 avg descendants: 0.17
c o max siblings: 17 avg siblings: 0.01
c o free entries after:  5236691 avg len: 0.01
c o deletion done. T: 0.26
c o total time so far: 2122.75
c o decisions K                    220999    -- Kdec/s:     105.51   
c o conflicts                      6258234      -- confl/s:    2987.77  
c o rem lits triedK/rem lits remK  200       9         
c o shrink tried/useful%/lits rem  6258234   51.2748   7354590   
c o avg clsz/rem lits avg/finalavg 19.2476   17.4364   17.4348  
c o rdbs/low lbd/rem               625   400    6278219
c o looks/look-computes            0/0
c o sat call/sat/unsat/confl/rst  1844  1637  207   540   0     
c o buddy called /unsat ratio           0     / 0.0000 
c o buddy avg num bin/long cls/vs  0.0000 / 0.0000 / 0.0000
c o buddy max num bin/long cls/vs  0     / 0     / 0    
c o orig cubes/lit-r avg/exten avg 0     / 0.00  / 0.00 
c o cubes orig/symm/final          0     / 0     / 0    
c o cubes resolved/flp-removed     0     / 0    
c o tot restarts                   0    
c o comp sortsK/avg sz             220740 / 1.00189125
c o comps recordK/non-reset ratio  694556 / 0.72
c o vivif: try/cls/clviv/litsravg  208       196038    7833      0.90      
c o toplev subs runs/bins/long-cls 0         0         0         0         0         
c o toplevel probes/fail/bprop     0         0         0         
c o Mem used                       0.00 GB
c o cache pollutions call/removed  13268982/54599350
c o cache entries K                5016
c o MB cache                       1629.518
c o cache K (lookup/ stores/ hits/ dels) 640879 221157 419721 161541  -- Klookup/s:  305.96   
c o cache miss rate                0.345
c o avg hit/store num vars 20.880 / 57.645
c o 
c o [mem] consolidate  old-sz: 3776K new-sz: 1120K new bits offs: 18 T: 0.00
c o [rdb] cls before: 23847 after: 13858 low lbd: 402 lbd cutoff: 2 target computed: 8000 cannot be del : 28 used: 13454 rdb: 628
c o [rdb] cls before: 24192 after: 14816 low lbd: 404 lbd cutoff: 2 target computed: 4000 cannot be del : 39 used: 14411 rdb: 631
c o [mem] consolidate  old-sz: 4656K new-sz: 1236K new bits offs: 18 T: 0.00
c o [rdb] cls before: 24575 after: 14980 low lbd: 406 lbd cutoff: 2 target computed: 15000 cannot be del : 20 used: 14448 rdb: 634
c o [mem] consolidate  old-sz: 4815K new-sz: 1116K new bits offs: 18 T: 0.00
c o [rdb] cls before: 24072 after: 13344 low lbd: 407 lbd cutoff: 2 target computed: 8000 cannot be del : 10 used: 12937 rdb: 637
c o [mem] consolidate  old-sz: 4662K new-sz: 1087K new bits offs: 18 T: 0.00
c o [rdb] cls before: 23594 after: 14353 low lbd: 407 lbd cutoff: 2 target computed: 8000 cannot be del : 21 used: 13946 rdb: 640
c o [rdb] cls before: 24144 after: 13590 low lbd: 409 lbd cutoff: 2 target computed: 8000 cannot be del : 9 used: 13181 rdb: 643
c o [mem] consolidate  old-sz: 4532K new-sz: 1072K new bits offs: 18 T: 0.00
c o [rdb] cls before: 23538 after: 13962 low lbd: 411 lbd cutoff: 2 target computed: 8000 cannot be del : 35 used: 13551 rdb: 646
c o [mem] consolidate  old-sz: 4651K new-sz: 1224K new bits offs: 18 T: 0.00
c o [rdb] cls before: 24632 after: 13357 low lbd: 413 lbd cutoff: 2 target computed: 8000 cannot be del : 26 used: 12944 rdb: 649
c o [mem] consolidate  old-sz: 3810K new-sz: 1086K new bits offs: 18 T: 0.00
c o [rdb] cls before: 23825 after: 14737 low lbd: 414 lbd cutoff: 2 target computed: 8000 cannot be del : 42 used: 14323 rdb: 652
c o Cache full. Deleting some entries.
c o deletable:           9384850
c o Deleting entries. Num entries: 9954347
c o cache_bytes_memory_usage() in MB: 2498.41
c o max_cache_size_bytes in MB: 2500.00
c o free entries before: 569467
c o max descendants: 127 avg descendants: 0.15
c o max siblings: 70 avg siblings: 0.01
c o free entries after:  5261891 avg len: 0.01
c o deletion done. T: 0.25
c o [mem] consolidate  old-sz: 4536K new-sz: 1188K new bits offs: 18 T: 0.00
c o [rdb] cls before: 24924 after: 14544 low lbd: 417 lbd cutoff: 2 target computed: 4000 cannot be del : 39 used: 14126 rdb: 655
c o total time so far: 2196.38
c o decisions K                    227748    -- Kdec/s:     105.04   
c o conflicts                      6564475      -- confl/s:    3027.55  
c o rem lits triedK/rem lits remK  200       9         
c o shrink tried/useful%/lits rem  6564475   51.2972   7692885   
c o avg clsz/rem lits avg/finalavg 19.2612   17.4561   17.4546  
c o rdbs/low lbd/rem               656   419    6587815
c o looks/look-computes            0/0
c o sat call/sat/unsat/confl/rst  1934  1724  210   554   0     
c o buddy called /unsat ratio           0     / 0.0000 
c o buddy avg num bin/long cls/vs  0.0000 / 0.0000 / 0.0000
c o buddy max num bin/long cls/vs  0     / 0     / 0    
c o orig cubes/lit-r avg/exten avg 0     / 0.00  / 0.00 
c o cubes orig/symm/final          0     / 0     / 0    
c o cubes resolved/flp-removed     0     / 0    
c o tot restarts                   0    
c o comp sortsK/avg sz             227475 / 1.00192975
c o comps recordK/non-reset ratio  716158 / 0.72
c o vivif: try/cls/clviv/litsravg  218       206264    8196      0.89      
c o toplev subs runs/bins/long-cls 0         0         0         0         0         
c o toplevel probes/fail/bprop     0         0         0         
c o Mem used                       0.00 GB
c o cache pollutions call/removed  13930686/55995576
c o cache entries K                5685
c o MB cache                       1747.090
c o cache K (lookup/ stores/ hits/ dels) 660879 227914 432964 166233  -- Klookup/s:  304.80   
c o cache miss rate                0.345
c o avg hit/store num vars 20.984 / 57.980
c o 
c o [mem] consolidate  old-sz: 3740K new-sz: 1097K new bits offs: 18 T: 0.00
c o [rdb] cls before: 23130 after: 13767 low lbd: 419 lbd cutoff: 2 target computed: 15000 cannot be del : 19 used: 12927 rdb: 658
c o [mem] consolidate  old-sz: 3751K new-sz: 1074K new bits offs: 18 T: 0.00
c o [rdb] cls before: 23126 after: 12936 low lbd: 419 lbd cutoff: 2 target computed: 8000 cannot be del : 27 used: 12516 rdb: 661
c o [rdb] cls before: 23408 after: 14342 low lbd: 420 lbd cutoff: 2 target computed: 8000 cannot be del : 27 used: 13922 rdb: 664
c o [mem] consolidate  old-sz: 4508K new-sz: 1184K new bits offs: 18 T: 0.00
c o [rdb] cls before: 23983 after: 15196 low lbd: 421 lbd cutoff: 2 target computed: 8000 cannot be del : 45 used: 14771 rdb: 667
c o [mem] consolidate  old-sz: 4741K new-sz: 1044K new bits offs: 17 T: 0.00
c o [rdb] cls before: 24771 after: 12747 low lbd: 421 lbd cutoff: 2 target computed: 8000 cannot be del : 21 used: 12324 rdb: 670
c o [mem] consolidate  old-sz: 4525K new-sz: 1225K new bits offs: 18 T: 0.00
c o [rdb] cls before: 24915 after: 15182 low lbd: 424 lbd cutoff: 2 target computed: 20000 cannot be del : 19 used: 14290 rdb: 673
c o [rdb] cls before: 25843 after: 12903 low lbd: 426 lbd cutoff: 2 target computed: 4000 cannot be del : 30 used: 12476 rdb: 676
c o [mem] consolidate  old-sz: 4698K new-sz:  993K new bits offs: 17 T: 0.00
c o [rdb] cls before: 23259 after: 13773 low lbd: 427 lbd cutoff: 2 target computed: 8000 cannot be del : 37 used: 13346 rdb: 679
c o Cache full. Deleting some entries.
c o deletable:           9427781
c o Deleting entries. Num entries: 9954347
c o cache_bytes_memory_usage() in MB: 2496.12
c o max_cache_size_bytes in MB: 2500.00
c o free entries before: 526518
c o max descendants: 13 avg descendants: 0.16
c o max siblings: 17 avg siblings: 0.01
c o free entries after:  5240410 avg len: 0.01
c o deletion done. T: 0.25
c o [mem] consolidate  old-sz: 4500K new-sz: 1071K new bits offs: 18 T: 0.00
c o [rdb] cls before: 25665 after: 14666 low lbd: 428 lbd cutoff: 2 target computed: 4000 cannot be del : 35 used: 14236 rdb: 682
c o total time so far: 2271.45
c o decisions K                    234502    -- Kdec/s:     104.53   
c o conflicts                      6828113      -- confl/s:    3043.75  
c o rem lits triedK/rem lits remK  200       9         
c o shrink tried/useful%/lits rem  6828113   51.3684   7989994   
c o avg clsz/rem lits avg/finalavg 19.2707   17.4732   17.4718  
c o rdbs/low lbd/rem               682   428    6847475
c o looks/look-computes            0/0
c o sat call/sat/unsat/confl/rst  2015  1799  216   569   0     
c o buddy called /unsat ratio           0     / 0.0000 
c o buddy avg num bin/long cls/vs  0.0000 / 0.0000 / 0.0000
c o buddy max num bin/long cls/vs  0     / 0     / 0    
c o orig cubes/lit-r avg/exten avg 0     / 0.00  / 0.00 
c o cubes orig/symm/final          0     / 0     / 0    
c o cubes resolved/flp-removed     0     / 0    
c o tot restarts                   0    
c o comp sortsK/avg sz             234219 / 1.00195004
c o comps recordK/non-reset ratio  737736 / 0.72
c o vivif: try/cls/clviv/litsravg  226       214334    8503      0.89      
c o toplev subs runs/bins/long-cls 0         0         0         0         0         
c o toplevel probes/fail/bprop     0         0         0         
c o Mem used                       0.00 GB
c o cache pollutions call/removed  14503523/57323116
c o cache entries K                6405
c o MB cache                       1869.367
c o cache K (lookup/ stores/ hits/ dels) 680879 234676 446202 170947  -- Klookup/s:  303.51   
c o cache miss rate                0.345
c o avg hit/store num vars 21.056 / 58.215
c o 
c o [mem] consolidate  old-sz: 4619K new-sz: 1209K new bits offs: 18 T: 0.00
c o [rdb] cls before: 24533 after: 14072 low lbd: 428 lbd cutoff: 2 target computed: 8000 cannot be del : 22 used: 13644 rdb: 685
c o [mem] consolidate  old-sz: 3876K new-sz: 1151K new bits offs: 18 T: 0.00
c o [rdb] cls before: 23760 after: 13566 low lbd: 428 lbd cutoff: 2 target computed: 15000 cannot be del : 9 used: 12976 rdb: 688
c o [rdb] cls before: 24315 after: 12658 low lbd: 430 lbd cutoff: 2 target computed: 8000 cannot be del : 36 used: 12228 rdb: 691
c o [mem] consolidate  old-sz: 4668K new-sz: 1028K new bits offs: 17 T: 0.00
c o [rdb] cls before: 24102 after: 12509 low lbd: 433 lbd cutoff: 2 target computed: 8000 cannot be del : 15 used: 12076 rdb: 694
c o [mem] consolidate  old-sz: 3648K new-sz: 1041K new bits offs: 17 T: 0.00
c o [rdb] cls before: 22616 after: 13309 low lbd: 435 lbd cutoff: 2 target computed: 8000 cannot be del : 47 used: 12872 rdb: 697
c o [mem] consolidate  old-sz: 4462K new-sz: 1120K new bits offs: 18 T: 0.00
c o [rdb] cls before: 23054 after: 13461 low lbd: 438 lbd cutoff: 2 target computed: 8000 cannot be del : 18 used: 13023 rdb: 700
c o [mem] consolidate  old-sz: 4427K new-sz: 1195K new bits offs: 18 T: 0.00
c o [rdb] cls before: 24991 after: 13827 low lbd: 439 lbd cutoff: 2 target computed: 8000 cannot be del : 31 used: 13386 rdb: 703
c o [mem] consolidate  old-sz: 3777K new-sz: 1137K new bits offs: 18 T: 0.00
c o [rdb] cls before: 24219 after: 14492 low lbd: 439 lbd cutoff: 2 target computed: 8000 cannot be del : 40 used: 14052 rdb: 706
c o [mem] consolidate  old-sz: 3714K new-sz: 1126K new bits offs: 18 T: 0.00
c o [rdb] cls before: 24064 after: 13407 low lbd: 439 lbd cutoff: 2 target computed: 8000 cannot be del : 35 used: 12968 rdb: 709
c o [mem] consolidate  old-sz: 3728K new-sz: 1093K new bits offs: 18 T: 0.00
c o [rdb] cls before: 23613 after: 13833 low lbd: 440 lbd cutoff: 2 target computed: 15000 cannot be del : 23 used: 13098 rdb: 712
c o Cache full. Deleting some entries.
c o deletable:           9191993
c o Deleting entries. Num entries: 9954347
c o cache_bytes_memory_usage() in MB: 2508.71
c o max_cache_size_bytes in MB: 2500.00
c o free entries before: 762327
c o max descendants: 128 avg descendants: 0.18
c o max siblings: 222 avg siblings: 0.03
c o free entries after:  5358312 avg len: 0.03
c o deletion done. T: 0.25
c o [rdb] cls before: 24672 after: 13510 low lbd: 442 lbd cutoff: 2 target computed: 8000 cannot be del : 54 used: 13065 rdb: 715
c o [mem] consolidate  old-sz: 4527K new-sz: 1052K new bits offs: 18 T: 0.00
c o [rdb] cls before: 24745 after: 12716 low lbd: 442 lbd cutoff: 2 target computed: 8000 cannot be del : 47 used: 12273 rdb: 718
c o [mem] consolidate  old-sz: 3557K new-sz:  996K new bits offs: 17 T: 0.00
c o [rdb] cls before: 24582 after: 14162 low lbd: 443 lbd cutoff: 2 target computed: 8000 cannot be del : 27 used: 13718 rdb: 721
c o [mem] consolidate  old-sz: 4373K new-sz: 1188K new bits offs: 18 T: 0.00
c o [rdb] cls before: 24017 after: 14218 low lbd: 443 lbd cutoff: 2 target computed: 8000 cannot be del : 20 used: 13775 rdb: 724
c o [mem] consolidate  old-sz: 3768K new-sz: 1131K new bits offs: 18 T: 0.00
c o [rdb] cls before: 22019 after: 14210 low lbd: 445 lbd cutoff: 2 target computed: 15000 cannot be del : 17 used: 13433 rdb: 727
c o [mem] consolidate  old-sz: 4549K new-sz: 1180K new bits offs: 18 T: 0.00
c o [rdb] cls before: 24769 after: 13768 low lbd: 449 lbd cutoff: 2 target computed: 15000 cannot be del : 18 used: 13116 rdb: 730
c o [mem] consolidate  old-sz: 3699K new-sz: 1139K new bits offs: 18 T: 0.00
c o [rdb] cls before: 24577 after: 11529 low lbd: 449 lbd cutoff: 2 target computed: 4000 cannot be del : 45 used: 11079 rdb: 733
c o total time so far: 2361.16
c o decisions K                    241283    -- Kdec/s:     103.42   
c o conflicts                      7333153      -- confl/s:    3143.20  
c o rem lits triedK/rem lits remK  200       9         
c o shrink tried/useful%/lits rem  7333153   51.7712   8640228   
c o avg clsz/rem lits avg/finalavg 19.2797   17.4720   17.4706  
c o rdbs/low lbd/rem               733   449    7360663
c o looks/look-computes            0/0
c o sat call/sat/unsat/confl/rst  2134  1910  224   590   0     
c o buddy called /unsat ratio           0     / 0.0000 
c o buddy avg num bin/long cls/vs  0.0000 / 0.0000 / 0.0000
c o buddy max num bin/long cls/vs  0     / 0     / 0    
c o orig cubes/lit-r avg/exten avg 0     / 0.00  / 0.00 
c o cubes orig/symm/final          0     / 0     / 0    
c o cubes resolved/flp-removed     0     / 0    
c o tot restarts                   0    
c o comp sortsK/avg sz             240978 / 1.00204343
c o comps recordK/non-reset ratio  759589 / 0.71
c o vivif: try/cls/clviv/litsravg  244       232403    9248      0.89      
c o toplev subs runs/bins/long-cls 0         0         0         0         0         
c o toplevel probes/fail/bprop     0         0         0         
c o Mem used                       0.00 GB
c o cache pollutions call/removed  15621352/59418506
c o cache entries K                6508
c o MB cache                       1969.247
c o cache K (lookup/ stores/ hits/ dels) 700879 241471 459408 175543  -- Klookup/s:  300.42   
c o cache miss rate                0.345
c o avg hit/store num vars 21.288 / 58.958
c o 
c o [mem] consolidate  old-sz: 3846K new-sz: 1192K new bits offs: 18 T: 0.00
c o [rdb] cls before: 23973 after: 13332 low lbd: 450 lbd cutoff: 2 target computed: 8000 cannot be del : 22 used: 12879 rdb: 736
c o [rdb] cls before: 24909 after: 13491 low lbd: 450 lbd cutoff: 2 target computed: 8000 cannot be del : 17 used: 13041 rdb: 739
c o [mem] consolidate  old-sz: 4671K new-sz: 1089K new bits offs: 18 T: 0.00
c o [rdb] cls before: 23261 after: 12799 low lbd: 451 lbd cutoff: 2 target computed: 8000 cannot be del : 18 used: 12347 rdb: 742
c o [mem] consolidate  old-sz: 3691K new-sz: 1061K new bits offs: 18 T: 0.00
c o [rdb] cls before: 21925 after: 13818 low lbd: 451 lbd cutoff: 2 target computed: 8000 cannot be del : 13 used: 13366 rdb: 745
c o [mem] consolidate  old-sz: 4617K new-sz: 1178K new bits offs: 18 T: 0.00
c o [rdb] cls before: 24437 after: 12289 low lbd: 453 lbd cutoff: 2 target computed: 4000 cannot be del : 24 used: 11836 rdb: 748
c o [mem] consolidate  old-sz: 3786K new-sz: 1059K new bits offs: 18 T: 0.00
c o [rdb] cls before: 23468 after: 11869 low lbd: 456 lbd cutoff: 2 target computed: 15000 cannot be del : 46 used: 11109 rdb: 751
c o Cache full. Deleting some entries.
c o deletable:           9254462
c o Deleting entries. Num entries: 9954347
c o cache_bytes_memory_usage() in MB: 2505.38
c o max_cache_size_bytes in MB: 2500.00
c o free entries before: 699856
c o max descendants: 24 avg descendants: 0.24
c o max siblings: 19 avg siblings: 0.01
c o free entries after:  5327089 avg len: 0.01
c o deletion done. T: 0.24
c o [mem] consolidate  old-sz: 4601K new-sz: 1225K new bits offs: 18 T: 0.00
c o [rdb] cls before: 24789 after: 14207 low lbd: 457 lbd cutoff: 2 target computed: 4000 cannot be del : 39 used: 13748 rdb: 754
c o [mem] consolidate  old-sz: 3835K new-sz: 1059K new bits offs: 18 T: 0.00
c o [rdb] cls before: 22362 after: 12534 low lbd: 459 lbd cutoff: 2 target computed: 4000 cannot be del : 37 used: 12074 rdb: 757
c o [rdb] cls before: 22521 after: 13450 low lbd: 460 lbd cutoff: 2 target computed: 15000 cannot be del : 43 used: 12808 rdb: 760
c o [mem] consolidate  old-sz: 4600K new-sz: 1134K new bits offs: 18 T: 0.00
c o [rdb] cls before: 24220 after: 14105 low lbd: 461 lbd cutoff: 2 target computed: 8000 cannot be del : 17 used: 13644 rdb: 763
c o [mem] consolidate  old-sz: 4739K new-sz: 1140K new bits offs: 18 T: 0.00
c o [rdb] cls before: 23449 after: 14102 low lbd: 461 lbd cutoff: 2 target computed: 8000 cannot be del : 13 used: 13640 rdb: 766
c o [mem] consolidate  old-sz: 3812K new-sz: 1119K new bits offs: 18 T: 0.00
c o total time so far: 2434.40
c o decisions K                    248119    -- Kdec/s:     103.11   
c o conflicts                      7675852      -- confl/s:    3189.95  
c o rem lits triedK/rem lits remK  200       9         
c o shrink tried/useful%/lits rem  7675852   51.6130   8976793   
c o avg clsz/rem lits avg/finalavg 19.2913   17.4989   17.4976  
c o rdbs/low lbd/rem               767   461    7698607
c o looks/look-computes            0/0
c o sat call/sat/unsat/confl/rst  2188  1956  232   606   0     
c o buddy called /unsat ratio           0     / 0.0000 
c o buddy avg num bin/long cls/vs  0.0000 / 0.0000 / 0.0000
c o buddy max num bin/long cls/vs  0     / 0     / 0    
c o orig cubes/lit-r avg/exten avg 0     / 0.00  / 0.00 
c o cubes orig/symm/final          0     / 0     / 0    
c o cubes resolved/flp-removed     0     / 0    
c o tot restarts                   0    
c o comp sortsK/avg sz             247800 / 1.00208009
c o comps recordK/non-reset ratio  781095 / 0.71
c o vivif: try/cls/clviv/litsravg  254       242137    9643      0.89      
c o toplev subs runs/bins/long-cls 0         0         0         0         0         
c o toplevel probes/fail/bprop     0         0         0         
c o Mem used                       0.00 GB
c o cache pollutions call/removed  16372960/61337873
c o cache entries K                6807
c o MB cache                       1990.179
c o cache K (lookup/ stores/ hits/ dels) 720879 248316 472563 180170  -- Klookup/s:  299.58   
c o cache miss rate                0.344
c o avg hit/store num vars 21.365 / 59.216
c o 
c o [rdb] cls before: 24310 after: 13622 low lbd: 461 lbd cutoff: 2 target computed: 8000 cannot be del : 17 used: 13161 rdb: 769
c o [mem] consolidate  old-sz: 3754K new-sz: 1163K new bits offs: 18 T: 0.00
c o [rdb] cls before: 22947 after: 13567 low lbd: 461 lbd cutoff: 2 target computed: 4000 cannot be del : 20 used: 13106 rdb: 772
c o [mem] consolidate  old-sz: 4657K new-sz: 1197K new bits offs: 18 T: 0.00
c o [rdb] cls before: 23920 after: 12707 low lbd: 464 lbd cutoff: 2 target computed: 15000 cannot be del : 39 used: 11995 rdb: 775
c o [mem] consolidate  old-sz: 3823K new-sz:  942K new bits offs: 17 T: 0.00
c o [rdb] cls before: 21605 after: 13126 low lbd: 464 lbd cutoff: 2 target computed: 8000 cannot be del : 13 used: 12660 rdb: 778
c o [rdb] cls before: 24321 after: 14792 low lbd: 464 lbd cutoff: 2 target computed: 4000 cannot be del : 19 used: 14328 rdb: 781
c o [mem] consolidate  old-sz: 4403K new-sz: 1216K new bits offs: 18 T: 0.00
c o Cache full. Deleting some entries.
c o deletable:           9443524
c o Deleting entries. Num entries: 9954347
c o cache_bytes_memory_usage() in MB: 2495.28
c o max_cache_size_bytes in MB: 2500.00
c o free entries before: 510793
c o max descendants: 23 avg descendants: 0.21
c o max siblings: 23 avg siblings: 0.01
c o free entries after:  5232555 avg len: 0.01
c o deletion done. T: 0.24
c o [rdb] cls before: 24508 after: 14103 low lbd: 464 lbd cutoff: 2 target computed: 4000 cannot be del : 23 used: 13639 rdb: 784
c o [mem] consolidate  old-sz: 3849K new-sz: 1153K new bits offs: 18 T: 0.00
c o [rdb] cls before: 23584 after: 14779 low lbd: 464 lbd cutoff: 2 target computed: 8000 cannot be del : 37 used: 14315 rdb: 787
c o total time so far: 2500.02
c o decisions K                    254899    -- Kdec/s:     103.12   
c o conflicts                      7876766      -- confl/s:    3186.54  
c o rem lits triedK/rem lits remK  200       9         
c o shrink tried/useful%/lits rem  7876766   51.5148   9178035   
c o avg clsz/rem lits avg/finalavg 19.2941   17.5083   17.5070  
c o rdbs/low lbd/rem               787   464    7897467
c o looks/look-computes            0/0
c o sat call/sat/unsat/confl/rst  2233  1998  235   615   0     
c o buddy called /unsat ratio           0     / 0.0000 
c o buddy avg num bin/long cls/vs  0.0000 / 0.0000 / 0.0000
c o buddy max num bin/long cls/vs  0     / 0     / 0    
c o orig cubes/lit-r avg/exten avg 0     / 0.00  / 0.00 
c o cubes orig/symm/final          0     / 0     / 0    
c o cubes resolved/flp-removed     0     / 0    
c o tot restarts                   0    
c o comp sortsK/avg sz             254571 / 1.00208497
c o comps recordK/non-reset ratio  802739 / 0.71
c o vivif: try/cls/clviv/litsravg  262       249692    9957      0.89      
c o toplev subs runs/bins/long-cls 0         0         0         0         0         
c o toplevel probes/fail/bprop     0         0         0         
c o Mem used                       0.00 GB
c o cache pollutions call/removed  16809533/63476215
c o cache entries K                6733
c o MB cache                       1932.819
c o cache K (lookup/ stores/ hits/ dels) 740879 255102 485776 184892  -- Klookup/s:  299.72   
c o cache miss rate                0.344
c o avg hit/store num vars 21.364 / 59.237
c o 
c o [mem] consolidate  old-sz: 4663K new-sz: 1165K new bits offs: 18 T: 0.00
c o [rdb] cls before: 23683 after: 11979 low lbd: 466 lbd cutoff: 2 target computed: 15000 cannot be del : 14 used: 10953 rdb: 790
c o [mem] consolidate  old-sz: 4775K new-sz: 1134K new bits offs: 18 T: 0.00
c o [rdb] cls before: 23447 after: 13830 low lbd: 468 lbd cutoff: 2 target computed: 8000 cannot be del : 28 used: 13362 rdb: 793
c o [rdb] cls before: 23702 after: 13644 low lbd: 468 lbd cutoff: 2 target computed: 15000 cannot be del : 26 used: 12566 rdb: 796
c o [mem] consolidate  old-sz: 4790K new-sz: 1129K new bits offs: 18 T: 0.00
c o [rdb] cls before: 24965 after: 14408 low lbd: 469 lbd cutoff: 2 target computed: 8000 cannot be del : 12 used: 13939 rdb: 799
c o [mem] consolidate  old-sz: 4837K new-sz: 1200K new bits offs: 18 T: 0.00
c o [rdb] cls before: 24630 after: 14094 low lbd: 470 lbd cutoff: 2 target computed: 15000 cannot be del : 48 used: 13563 rdb: 802
c o [mem] consolidate  old-sz: 3898K new-sz: 1083K new bits offs: 18 T: 0.00
c o [rdb] cls before: 24675 after: 15172 low lbd: 472 lbd cutoff: 2 target computed: 8000 cannot be del : 24 used: 14694 rdb: 805
c o [mem] consolidate  old-sz: 4696K new-sz: 1174K new bits offs: 18 T: 0.00
c o [rdb] cls before: 24087 after: 13953 low lbd: 472 lbd cutoff: 2 target computed: 8000 cannot be del : 36 used: 13481 rdb: 808
c o [mem] consolidate  old-sz: 3821K new-sz: 1160K new bits offs: 18 T: 0.00
c o [rdb] cls before: 23672 after: 14560 low lbd: 473 lbd cutoff: 2 target computed: 15000 cannot be del : 13 used: 13916 rdb: 811
c o [rdb] cls before: 24754 after: 12601 low lbd: 474 lbd cutoff: 2 target computed: 8000 cannot be del : 19 used: 12127 rdb: 814
c o [mem] consolidate  old-sz: 4650K new-sz:  997K new bits offs: 17 T: 0.00
c o [rdb] cls before: 25090 after: 14286 low lbd: 475 lbd cutoff: 2 target computed: 8000 cannot be del : 27 used: 13811 rdb: 817
c o [mem] consolidate  old-sz: 4526K new-sz: 1177K new bits offs: 18 T: 0.00
c o [rdb] cls before: 23312 after: 14678 low lbd: 476 lbd cutoff: 2 target computed: 8000 cannot be del : 26 used: 14202 rdb: 820
c o [mem] consolidate  old-sz: 3668K new-sz: 1108K new bits offs: 18 T: 0.00
c o Cache full. Deleting some entries.
c o deletable:           9226071
c o Deleting entries. Num entries: 9954347
c o cache_bytes_memory_usage() in MB: 2506.89
c o max_cache_size_bytes in MB: 2500.00
c o free entries before: 728247
c o max descendants: 27 avg descendants: 0.23
c o max siblings: 85 avg siblings: 0.01
c o free entries after:  5341283 avg len: 0.01
c o deletion done. T: 0.25
c o [rdb] cls before: 24028 after: 13598 low lbd: 476 lbd cutoff: 2 target computed: 8000 cannot be del : 24 used: 13122 rdb: 823
c o [mem] consolidate  old-sz: 4555K new-sz: 1161K new bits offs: 18 T: 0.00
c o [rdb] cls before: 24378 after: 14032 low lbd: 477 lbd cutoff: 2 target computed: 8000 cannot be del : 14 used: 13555 rdb: 826
c o [mem] consolidate  old-sz: 3733K new-sz: 1154K new bits offs: 18 T: 0.00
c o [rdb] cls before: 24021 after: 14940 low lbd: 477 lbd cutoff: 2 target computed: 4000 cannot be del : 19 used: 14463 rdb: 829
c o total time so far: 2580.67
c o decisions K                    261801    -- Kdec/s:     102.57   
c o conflicts                      8307519      -- confl/s:    3254.61  
c o rem lits triedK/rem lits remK  200       9         
c o shrink tried/useful%/lits rem  8307519   51.6753   9714211   
c o avg clsz/rem lits avg/finalavg 19.3327   17.5411   17.5399  
c o rdbs/low lbd/rem               830   478    8327905
c o looks/look-computes            0/0
c o sat call/sat/unsat/confl/rst  2333  2092  241   633   0     
c o buddy called /unsat ratio           0     / 0.0000 
c o buddy avg num bin/long cls/vs  0.0000 / 0.0000 / 0.0000
c o buddy max num bin/long cls/vs  0     / 0     / 0    
c o orig cubes/lit-r avg/exten avg 0     / 0.00  / 0.00 
c o cubes orig/symm/final          0     / 0     / 0    
c o cubes resolved/flp-removed     0     / 0    
c o tot restarts                   0    
c o comp sortsK/avg sz             261458 / 1.00213235
c o comps recordK/non-reset ratio  824677 / 0.71
c o vivif: try/cls/clviv/litsravg  276       263905    10496     0.89      
c o toplev subs runs/bins/long-cls 0         0         0         0         0         
c o toplevel probes/fail/bprop     0         0         0         
c o Mem used                       0.00 GB
c o cache pollutions call/removed  17746771/65655880
c o cache entries K                6853
c o MB cache                       1956.668
c o cache K (lookup/ stores/ hits/ dels) 760879 262015 498863 189505  -- Klookup/s:  298.09   
c o cache miss rate                0.344
c o avg hit/store num vars 21.458 / 59.590
c o 
c o [rdb] cls before: 25294 after: 13711 low lbd: 479 lbd cutoff: 2 target computed: 8000 cannot be del : 17 used: 13232 rdb: 832
c o [mem] consolidate  old-sz: 4663K new-sz: 1135K new bits offs: 18 T: 0.00
c o [rdb] cls before: 23916 after: 13738 low lbd: 480 lbd cutoff: 2 target computed: 8000 cannot be del : 30 used: 13258 rdb: 835
c o [mem] consolidate  old-sz: 4589K new-sz: 1140K new bits offs: 18 T: 0.00
c o [rdb] cls before: 24104 after: 14510 low lbd: 481 lbd cutoff: 2 target computed: 8000 cannot be del : 21 used: 14028 rdb: 838
c o [mem] consolidate  old-sz: 4645K new-sz: 1173K new bits offs: 18 T: 0.00
c o [rdb] cls before: 24255 after: 12866 low lbd: 481 lbd cutoff: 2 target computed: 8000 cannot be del : 21 used: 12384 rdb: 841
c o [rdb] cls before: 24481 after: 14703 low lbd: 481 lbd cutoff: 2 target computed: 20000 cannot be del : 19 used: 13713 rdb: 844
c o [mem] consolidate  old-sz: 4569K new-sz: 1179K new bits offs: 18 T: 0.00
c o [rdb] cls before: 23869 after: 14125 low lbd: 482 lbd cutoff: 2 target computed: 8000 cannot be del : 23 used: 13642 rdb: 847
c o [mem] consolidate  old-sz: 3774K new-sz: 1151K new bits offs: 18 T: 0.00
c o [rdb] cls before: 23479 after: 14587 low lbd: 484 lbd cutoff: 2 target computed: 15000 cannot be del : 22 used: 13957 rdb: 850
c o [mem] consolidate  old-sz: 4592K new-sz: 1162K new bits offs: 18 T: 0.00
c o [rdb] cls before: 24137 after: 13582 low lbd: 484 lbd cutoff: 2 target computed: 8000 cannot be del : 24 used: 13098 rdb: 853
c o Cache full. Deleting some entries.
c o deletable:           9535629
c o Deleting entries. Num entries: 9954347
c o cache_bytes_memory_usage() in MB: 2490.36
c o max_cache_size_bytes in MB: 2500.00
c o free entries before: 418685
c o max descendants: 14 avg descendants: 0.20
c o max siblings: 25 avg siblings: 0.01
c o free entries after:  5186501 avg len: 0.01
c o deletion done. T: 0.25
c o [mem] consolidate  old-sz: 3704K new-sz: 1036K new bits offs: 17 T: 0.00
c o [rdb] cls before: 24808 after: 14373 low lbd: 485 lbd cutoff: 2 target computed: 8000 cannot be del : 22 used: 13886 rdb: 856
c o [mem] consolidate  old-sz: 4496K new-sz: 1096K new bits offs: 18 T: 0.00
c o [rdb] cls before: 23463 after: 12869 low lbd: 485 lbd cutoff: 2 target computed: 4000 cannot be del : 46 used: 12383 rdb: 859
c o [mem] consolidate  old-sz: 3752K new-sz: 1110K new bits offs: 18 T: 0.00
c o [rdb] cls before: 23026 after: 13635 low lbd: 486 lbd cutoff: 2 target computed: 8000 cannot be del : 30 used: 13148 rdb: 862
c o [rdb] cls before: 23785 after: 14578 low lbd: 487 lbd cutoff: 2 target computed: 8000 cannot be del : 19 used: 14091 rdb: 865
c o [mem] consolidate  old-sz: 4562K new-sz: 1176K new bits offs: 18 T: 0.00
c o [rdb] cls before: 25474 after: 15229 low lbd: 487 lbd cutoff: 2 target computed: 8000 cannot be del : 41 used: 14742 rdb: 868
c o [mem] consolidate  old-sz: 4554K new-sz: 1053K new bits offs: 18 T: 0.00
c o total time so far: 2660.44
c o decisions K                    268664    -- Kdec/s:     102.06   
c o conflicts                      8706246      -- confl/s:    3307.46  
c o rem lits triedK/rem lits remK  200       9         
c o shrink tried/useful%/lits rem  8706246   51.7901   10215492  
c o avg clsz/rem lits avg/finalavg 19.3403   17.5421   17.5410  
c o rdbs/low lbd/rem               870   487    8727662
c o looks/look-computes            0/0
c o sat call/sat/unsat/confl/rst  2498  2248  250   654   0     
c o buddy called /unsat ratio           0     / 0.0000 
c o buddy avg num bin/long cls/vs  0.0000 / 0.0000 / 0.0000
c o buddy max num bin/long cls/vs  0     / 0     / 0    
c o orig cubes/lit-r avg/exten avg 0     / 0.00  / 0.00 
c o cubes orig/symm/final          0     / 0     / 0    
c o cubes resolved/flp-removed     0     / 0    
c o tot restarts                   0    
c o comp sortsK/avg sz             268307 / 1.00216417
c o comps recordK/non-reset ratio  846267 / 0.71
c o vivif: try/cls/clviv/litsravg  290       278067    11077     0.89      
c o toplev subs runs/bins/long-cls 0         0         0         0         0         
c o toplevel probes/fail/bprop     0         0         0         
c o Mem used                       0.00 GB
c o cache pollutions call/removed  18607187/67406513
c o cache entries K                7208
c o MB cache                       2095.079
c o cache K (lookup/ stores/ hits/ dels) 780879 268888 511990 194273  -- Klookup/s:  296.65   
c o cache miss rate                0.344
c o avg hit/store num vars 21.579 / 59.944
c o 
c o [rdb] cls before: 24668 after: 14061 low lbd: 487 lbd cutoff: 2 target computed: 8000 cannot be del : 20 used: 13574 rdb: 871
c o [mem] consolidate  old-sz: 4570K new-sz: 1059K new bits offs: 18 T: 0.00
c o [rdb] cls before: 22835 after: 14083 low lbd: 488 lbd cutoff: 2 target computed: 8000 cannot be del : 30 used: 13592 rdb: 874
c o [rdb] cls before: 24139 after: 13206 low lbd: 488 lbd cutoff: 2 target computed: 8000 cannot be del : 16 used: 12717 rdb: 877
c o [mem] consolidate  old-sz: 4580K new-sz: 1059K new bits offs: 18 T: 0.00
c o [rdb] cls before: 23637 after: 13602 low lbd: 488 lbd cutoff: 2 target computed: 8000 cannot be del : 39 used: 13114 rdb: 880
c o [mem] consolidate  old-sz: 4495K new-sz: 1159K new bits offs: 18 T: 0.00
c o [rdb] cls before: 24083 after: 14338 low lbd: 489 lbd cutoff: 2 target computed: 8000 cannot be del : 26 used: 13849 rdb: 883
c o [mem] consolidate  old-sz: 3833K new-sz: 1084K new bits offs: 18 T: 0.00
c o [rdb] cls before: 23939 after: 13511 low lbd: 489 lbd cutoff: 2 target computed: 15000 cannot be del : 26 used: 12804 rdb: 886
c o [mem] consolidate  old-sz: 4528K new-sz: 1075K new bits offs: 18 T: 0.00
c o [rdb] cls before: 23813 after: 13798 low lbd: 491 lbd cutoff: 2 target computed: 8000 cannot be del : 19 used: 13307 rdb: 889
c o Cache full. Deleting some entries.
c o deletable:           8906168
c o Deleting entries. Num entries: 9954347
c o cache_bytes_memory_usage() in MB: 2523.98
c o max_cache_size_bytes in MB: 2500.00
c o free entries before: 1048145
c o max descendants: 157 avg descendants: 0.18
c o max siblings: 234 avg siblings: 0.04
c o free entries after:  5501219 avg len: 0.04
c o deletion done. T: 0.25
c o [mem] consolidate  old-sz: 3687K new-sz: 1138K new bits offs: 18 T: 0.00
c o [rdb] cls before: 23713 after: 14902 low lbd: 493 lbd cutoff: 2 target computed: 4000 cannot be del : 49 used: 14408 rdb: 892
c o [rdb] cls before: 24753 after: 14432 low lbd: 493 lbd cutoff: 2 target computed: 4000 cannot be del : 12 used: 13938 rdb: 895
c o [mem] consolidate  old-sz: 4578K new-sz: 1126K new bits offs: 18 T: 0.00
c o [rdb] cls before: 23615 after: 13856 low lbd: 494 lbd cutoff: 2 target computed: 8000 cannot be del : 23 used: 13361 rdb: 898
c o [mem] consolidate  old-sz: 3741K new-sz: 1190K new bits offs: 18 T: 0.00
c o [rdb] cls before: 23864 after: 14990 low lbd: 495 lbd cutoff: 2 target computed: 8000 cannot be del : 33 used: 14494 rdb: 901
c o [mem] consolidate  old-sz: 4680K new-sz: 1114K new bits offs: 18 T: 0.00
c o [rdb] cls before: 23384 after: 13618 low lbd: 496 lbd cutoff: 2 target computed: 15000 cannot be del : 30 used: 12926 rdb: 904
c o [mem] consolidate  old-sz: 4627K new-sz: 1275K new bits offs: 18 T: 0.00
c o [rdb] cls before: 25147 after: 13816 low lbd: 497 lbd cutoff: 2 target computed: 8000 cannot be del : 21 used: 13319 rdb: 907
c o total time so far: 2744.51
c o decisions K                    275345    -- Kdec/s:     101.36   
c o conflicts                      9088826      -- confl/s:    3345.93  
c o rem lits triedK/rem lits remK  200       9         
c o shrink tried/useful%/lits rem  9088826   51.6584   10624718  
c o avg clsz/rem lits avg/finalavg 19.3413   17.5541   17.5530  
c o rdbs/low lbd/rem               908   497    9109091
c o looks/look-computes            0/0
c o sat call/sat/unsat/confl/rst  2633  2376  257   682   0     
c o buddy called /unsat ratio           0     / 0.0000 
c o buddy avg num bin/long cls/vs  0.0000 / 0.0000 / 0.0000
c o buddy max num bin/long cls/vs  0     / 0     / 0    
c o orig cubes/lit-r avg/exten avg 0     / 0.00  / 0.00 
c o cubes orig/symm/final          0     / 0     / 0    
c o cubes resolved/flp-removed     0     / 0    
c o tot restarts                   0    
c o comp sortsK/avg sz             274974 / 1.00220444
c o comps recordK/non-reset ratio  867824 / 0.71
c o vivif: try/cls/clviv/litsravg  302       290268    11603     0.89      
c o toplev subs runs/bins/long-cls 0         0         0         0         0         
c o toplevel probes/fail/bprop     0         0         0         
c o Mem used                       0.00 GB
c o cache pollutions call/removed  19429825/69065893
c o cache entries K                7788
c o MB cache                       2175.459
c o cache K (lookup/ stores/ hits/ dels) 800879 275580 525298 198726  -- Klookup/s:  294.83   
c o cache miss rate                0.344
c o avg hit/store num vars 21.714 / 60.386
c o 
c o [mem] consolidate  old-sz: 3940K new-sz: 1149K new bits offs: 18 T: 0.00
c o [rdb] cls before: 23664 after: 12086 low lbd: 499 lbd cutoff: 2 target computed: 20000 cannot be del : 31 used: 11155 rdb: 910
c o [rdb] cls before: 24315 after: 14264 low lbd: 499 lbd cutoff: 2 target computed: 15000 cannot be del : 22 used: 13624 rdb: 913
c o [mem] consolidate  old-sz: 4767K new-sz: 1187K new bits offs: 18 T: 0.00
c o [rdb] cls before: 24084 after: 12949 low lbd: 501 lbd cutoff: 2 target computed: 20000 cannot be del : 20 used: 11968 rdb: 916
c o [mem] consolidate  old-sz: 3777K new-sz: 1042K new bits offs: 17 T: 0.00
c o [rdb] cls before: 25895 after: 15589 low lbd: 501 lbd cutoff: 2 target computed: 15000 cannot be del : 22 used: 14588 rdb: 919
c o [mem] consolidate  old-sz: 4661K new-sz: 1133K new bits offs: 18 T: 0.00
c o [rdb] cls before: 24244 after: 14086 low lbd: 502 lbd cutoff: 2 target computed: 15000 cannot be del : 47 used: 12789 rdb: 922
c o [mem] consolidate  old-sz: 4710K new-sz:  954K new bits offs: 17 T: 0.00
c o [rdb] cls before: 22139 after: 14442 low lbd: 503 lbd cutoff: 2 target computed: 8000 cannot be del : 40 used: 13939 rdb: 925
c o [rdb] cls before: 23957 after: 14240 low lbd: 503 lbd cutoff: 2 target computed: 15000 cannot be del : 25 used: 13590 rdb: 928
c o [mem] consolidate  old-sz: 4536K new-sz: 1163K new bits offs: 18 T: 0.00
c o Cache full. Deleting some entries.
c o deletable:           9152835
c o Deleting entries. Num entries: 9954347
c o cache_bytes_memory_usage() in MB: 2510.80
c o max_cache_size_bytes in MB: 2500.00
c o free entries before: 801472
c o max descendants: 13 avg descendants: 0.17
c o max siblings: 19 avg siblings: 0.01
c o free entries after:  5377892 avg len: 0.01
c o deletion done. T: 0.25
c o [rdb] cls before: 24264 after: 15238 low lbd: 503 lbd cutoff: 2 target computed: 4000 cannot be del : 23 used: 14731 rdb: 931
c o [mem] consolidate  old-sz: 4576K new-sz: 1125K new bits offs: 18 T: 0.00
c o [rdb] cls before: 23708 after: 14681 low lbd: 505 lbd cutoff: 2 target computed: 8000 cannot be del : 43 used: 14175 rdb: 934
c o [mem] consolidate  old-sz: 3808K new-sz: 1145K new bits offs: 18 T: 0.00
c o [rdb] cls before: 24098 after: 13964 low lbd: 506 lbd cutoff: 2 target computed: 8000 cannot be del : 18 used: 13456 rdb: 937
c o [mem] consolidate  old-sz: 3775K new-sz: 1108K new bits offs: 18 T: 0.00
c o [rdb] cls before: 23316 after: 13853 low lbd: 507 lbd cutoff: 2 target computed: 15000 cannot be del : 38 used: 13144 rdb: 940
c o [mem] consolidate  old-sz: 4560K new-sz:  950K new bits offs: 17 T: 0.00
c o [rdb] cls before: 22578 after: 14038 low lbd: 507 lbd cutoff: 2 target computed: 4000 cannot be del : 15 used: 13529 rdb: 943
c o [rdb] cls before: 25181 after: 14308 low lbd: 509 lbd cutoff: 2 target computed: 8000 cannot be del : 16 used: 13798 rdb: 946
c o [mem] consolidate  old-sz: 4356K new-sz: 1147K new bits offs: 18 T: 0.00
c o [rdb] cls before: 23854 after: 14123 low lbd: 510 lbd cutoff: 2 target computed: 8000 cannot be del : 37 used: 13612 rdb: 949
c o [mem] consolidate  old-sz: 3717K new-sz: 1115K new bits offs: 18 T: 0.00
c o [rdb] cls before: 24195 after: 15138 low lbd: 511 lbd cutoff: 2 target computed: 8000 cannot be del : 22 used: 14625 rdb: 952
c o [mem] consolidate  old-sz: 4524K new-sz: 1175K new bits offs: 18 T: 0.00
c o total time so far: 2830.78
c o decisions K                    282016    -- Kdec/s:     100.63   
c o conflicts                      9535280      -- confl/s:    3402.25  
c o rem lits triedK/rem lits remK  200       9         
c o shrink tried/useful%/lits rem  9535280   51.6876   11134622  
c o avg clsz/rem lits avg/finalavg 19.3483   17.5710   17.5700  
c o rdbs/low lbd/rem               953   511    9557634
c o looks/look-computes            0/0
c o sat call/sat/unsat/confl/rst  2710  2452  258   686   0     
c o buddy called /unsat ratio           0     / 0.0000 
c o buddy avg num bin/long cls/vs  0.0000 / 0.0000 / 0.0000
c o buddy max num bin/long cls/vs  0     / 0     / 0    
c o orig cubes/lit-r avg/exten avg 0     / 0.00  / 0.00 
c o cubes orig/symm/final          0     / 0     / 0    
c o cubes resolved/flp-removed     0     / 0    
c o tot restarts                   0    
c o comp sortsK/avg sz             281631 / 1.00224295
c o comps recordK/non-reset ratio  889366 / 0.70
c o vivif: try/cls/clviv/litsravg  316       305242    12220     0.89      
c o toplev subs runs/bins/long-cls 0         0         0         0         0         
c o toplevel probes/fail/bprop     0         0         0         
c o Mem used                       0.00 GB
c o cache pollutions call/removed  20400488/70709411
c o cache entries K                8250
c o MB cache                       2289.243
c o cache K (lookup/ stores/ hits/ dels) 820879 282263 538616 203303  -- Klookup/s:  292.89   
c o cache miss rate                0.344
c o avg hit/store num vars 21.837 / 60.847
c o 
c o [rdb] cls before: 24736 after: 13544 low lbd: 511 lbd cutoff: 2 target computed: 8000 cannot be del : 13 used: 13032 rdb: 955
c o [mem] consolidate  old-sz: 3708K new-sz: 1150K new bits offs: 18 T: 0.00
c o [rdb] cls before: 24837 after: 13126 low lbd: 511 lbd cutoff: 2 target computed: 8000 cannot be del : 25 used: 12613 rdb: 958
c o [mem] consolidate  old-sz: 3747K new-sz: 1076K new bits offs: 18 T: 0.00
c o [rdb] cls before: 23894 after: 13452 low lbd: 512 lbd cutoff: 2 target computed: 8000 cannot be del : 33 used: 12939 rdb: 961
c o Cache full. Deleting some entries.
c o deletable:           9302262
c o Deleting entries. Num entries: 9954347
c o cache_bytes_memory_usage() in MB: 2502.82
c o max_cache_size_bytes in MB: 2500.00
c o free entries before: 652051
c o max descendants: 18 avg descendants: 0.18
c o max siblings: 19 avg siblings: 0.01
c o free entries after:  5303185 avg len: 0.01
c o deletion done. T: 0.24
c o [mem] consolidate  old-sz: 4476K new-sz: 1000K new bits offs: 17 T: 0.00
c o [rdb] cls before: 23054 after: 12099 low lbd: 512 lbd cutoff: 2 target computed: 8000 cannot be del : 34 used: 11586 rdb: 964
c o [rdb] cls before: 23258 after: 13905 low lbd: 513 lbd cutoff: 2 target computed: 8000 cannot be del : 14 used: 13391 rdb: 967
c o [mem] consolidate  old-sz: 4420K new-sz: 1120K new bits offs: 18 T: 0.00
c o [rdb] cls before: 24148 after: 12262 low lbd: 514 lbd cutoff: 2 target computed: 4000 cannot be del : 40 used: 11747 rdb: 970
c o [mem] consolidate  old-sz: 3666K new-sz:  970K new bits offs: 17 T: 0.00
c o [rdb] cls before: 23522 after: 13275 low lbd: 514 lbd cutoff: 2 target computed: 8000 cannot be del : 23 used: 12760 rdb: 973
c o [mem] consolidate  old-sz: 4475K new-sz: 1044K new bits offs: 17 T: 0.00
c o [rdb] cls before: 23404 after: 13788 low lbd: 514 lbd cutoff: 2 target computed: 8000 cannot be del : 26 used: 13271 rdb: 976
c o [mem] consolidate  old-sz: 4484K new-sz: 1030K new bits offs: 17 T: 0.00
c o [rdb] cls before: 23636 after: 12861 low lbd: 514 lbd cutoff: 2 target computed: 4000 cannot be del : 42 used: 12346 rdb: 979
c o [rdb] cls before: 23694 after: 14064 low lbd: 518 lbd cutoff: 2 target computed: 4000 cannot be del : 27 used: 13542 rdb: 982
c o [mem] consolidate  old-sz: 4479K new-sz: 1167K new bits offs: 18 T: 0.00
c o [rdb] cls before: 23578 after: 13689 low lbd: 518 lbd cutoff: 2 target computed: 8000 cannot be del : 52 used: 13166 rdb: 985
c o [mem] consolidate  old-sz: 3842K new-sz: 1167K new bits offs: 18 T: 0.00
c o total time so far: 2907.59
c o decisions K                    288754    -- Kdec/s:     100.28   
c o conflicts                      9863407      -- confl/s:    3425.43  
c o rem lits triedK/rem lits remK  200       9         
c o shrink tried/useful%/lits rem  9863407   51.7749   11512738  
c o avg clsz/rem lits avg/finalavg 19.3415   17.5686   17.5676  
c o rdbs/low lbd/rem               986   518    9889360
c o looks/look-computes            0/0
c o sat call/sat/unsat/confl/rst  2782  2520  262   696   0     
c o buddy called /unsat ratio           0     / 0.0000 
c o buddy avg num bin/long cls/vs  0.0000 / 0.0000 / 0.0000
c o buddy max num bin/long cls/vs  0     / 0     / 0    
c o orig cubes/lit-r avg/exten avg 0     / 0.00  / 0.00 
c o cubes orig/symm/final          0     / 0     / 0    
c o cubes resolved/flp-removed     0     / 0    
c o tot restarts                   0    
c o comp sortsK/avg sz             288358 / 1.00225965
c o comps recordK/non-reset ratio  910722 / 0.70
c o vivif: try/cls/clviv/litsravg  328       317515    12700     0.89      
c o toplev subs runs/bins/long-cls 0         0         0         0         0         
c o toplevel probes/fail/bprop     0         0         0         
c o Mem used                       0.00 GB
c o cache pollutions call/removed  21118194/72246156
c o cache entries K                8809
c o MB cache                       2393.060
c o cache K (lookup/ stores/ hits/ dels) 840879 289010 551869 207954  -- Klookup/s:  292.03   
c o cache miss rate                0.344
c o avg hit/store num vars 21.920 / 61.105
c o 
c o [rdb] cls before: 24415 after: 12265 low lbd: 518 lbd cutoff: 2 target computed: 8000 cannot be del : 11 used: 11746 rdb: 988
c o [mem] consolidate  old-sz: 3752K new-sz:  988K new bits offs: 17 T: 0.00
c o [rdb] cls before: 24059 after: 13298 low lbd: 520 lbd cutoff: 2 target computed: 8000 cannot be del : 25 used: 12777 rdb: 991
c o Cache full. Deleting some entries.
c o deletable:           9305009
c o Deleting entries. Num entries: 9954347
c o cache_bytes_memory_usage() in MB: 2502.68
c o max_cache_size_bytes in MB: 2500.00
c o free entries before: 649301
c o max descendants: 18 avg descendants: 0.16
c o max siblings: 18 avg siblings: 0.01
c o free entries after:  5301807 avg len: 0.01
c o deletion done. T: 0.24
c o [mem] consolidate  old-sz: 4416K new-sz: 1072K new bits offs: 18 T: 0.00
c o [rdb] cls before: 25233 after: 15220 low lbd: 520 lbd cutoff: 2 target computed: 4000 cannot be del : 17 used: 14699 rdb: 994
c o [mem] consolidate  old-sz: 3647K new-sz: 1023K new bits offs: 17 T: 0.00
c o [rdb] cls before: 24160 after: 13787 low lbd: 522 lbd cutoff: 2 target computed: 15000 cannot be del : 12 used: 12931 rdb: 997
c o [mem] consolidate  old-sz: 4547K new-sz:  972K new bits offs: 17 T: 0.00
c o [rdb] cls before: 21665 after: 13300 low lbd: 522 lbd cutoff: 2 target computed: 8000 cannot be del : 12 used: 12777 rdb: 1000
c o [rdb] cls before: 23783 after: 14767 low lbd: 522 lbd cutoff: 2 target computed: 8000 cannot be del : 19 used: 14242 rdb: 1003
c o [mem] consolidate  old-sz: 4346K new-sz: 1156K new bits offs: 18 T: 0.00
c o [rdb] cls before: 24925 after: 14126 low lbd: 522 lbd cutoff: 2 target computed: 8000 cannot be del : 32 used: 13603 rdb: 1006
c o [mem] consolidate  old-sz: 3689K new-sz: 1116K new bits offs: 18 T: 0.00
c o [rdb] cls before: 23753 after: 16322 low lbd: 528 lbd cutoff: 2 target computed: 15000 cannot be del : 37 used: 15431 rdb: 1009
c o [mem] consolidate  old-sz: 4563K new-sz: 1168K new bits offs: 18 T: 0.00
c o [rdb] cls before: 25073 after: 15307 low lbd: 529 lbd cutoff: 2 target computed: 15000 cannot be del : 8 used: 14569 rdb: 1012
c o [mem] consolidate  old-sz: 3750K new-sz: 1117K new bits offs: 18 T: 0.00
c o [rdb] cls before: 23585 after: 14563 low lbd: 531 lbd cutoff: 2 target computed: 8000 cannot be del : 36 used: 14032 rdb: 1015
c o [mem] consolidate  old-sz: 4484K new-sz:  982K new bits offs: 17 T: 0.00
c o [rdb] cls before: 22609 after: 13609 low lbd: 531 lbd cutoff: 2 target computed: 8000 cannot be del : 13 used: 13078 rdb: 1018
c o [rdb] cls before: 25014 after: 13980 low lbd: 532 lbd cutoff: 2 target computed: 8000 cannot be del : 7 used: 13448 rdb: 1021
c o [mem] consolidate  old-sz: 4350K new-sz: 1100K new bits offs: 18 T: 0.00
c o [rdb] cls before: 22997 after: 13292 low lbd: 533 lbd cutoff: 2 target computed: 8000 cannot be del : 30 used: 12758 rdb: 1024
c o [mem] consolidate  old-sz: 3648K new-sz: 1112K new bits offs: 18 T: 0.00
c o total time so far: 2987.41
c o decisions K                    295571    -- Kdec/s:     99.88    
c o conflicts                      10264159     -- confl/s:    3468.47  
c o rem lits triedK/rem lits remK  200       9         
c o shrink tried/useful%/lits rem  10264159  51.8447   11972008  
c o avg clsz/rem lits avg/finalavg 19.3349   17.5618   17.5608  
c o rdbs/low lbd/rem               1026  533    10289477
c o looks/look-computes            0/0
c o sat call/sat/unsat/confl/rst  2882  2618  264   708   0     
c o buddy called /unsat ratio           0     / 0.0000 
c o buddy avg num bin/long cls/vs  0.0000 / 0.0000 / 0.0000
c o buddy max num bin/long cls/vs  0     / 0     / 0    
c o orig cubes/lit-r avg/exten avg 0     / 0.00  / 0.00 
c o cubes orig/symm/final          0     / 0     / 0    
c o cubes resolved/flp-removed     0     / 0    
c o tot restarts                   0    
c o comp sortsK/avg sz             295160 / 1.00229442
c o comps recordK/non-reset ratio  932270 / 0.70
c o vivif: try/cls/clviv/litsravg  342       332428    13214     0.89      
c o toplev subs runs/bins/long-cls 0         0         0         0         0         
c o toplevel probes/fail/bprop     0         0         0         
c o Mem used                       0.00 GB
c o cache pollutions call/removed  21994137/74465829
c o cache entries K                8765
c o MB cache                       2412.002
c o cache K (lookup/ stores/ hits/ dels) 860879 295838 565041 212606  -- Klookup/s:  290.91   
c o cache miss rate                0.344
c o avg hit/store num vars 21.999 / 61.380
c o 
c o [rdb] cls before: 23009 after: 13830 low lbd: 534 lbd cutoff: 2 target computed: 15000 cannot be del : 5 used: 13037 rdb: 1027
c o [mem] consolidate  old-sz: 4532K new-sz: 1106K new bits offs: 18 T: 0.00
c o [rdb] cls before: 23624 after: 13812 low lbd: 535 lbd cutoff: 2 target computed: 8000 cannot be del : 27 used: 13277 rdb: 1030
c o [mem] consolidate  old-sz: 4576K new-sz: 1143K new bits offs: 18 T: 0.00
c o Cache full. Deleting some entries.
c o deletable:           9137827
c o Deleting entries. Num entries: 9954347
c o cache_bytes_memory_usage() in MB: 2511.61
c o max_cache_size_bytes in MB: 2500.00
c o free entries before: 816490
c o max descendants: 30 avg descendants: 0.21
c o max siblings: 46 avg siblings: 0.01
c o free entries after:  5385409 avg len: 0.01
c o deletion done. T: 0.24
c o [rdb] cls before: 23913 after: 13785 low lbd: 536 lbd cutoff: 2 target computed: 8000 cannot be del : 24 used: 13249 rdb: 1033
c o [mem] consolidate  old-sz: 3673K new-sz: 1064K new bits offs: 18 T: 0.00
c o [rdb] cls before: 23726 after: 14407 low lbd: 536 lbd cutoff: 2 target computed: 15000 cannot be del : 22 used: 13676 rdb: 1036
c o [rdb] cls before: 24821 after: 12328 low lbd: 537 lbd cutoff: 2 target computed: 8000 cannot be del : 36 used: 11790 rdb: 1039
c o [mem] consolidate  old-sz: 4553K new-sz:  983K new bits offs: 17 T: 0.00
c o [rdb] cls before: 24402 after: 13829 low lbd: 537 lbd cutoff: 2 target computed: 8000 cannot be del : 30 used: 13291 rdb: 1042
c o [mem] consolidate  old-sz: 4316K new-sz: 1072K new bits offs: 18 T: 0.00
c o [rdb] cls before: 24170 after: 14047 low lbd: 537 lbd cutoff: 2 target computed: 8000 cannot be del : 23 used: 13507 rdb: 1045
c o [mem] consolidate  old-sz: 4366K new-sz: 1114K new bits offs: 18 T: 0.00
c o [rdb] cls before: 24514 after: 13829 low lbd: 539 lbd cutoff: 2 target computed: 8000 cannot be del : 11 used: 13289 rdb: 1048
c o [mem] consolidate  old-sz: 3605K new-sz: 1118K new bits offs: 18 T: 0.00
c o [rdb] cls before: 24443 after: 14253 low lbd: 540 lbd cutoff: 2 target computed: 8000 cannot be del : 29 used: 13712 rdb: 1051
c o [mem] consolidate  old-sz: 3675K new-sz: 1148K new bits offs: 18 T: 0.00
c o [rdb] cls before: 24094 after: 13500 low lbd: 543 lbd cutoff: 2 target computed: 8000 cannot be del : 6 used: 12956 rdb: 1054
c o [mem] consolidate  old-sz: 3626K new-sz: 1015K new bits offs: 17 T: 0.00
c o [rdb] cls before: 23044 after: 14064 low lbd: 544 lbd cutoff: 2 target computed: 15000 cannot be del : 32 used: 13446 rdb: 1057
c o [rst-cube] Num restarts: 0 orig cubes this rst: 1 final cubes this rst: 1 total orig cubes: 1 total final cubes: 1
c o total time so far: 3040.45
c o decisions K                    298931    -- Kdec/s:     99.24    
c o conflicts                      10592841     -- confl/s:    3516.51  
c o rem lits triedK/rem lits remK  200       9         
c o shrink tried/useful%/lits rem  10592841  52.0563   12402579  
c o avg clsz/rem lits avg/finalavg 19.3278   17.5479   17.5469  
c o rdbs/low lbd/rem               1059  545    10616357
c o looks/look-computes            0/0
c o sat call/sat/unsat/confl/rst  2968  2700  268   720   0     
c o buddy called /unsat ratio           0     / 0.0000 
c o buddy avg num bin/long cls/vs  0.0000 / 0.0000 / 0.0000
c o buddy max num bin/long cls/vs  0     / 0     / 0    
c o orig cubes/lit-r avg/exten avg 1     / 0.00  / 0.00 
c o cubes orig/symm/final          1     / 0     / 1    
c o cubes resolved/flp-removed     0     / 0    
c o tot restarts                   0    
c o comp sortsK/avg sz             298508 / 1.00233715
c o comps recordK/non-reset ratio  943287 / 0.70
c o vivif: try/cls/clviv/litsravg  352       342219    13608     0.88      
c o toplev subs runs/bins/long-cls 0         0         0         0         0         
c o toplevel probes/fail/bprop     0         0         0         
c o Mem used                       0.00 GB
c o cache pollutions call/removed  22725162/75455040
c o cache entries K                6575
c o MB cache                       2053.257
c o cache K (lookup/ stores/ hits/ dels) 871055 299205 571849 217175  -- Klookup/s:  289.16   
c o cache miss rate                0.343
c o avg hit/store num vars 22.129 / 61.821
c o 
c o intermediate count: 2337406655942795198464
c o Total time [Arjun+GANAK]: 3040.70
s SATISFIABLE
c s type mc
c s log10-estimate 2.13687343e+01
c s exact arb int 2337406655942795198464
c s pac guarantees epsilon: 0 delta: 0
