c o Ganak SHA1: 70de63c2638b19d63bc8d68a494993bb70f274a8
c o Arjun SHA1: 70de63c2638b19d63bc8d68a494993bb70f274a8
c o SBVA SHA1: 70de63c2638b19d63bc8d68a494993bb70f274a8
c o CMS SHA1: 70de63c2638b19d63bc8d68a494993bb70f274a8
c o ApproxMC SHA1: GIT-hash-notfound
c o Using ideas by JM Lagniez, and Pierre Marquis
c o     from paper: Improving Model Counting [..] IJCAI 2016
c o Using VMTF, picosat, CaDiCaL, and CadiBack code by Armin Biere
c o CMS is MIT licensed
c o Using code from 'When Boolean Satisfiability Meets Gauss-E. in a Simplex Way'
c o       by C.-S. Han and J.-H. Roland Jiang in CAV 2012. Fixes by M. Soos
c o Using CCAnr from 'CCAnr: A Conf. Checking Based Local Search Solver [...]'
c o       by Shaowei Cai, Chuan Luo, and Kaile Su, SAT 2015
c o Using Oracle code from 'Integrating Tree Decompositions [...]'
c o       by Tuukka Korhonen and Matti Jarvisalo, CP 2021
c o Using Graph library by Tuukka Korhonen and Matti Jarvisalo
c o Using Flowcutter by Ben Strasser
c o Ganak compilation env CMAKE_CXX_COMPILER = /usr/bin/c++ | CMAKE_CXX_FLAGS =  -fno-stack-protector -msse4.2 -Wnull-dereference -Wdouble-promotion -Wshadow -Wformat=2 -Wextra-semi -pedantic | COMPILE_DEFINES =  -DNDEBUG -D_FORTIFY_SOURCE=0 | BUILD_SHARED_LIBS = OFF | ZLIB_FOUND = FALSE | ENABLE_ASSERTIONS = OFF | 
c o called with: /Users/konstantin.kutzkov/Desktop/Code/COCOA/ganak-canonical/build/ganak --prob 0 --maxcache 26000 --verb 1 /Users/konstantin.kutzkov/Desktop/Code/SharpSAT/temp_cnf/mc2025_public/mc2025_track1_089.cnf
c o CNF projection set size: 480
c o --> Executing strategy token: clean-cls
c o --> Executing strategy token: must-scc-vrepl
c o [scc] new: 0 BP 0M T: 0.00
c o [vrep] vars 0 lits 0 rem-bin-cls 0 rem-long-cls 0 BP 0M T: 0.00
c o [consolidate] mini T: 0.00
c o global_timeout_multiplier: 2.5
c o [branch] rebuilding order heap for all branchings. Current branching: vsids
c o [0m[arjun-simp] probing all sampling variables[0m
c o --> Executing strategy token: must-scc-vrepl
c o [scc] new: 0 BP 0M T: 0.00
c o [vrep] vars 0 lits 0 rem-bin-cls 0 rem-long-cls 0 BP 0M T: 0.00
c o [consolidate] mini T: 0.00
c o global_timeout_multiplier: 2.5
c o [branch] rebuilding order heap for all branchings. Current branching: vsids
c o [0m[arjun-simp] Removed set       : 0 new size: 480[0m
c o [0m[arjun-simp] Removed eq lits: 0 new size: 480[0m
c o [0m[arjun-simp] probe removed: 0 perc: 0.00 T: 0.00[0m
c o [0m[arjun-simp] Removed eq lits: 0 new size: 480[0m
c o [0m[arjun-simp] Removed set       : 0 new size: 480[0m
c o [0m[arjun-simp] get-empties removed: 0 perc: 0.00 total empties now: 0 T: 0.00[0m
c o [0m[arjun-simp] CMS::simplify() with no BVE, intree probe...[0m
c o --> Executing strategy token: str-impl
c [impl-str] lit bin: 0 set-var: 0 T: 0.00 T-out: N T-r: 100.00% w-visit: 960
c o --> Executing strategy token: intree-probe
c o [scc] new: 0 BP 0M T: 0.00
c o [vrep] vars 0 lits 0 rem-bin-cls 0 rem-long-cls 0 BP 0M T: 0.00
c o [intree] Set 0 vars hyper-added: 0 trans-irred: 0 trans-red: 0 T: 0.00 T-out: N T-r: -0.00%
c o Executing OCC strategy token(s): 'occ-ternary-res,occ-backw-sub,
c o [occ] mem usage for occur      0 MB
c o [occ] Linked in IRRED BIN by default: 240
c o [occ] Linked in RED   BIN by default: 0
c o [occ] mem usage for occur      0 MB
c o Mem for watch alloc    : 0           MB (0.00      %)
c o Mem for watch array    : 0           MB (0.00      %)
c o Executing OCC strategy token: occ-ternary-res
c o [occ-ternary-res] Ternary res-tri: 0 res-bin: 0 sub: 0 str: 0 T: 0.00 T-out: N T-r: 99.99%
c o Executing OCC strategy token: occ-backw-sub
c o [occ-backw-sub-long-w-long] rem cl: 12 tried: 1800/1800 (100.0%) T: 0.00 T-out: N T-r: 99.93%
c o --> Executing strategy token: distill-litrem
c [distill-litrem] useful: 1783/5799/1788 lits-rem: 1783 0-depth-assigns: 0 T: 0.00 T-out: N
c o --> Executing strategy token: must-distill-cls
c o [distill-long-irred] cls tried: 1170/1170 T: 0.00 T-out: N T-r: 99.79%
c o [distill-long-irred] cls tried: 627/627 T: 0.00 T-out: N T-r: 99.90%
c o --> Executing strategy token: distill-bins
c o [distill-bin] useful: 19/1418/1418 lits-rem: 0 cl-rem: 19 0-depth-assigns: 0 T: 0.00 T-out: N
c o --> Executing strategy token: oracle-vivif-veryfast
c o --> Executing strategy token: must-renumber
c o [oracle-bin] potential pairs: 2624 T: 0.0
c o --> Executing strategy token: must-scc-vrepl
c o [scc] new: 0 BP 0M T: 0.00
c o [vrep] vars 0 lits 0 rem-bin-cls 0 rem-long-cls 0 BP 0M T: 0.00
c o [oracle-vivif] lits-rem: 0 learnt-units: 0 T-out: Y T-remain: 44.3% T: 2.50
c o [oracle-bin] bin-added: 4 equiv-added: 0 T-out: Y T-remain: 99.19% T: 0.02
c o [oracle-vivif] cache usefulness: 40% total T: 2.53
c o [consolidate] mini T: 0.00
c o global_timeout_multiplier: 2.5000
c o [branch] rebuilding order heap for all branchings. Current branching: vsids
c o --> Executing strategy token: scc-vrepl
c o [scc] new: 0 BP 0M T: 0.00
c o [vrep] vars 0 lits 0 rem-bin-cls 0 rem-long-cls 0 BP 0M T: 0.00
c o --> Executing strategy token: sub-impl
c o [impl-sub] bin: 4 T: 0.00 T-out: N w-visit: 960
c o --> Executing strategy token: breakid
c o Executing OCC strategy token(s): 'occ-backw-sub-str,occ-clean-implicit,occ-bve,occ-bva,occ-ternary-res,occ-xor,
c o [occ] mem usage for occur      0 MB
c o [occ] Linked in IRRED BIN by default: 1399
c o [occ] Linked in RED   BIN by default: 0
c o [occ] mem usage for occur      0 MB
c o Mem for watch alloc    : 0           MB (0.00      %)
c o Mem for watch array    : 0           MB (0.00      %)
c o Executing OCC strategy token: occ-backw-sub-str
c o [occ-backw-sub-str-long-w-bins] subs: 0 str: 26 tried: 1399 0-depth ass: 0 T: 0.00 T-out: N T-r: 99.71%
c o [occ-backw-sub-long-w-long] rem cl: 0 tried: 610/610 (100.0%) T: 0.00 T-out: N T-r: 99.98%
c o [occ-backw-sub-str-long-w-long] sub: 0 str: 0 tried: 1830/610 (300.0)  T: 0.00 T-out: N T-r: 99.93%
c o [occ-backw-sub-str-w-added-long]  sub: 0 str: 0 0-depth ass: 0 T: 0.00 T-out: N T-r: 100.00%
c o Executing OCC strategy token: occ-clean-implicit
c o Executing OCC strategy token: occ-bve
c o Executing OCC strategy token: occ-bva
c o Executing OCC strategy token: occ-ternary-res
c o [occ-ternary-res] Ternary res-tri: 0 res-bin: 0 sub: 0 str: 0 T: 0.00 T-out: N T-r: 100.00%
c o Executing OCC strategy token: occ-xor
c o --> Executing strategy token: card-find
c o --> Executing strategy token: cl-consolidate
c o Not consolidating memory.
c o --> Executing strategy token: scc-vrepl
c o [scc] new: 0 BP 0M T: 0.00
c o [vrep] vars 0 lits 0 rem-bin-cls 0 rem-long-cls 0 BP 0M T: 0.00
c o --> Executing strategy token: renumber
c o --> Executing strategy token: louvain-comms
c o [consolidate] mini T: 0.00
c o global_timeout_multiplier: 2.5000
c o [branch] rebuilding order heap for all branchings. Current branching: vsids
c o [0m[arjun-simp] Removed set       : 0 new size: 480[0m
c o [0m[arjun-simp] CMS::simplify() with no BVE finished. T: 2.5326[0m
c o [0mWARNING: Turning off gates, because the sampling size is small, so we can just do it. Size: 480[0m
c o --> Executing strategy token: must-scc-vrepl
c o [scc] new: 0 BP 0M T: 0.00
c o [vrep] vars 0 lits 0 rem-bin-cls 0 rem-long-cls 0 BP 0M T: 0.00
c o --> Executing strategy token: clean-cls
c o --> Executing strategy token: sub-impl
c o [impl-sub] bin: 0 T: 0.00 T-out: N w-visit: 960
c o [consolidate] mini T: 0.00
c o global_timeout_multiplier: 2.5000
c o [branch] rebuilding order heap for all branchings. Current branching: vsids
c o [0m[arjun-simp] Removed eq lits: 0 new size: 480[0m
c o [0m[arjun-simp] Removed set       : 0 new size: 480[0m
c o [0m[arjun-simp] get-empties removed: 0 perc: 0.00 total empties now: 0 T: 0.00[0m
c o [0m[arjun-simp] probing all sampling variables[0m
c o [0m[arjun-simp] Removed set       : 0 new size: 480[0m
c o [0m[arjun-simp] Removed eq lits: 0 new size: 480[0m
c o [0m[arjun-simp] probe removed: 0 perc: 0.00 T: 0.00[0m
c o [0m[arjun-simp] Removed eq lits: 0 new size: 480[0m
c o [0m[arjun-simp] Removed set       : 0 new size: 480[0m
c o [0m[arjun-simp] get-empties removed: 0 perc: 0.00 total empties now: 0 T: 0.00[0m
c o [0m[arjun] simplification finished  removed: 0 perc: 0.00 T: 2.53[0m
c o [0m[arjun] Duplicating CNF...[0m
c o [0m[arjun] Duplicated CNF. T: 0.00[0m
c o [0m[arjun] CMS::simplify() with *only* BVE...[0m
c o Executing OCC strategy token(s): 'occ-bve,
c o [occ] mem usage for occur      0 MB
c o [occ] Linked in IRRED BIN by default: 1652
c o [occ] Linked in RED   BIN by default: 0
c o [occ] mem usage for occur      0 MB
c o Mem for watch alloc    : 0           MB (0.00      %)
c o Mem for watch array    : 0           MB (0.00      %)
c o Executing OCC strategy token: occ-bve
c o [occ-empty-res] Empty resolvent elimed: 0 T: 0.00 T-out: N
c o [occ-bve] iter v-elim 0
c o cl_inc_rate=1.00, var_dec_rate=1.00 (grow=0)
c o Reduced to 960 vars, 4049 cls (grow=0)
c o [occ-bve] iter v-elim 0
c o cl_inc_rate=1.00, var_dec_rate=1.00 (grow=3)
c o Reduced to 960 vars, 4049 cls (grow=3)
c o [occ-bve] iter v-elim 0
c o cl_inc_rate=1.00, var_dec_rate=1.00 (grow=4)
c o Reduced to 960 vars, 4049 cls (grow=4)
c o [occ-bve] iter v-elim 0
c o cl_inc_rate=1.00, var_dec_rate=1.00 (grow=6)
c o Reduced to 960 vars, 4049 cls (grow=6)
c o [occ-bve] iter v-elim 0
c o cl_inc_rate=1.00, var_dec_rate=1.00 (grow=9)
c o Reduced to 960 vars, 4049 cls (grow=9)
c o [occ-bve] iter v-elim 0
c o cl_inc_rate=1.00, var_dec_rate=1.00 (grow=13)
c o Reduced to 960 vars, 4049 cls (grow=13)
c o [occ-bve] iter v-elim 0
c o cl_inc_rate=1.00, var_dec_rate=1.00 (grow=16)
c o Reduced to 960 vars, 4049 cls (grow=16)
c o x n vars       : 960
c o #try to eliminate:     0
c o #var-elim        :     0
c o #T-o: N
c o #T-r: 100.00%
c o #T  : 0.00
c o [occur] 0.00 is overhead
c o [occur] link-in T: 0.00 cleanup T: 0.00
c o [occ-xor-bve] elimed: 0 T: 0.00 T-out: N
c o [consolidate] mini T: 0.00
c o global_timeout_multiplier: 2.5000
c o [branch] rebuilding order heap for all branchings. Current branching: vsids
c o [0m[arjun] CMS::simplify() with *only* BVE finished. T: 0.0003[0m
c o [0m[arjun] Adding fixed clauses time: 0.0001[0m
c o [0m[backward FAST] Start unknown size: 480[0m
c o [0m[31m[arjun] backward round finished. U:  I: 460 T: 123.97[0m
c o [0m[arjun] run_minimize_indep finished T: 126.51[0m
c o --> Executing strategy token: must-scc-vrepl
c o [scc] new: 0 BP 0M T: 0.00
c o [vrep] vars 0 lits 0 rem-bin-cls 0 rem-long-cls 0 BP 0M T: 0.00
c o --> Executing strategy token: full-probe
c o [full-probe]  bin_only: 0 set: 0 repl: 0 T: 0.00 T-out: N T-r: 99.95%
c o --> Executing strategy token: sub-impl
c o [impl-sub] bin: 0 T: 0.00 T-out: N w-visit: 960
c o --> Executing strategy token: sub-cls-with-bin
c o [distill] watch-based irred--  cl tried     1800 cl-sh     0 cl-rem    0 lit-rem      0 T: 0.00 T-out: N
c o [distill] watch-based   red--  cl tried        0 cl-sh     0 cl-rem    0 lit-rem      0 T: 0.00 T-out: N
c o --> Executing strategy token: distill-cls-onlyrem
c o [distill-long-irred] cls tried: 1800/1800 T: 0.00 T-out: N T-r: 99.99%
c o Executing OCC strategy token(s): 'occ-backw-sub,occ-resolv-subs,occ-rem-with-orgates,occ-ternary-res,
c o [occ] mem usage for occur      0 MB
c o [occ] Linked in IRRED BIN by default: 240
c o [occ] Linked in RED   BIN by default: 0
c o Mem for watch alloc    : 0           MB (0.00      %)
c o Mem for watch array    : 0           MB (0.00      %)
c o Executing OCC strategy token: occ-backw-sub
c o [occ-backw-sub-long-w-long] rem cl: 6 tried: 1794/1794 (100.0%) T: 0.00 T-out: N T-r: 99.94%
c o Executing OCC strategy token: occ-resolv-subs
c o [occ-resolv-subs] removed: 0 checked: 11856 T: 0.0
c o Executing OCC strategy token: occ-rem-with-orgates
c o [occ-gates] found:     0 avg-s: 0.0 T: 0.00 T-out: N T-r: 99.95%
c o [occ-gate-based-lit-rem] lit-rem: 0 cl-rem: 0 T: 0.00 T-out: N
c o Executing OCC strategy token: occ-ternary-res
c o [occ-ternary-res] Ternary res-tri: 0 res-bin: 0 sub: 0 str: 0 T: 0.00 T-out: N T-r: 99.99%
c o --> Executing strategy token: must-scc-vrepl
c o [scc] new: 0 BP 0M T: 0.00
c o [vrep] vars 0 lits 0 rem-bin-cls 0 rem-long-cls 0 BP 0M T: 0.00
c o Executing OCC strategy token(s): 'occ-bve,
c o [occ] mem usage for occur      0 MB
c o [occ] Linked in IRRED BIN by default: 240
c o [occ] Linked in RED   BIN by default: 0
c o Mem for watch alloc    : 0           MB (0.00      %)
c o Mem for watch array    : 0           MB (0.00      %)
c o Executing OCC strategy token: occ-bve
c o [occ-empty-res] Empty resolvent elimed: 0 T: 0.00 T-out: N
c o [occ-bve] iter v-elim 0
c o cl_inc_rate=1.00, var_dec_rate=1.00 (grow=0)
c o Reduced to 480 vars, 2028 cls (grow=0)
c o x n vars       : 480
c o #try to eliminate:    20
c o #var-elim        :     0
c o #T-o: N
c o #T-r: 100.00%
c o #T  : 0.00
c o [occur] 0.00 is overhead
c o [occur] link-in T: 0.00 cleanup T: 0.00
c o [occ-xor-bve] elimed: 0 T: 0.00 T-out: N
c o --> Executing strategy token: sub-impl
c o [impl-sub] bin: 0 T: 0.00 T-out: N w-visit: 960
c o --> Executing strategy token: distill-cls-onlyrem
c o [distill-long-irred] cls tried: 1788/1788 T: 0.00 T-out: N T-r: 99.99%
c o --> Executing strategy token: intree-probe
c o [scc] new: 0 BP 0M T: 0.00
c o [vrep] vars 0 lits 0 rem-bin-cls 0 rem-long-cls 0 BP 0M T: 0.00
c o [intree] Set 0 vars hyper-added: 0 trans-irred: 0 trans-red: 0 T: 0.00 T-out: N T-r: -0.01%
c o Executing OCC strategy token(s): 'occ-backw-sub-str,
c o [occ] mem usage for occur      0 MB
c o [occ] Linked in IRRED BIN by default: 240
c o [occ] Linked in RED   BIN by default: 0
c o Mem for watch alloc    : 0           MB (0.00      %)
c o Mem for watch array    : 0           MB (0.00      %)
c o Executing OCC strategy token: occ-backw-sub-str
c o [occ-backw-sub-str-long-w-bins] subs: 0 str: 2384 tried: 634 0-depth ass: 0 T: 0.00 T-out: N T-r: 99.80%
c o [occ-backw-sub-long-w-long] rem cl: 0 tried: 1788/1788 (100.0%) T: 0.00 T-out: N T-r: 99.99%
c o [occ-backw-sub-str-long-w-long] sub: 0 str: 0 tried: 5364/1788 (300.0)  T: 0.00 T-out: N T-r: 99.93%
c o [occ-backw-sub-str-w-added-long]  sub: 0 str: 0 0-depth ass: 0 T: 0.00 T-out: N T-r: 100.00%
c o --> Executing strategy token: sub-str-cls-with-bin
c o [distill] watch-based irred--  cl tried     1192 cl-sh     0 cl-rem    0 lit-rem      0 T: 0.00 T-out: N
c o [distill] watch-based   red--  cl tried        0 cl-sh     0 cl-rem    0 lit-rem      0 T: 0.00 T-out: N
c o --> Executing strategy token: clean-cls
c o --> Executing strategy token: distill-cls
c o [distill-long-irred] cls tried: 596/596 T: 0.00 T-out: N T-r: 100.00%
c o [distill-long-irred] cls tried: 596/596 T: 0.00 T-out: N T-r: 100.00%
c o --> Executing strategy token: distill-bins
c o [distill-bin] useful: 21/1432/1432 lits-rem: 0 cl-rem: 21 0-depth-assigns: 0 T: 0.00 T-out: N
c o [consolidate] mini T: 0.00
c o global_timeout_multiplier: 3.3000
c o [branch] rebuilding order heap for all branchings. Current branching: vsids
c o --> Executing strategy token: must-scc-vrepl
c o [scc] new: 0 BP 0M T: 0.00
c o [vrep] vars 0 lits 0 rem-bin-cls 0 rem-long-cls 0 BP 0M T: 0.00
c o --> Executing strategy token: full-probe
c o [full-probe]  bin_only: 0 set: 0 repl: 0 T: 0.00 T-out: N T-r: 99.92%
c o --> Executing strategy token: sub-impl
c o [impl-sub] bin: 0 T: 0.00 T-out: N w-visit: 960
c o --> Executing strategy token: sub-cls-with-bin
c o [distill] watch-based irred--  cl tried      596 cl-sh     0 cl-rem    0 lit-rem      0 T: 0.00 T-out: N
c o [distill] watch-based   red--  cl tried        0 cl-sh     0 cl-rem    0 lit-rem      0 T: 0.00 T-out: N
c o --> Executing strategy token: distill-cls-onlyrem
c o [distill-long-irred] cls tried: 596/596 T: 0.00 T-out: N T-r: 100.00%
c o Executing OCC strategy token(s): 'occ-backw-sub,occ-resolv-subs,occ-rem-with-orgates,occ-ternary-res,
c o [occ] mem usage for occur      0 MB
c o [occ] Linked in IRRED BIN by default: 1411
c o [occ] Linked in RED   BIN by default: 0
c o Mem for watch alloc    : 0           MB (0.00      %)
c o Mem for watch array    : 0           MB (0.00      %)
c o Executing OCC strategy token: occ-backw-sub
c o [occ-backw-sub-long-w-long] rem cl: 0 tried: 596/596 (100.0%) T: 0.00 T-out: N T-r: 99.99%
c o Executing OCC strategy token: occ-resolv-subs
c o [occ-resolv-subs] removed: 0 checked: 9472 T: 0.0
c o Executing OCC strategy token: occ-rem-with-orgates
c o [occ-gates] found:     0 avg-s: 0.0 T: 0.00 T-out: N T-r: 99.96%
c o [occ-gate-based-lit-rem] lit-rem: 0 cl-rem: 0 T: 0.00 T-out: N
c o Executing OCC strategy token: occ-ternary-res
c o [occ-ternary-res] Ternary res-tri: 0 res-bin: 0 sub: 0 str: 0 T: 0.00 T-out: N T-r: 100.00%
c o --> Executing strategy token: must-scc-vrepl
c o [scc] new: 0 BP 0M T: 0.00
c o [vrep] vars 0 lits 0 rem-bin-cls 0 rem-long-cls 0 BP 0M T: 0.00
c o Executing OCC strategy token(s): 'occ-bve,
c o [occ] mem usage for occur      0 MB
c o [occ] Linked in IRRED BIN by default: 1411
c o [occ] Linked in RED   BIN by default: 0
c o Mem for watch alloc    : 0           MB (0.00      %)
c o Mem for watch array    : 0           MB (0.00      %)
c o Executing OCC strategy token: occ-bve
c o [occ-empty-res] Empty resolvent elimed: 0 T: 0.00 T-out: N
c o [occ-bve] iter v-elim 0
c o cl_inc_rate=1.00, var_dec_rate=1.00 (grow=0)
c o Reduced to 480 vars, 2007 cls (grow=0)
c o x n vars       : 480
c o #try to eliminate:    20
c o #var-elim        :     0
c o #T-o: N
c o #T-r: 100.00%
c o #T  : 0.00
c o [occur] 0.00 is overhead
c o [occur] link-in T: 0.00 cleanup T: 0.00
c o [occ-xor-bve] elimed: 0 T: 0.00 T-out: N
c o --> Executing strategy token: sub-impl
c o [impl-sub] bin: 0 T: 0.00 T-out: N w-visit: 960
c o --> Executing strategy token: distill-cls-onlyrem
c o [distill-long-irred] cls tried: 596/596 T: 0.00 T-out: N T-r: 100.00%
c o --> Executing strategy token: intree-probe
c o [scc] new: 0 BP 0M T: 0.00
c o [vrep] vars 0 lits 0 rem-bin-cls 0 rem-long-cls 0 BP 0M T: 0.00
c o [intree] Set 0 vars hyper-added: 0 trans-irred: 0 trans-red: 0 T: 0.00 T-out: N T-r: -0.01%
c o Executing OCC strategy token(s): 'occ-backw-sub-str,
c o [occ] mem usage for occur      0 MB
c o [occ] Linked in IRRED BIN by default: 1411
c o [occ] Linked in RED   BIN by default: 0
c o Mem for watch alloc    : 0           MB (0.00      %)
c o Mem for watch array    : 0           MB (0.00      %)
c o Executing OCC strategy token: occ-backw-sub-str
c o [occ-backw-sub-str-long-w-bins] subs: 0 str: 0 tried: 2045 0-depth ass: 0 T: 0.00 T-out: N T-r: 99.76%
c o [occ-backw-sub-long-w-long] rem cl: 0 tried: 596/596 (100.0%) T: 0.00 T-out: N T-r: 99.99%
c o [occ-backw-sub-str-long-w-long] sub: 0 str: 0 tried: 1788/596 (300.0)  T: 0.00 T-out: N T-r: 99.94%
c o --> Executing strategy token: sub-str-cls-with-bin
c o [distill] watch-based irred--  cl tried     1192 cl-sh     0 cl-rem    0 lit-rem      0 T: 0.00 T-out: N
c o [distill] watch-based   red--  cl tried        0 cl-sh     0 cl-rem    0 lit-rem      0 T: 0.00 T-out: N
c o --> Executing strategy token: clean-cls
c o --> Executing strategy token: distill-cls
c o [distill-long-irred] cls tried: 596/596 T: 0.00 T-out: N T-r: 100.00%
c o [distill-long-irred] cls tried: 596/596 T: 0.00 T-out: N T-r: 100.00%
c o --> Executing strategy token: distill-bins
c o [distill-bin] useful: 0/1411/1411 lits-rem: 0 cl-rem: 0 0-depth-assigns: 0 T: 0.00 T-out: N
c o [consolidate] mini T: 0.00
c o global_timeout_multiplier: 3.3000
c o [branch] rebuilding order heap for all branchings. Current branching: vsids
c o [backbone-simpl] ccnr sols: 4 drop_cands: 409 T: 1.82
c o [backbone-simpl] cadiback called with -- lits: 5206 num cls: 2007 num vars: 480
c o [backbone-simpl] res: 10 num units added: 0 num eq added: 0 num bins: 20 T: 7.54
c o --> Executing strategy token: must-scc-vrepl
c o [scc] new: 0 BP 0M T: 0.00
c o [vrep] vars 0 lits 0 rem-bin-cls 0 rem-long-cls 0 BP 0M T: 0.00
c o --> Executing strategy token: must-renumber
c o [renumber] T: 0.00
c o [consolidate] mini T: 0.00
c o global_timeout_multiplier: 3.3000
c o [branch] rebuilding order heap for all branchings. Current branching: vsids
c o --> Executing strategy token: oracle-vivif-sparsify
c o --> Executing strategy token: must-renumber
c o [renumber] T: 0.00
c o [oracle-bin] potential pairs: 2624 T: 0.0002
c o --> Executing strategy token: must-scc-vrepl
c o [scc] new: 0 BP 0M T: 0.00
c o [vrep] vars 0 lits 0 rem-bin-cls 0 rem-long-cls 0 BP 0M T: 0.00
c o [oracle-vivif] lits-rem: 0 learnt-units: 0 T-out: N T-remain: 48.5938% T: 16.80
c o [oracle-bin] bin-added: 635 equiv-added: 0 T-out: Y T-remain: 98.97% T: 0.03
c o [oracle-vivif] cache usefulness: 88% total T: 16.84
c o --> Executing strategy token: sub-impl
c o [impl-sub] bin: 650 T: 0.00 T-out: N w-visit: 960
c o Executing OCC strategy token(s): 'occ-backw-sub,
c o [occ] mem usage for occur      0 MB
c o [occ] Linked in IRRED BIN by default: 1411
c o [occ] Linked in RED   BIN by default: 21
c o Mem for watch alloc    : 0           MB (0.00      %)
c o Mem for watch array    : 0           MB (0.00      %)
c o Executing OCC strategy token: occ-backw-sub
c o [occ-backw-sub-long-w-long] rem cl: 0 tried: 25099/25099 (100.0%) T: 0.00 T-out: N T-r: 99.38%
c o --> Executing strategy token: must-renumber
c o [renumber] T: 0.00
c o [oracle-sparsify] removed: 0 of which bin: 0 tot considered: 2007 ccnr useful: 0 oracle uknown: 1 cache useful: 0% learnt-units: 0 T: 8.42 buildT: 0.00
c o [consolidate] mini T: 0.00
c o global_timeout_multiplier: 3.3000
c o [branch] rebuilding order heap for all branchings. Current branching: vsids
c o --> Executing strategy token: must-scc-vrepl
c o [scc] new: 0 BP 0M T: 0.00
c o [vrep] vars 0 lits 0 rem-bin-cls 0 rem-long-cls 0 BP 0M T: 0.00
c o --> Executing strategy token: full-probe
c o [full-probe]  bin_only: 0 set: 0 repl: 0 T: 0.00 T-out: N T-r: 97.51%
c o --> Executing strategy token: sub-impl
c o [impl-sub] bin: 0 T: 0.00 T-out: N w-visit: 960
c o --> Executing strategy token: sub-cls-with-bin
c o [distill] watch-based irred--  cl tried      596 cl-sh     0 cl-rem    0 lit-rem      0 T: 0.00 T-out: N
c o [distill] watch-based   red--  cl tried        0 cl-sh     0 cl-rem    0 lit-rem      0 T: 0.00 T-out: N
c o --> Executing strategy token: distill-cls-onlyrem
c o [distill-long-irred] cls tried: 596/596 T: 0.00 T-out: N T-r: 99.86%
c o Executing OCC strategy token(s): 'occ-backw-sub,occ-resolv-subs,occ-rem-with-orgates,occ-ternary-res,
c o [occ] mem usage for occur      0 MB
c o [occ] Linked in IRRED BIN by default: 1411
c o [occ] Linked in RED   BIN by default: 21
c o [occ] mem usage for occur      0 MB
c o Mem for watch alloc    : 0           MB (0.00      %)
c o Mem for watch array    : 0           MB (0.00      %)
c o Executing OCC strategy token: occ-backw-sub
c o [occ-backw-sub-long-w-long] rem cl: 0 tried: 25099/25099 (100.0%) T: 0.00 T-out: N T-r: 99.38%
c o Executing OCC strategy token: occ-resolv-subs
c o [occ-resolv-subs] removed: 0 checked: 9472 T: 0.0
c o Executing OCC strategy token: occ-rem-with-orgates
c o [occ-gates] found:     0 avg-s: 0.0 T: 0.00 T-out: N T-r: 99.96%
c o [occ-gate-based-lit-rem] lit-rem: 0 cl-rem: 0 T: 0.00 T-out: N
c o Executing OCC strategy token: occ-ternary-res
c o [occ-ternary-res] Ternary res-tri: 0 res-bin: 0 sub: 0 str: 0 T: 0.00 T-out: N T-r: 99.92%
c o --> Executing strategy token: must-scc-vrepl
c o [scc] new: 0 BP 0M T: 0.00
c o [vrep] vars 0 lits 0 rem-bin-cls 0 rem-long-cls 0 BP 0M T: 0.00
c o Executing OCC strategy token(s): 'occ-bve,
c o [occ] mem usage for occur      0 MB
c o [occ] Linked in IRRED BIN by default: 1411
c o [occ] Linked in RED   BIN by default: 21
c o [occ] mem usage for occur      0 MB
c o Mem for watch alloc    : 0           MB (0.00      %)
c o Mem for watch array    : 0           MB (0.00      %)
c o Executing OCC strategy token: occ-bve
c o [occ-empty-res] Empty resolvent elimed: 0 T: 0.00 T-out: N
c o [occ-bve] iter v-elim 0
c o cl_inc_rate=1.00, var_dec_rate=1.00 (grow=0)
c o Reduced to 480 vars, 2007 cls (grow=0)
c o [occ-bve] iter v-elim 0
c o cl_inc_rate=1.00, var_dec_rate=1.00 (grow=3)
c o Reduced to 480 vars, 2007 cls (grow=3)
c o [occ-bve] iter v-elim 0
c o cl_inc_rate=1.00, var_dec_rate=1.00 (grow=4)
c o Reduced to 480 vars, 2007 cls (grow=4)
c o [occ-bve] iter v-elim 0
c o cl_inc_rate=1.00, var_dec_rate=1.00 (grow=6)
c o Reduced to 480 vars, 2007 cls (grow=6)
c o x n vars       : 480
c o #try to eliminate:    80
c o #var-elim        :     0
c o #T-o: N
c o #T-r: 100.00%
c o #T  : 0.00
c o [occur] 0.00 is overhead
c o [occur] link-in T: 0.00 cleanup T: 0.00
c o [occ-xor-bve] elimed: 0 T: 0.00 T-out: N
c o --> Executing strategy token: sub-impl
c o [impl-sub] bin: 0 T: 0.00 T-out: N w-visit: 960
c o --> Executing strategy token: distill-cls-onlyrem
c o [distill-long-irred] cls tried: 596/596 T: 0.00 T-out: N T-r: 99.86%
c o --> Executing strategy token: intree-probe
c o [scc] new: 0 BP 0M T: 0.00
c o [vrep] vars 0 lits 0 rem-bin-cls 0 rem-long-cls 0 BP 0M T: 0.00
c o [intree] Set 0 vars hyper-added: 0 trans-irred: 0 trans-red: 0 T: 0.00 T-out: N T-r: 0.03%
c o Executing OCC strategy token(s): 'occ-backw-sub-str,
c o [occ] mem usage for occur      0 MB
c o [occ] Linked in IRRED BIN by default: 1411
c o [occ] Linked in RED   BIN by default: 21
c o [occ] mem usage for occur      0 MB
c o Mem for watch alloc    : 0           MB (0.00      %)
c o Mem for watch array    : 0           MB (0.00      %)
c o Executing OCC strategy token: occ-backw-sub-str
c o [occ-backw-sub-str-long-w-bins] subs: 0 str: 0 tried: 3477 0-depth ass: 0 T: 0.00 T-out: N T-r: 99.75%
c o [occ-backw-sub-long-w-long] rem cl: 0 tried: 25099/25099 (100.0%) T: 0.00 T-out: N T-r: 99.38%
c o [occ-backw-sub-str-long-w-long] sub: 0 str: 0 tried: 75297/25099 (300.0)  T: 0.00 T-out: N T-r: 96.96%
c o --> Executing strategy token: sub-str-cls-with-bin
c o [distill] watch-based irred--  cl tried     1192 cl-sh     0 cl-rem    0 lit-rem      0 T: 0.00 T-out: N
c o [distill] watch-based   red--  cl tried        0 cl-sh     0 cl-rem    0 lit-rem      0 T: 0.00 T-out: N
c o --> Executing strategy token: clean-cls
c o --> Executing strategy token: distill-cls
c o [distill-long-irred] cls tried: 596/596 T: 0.00 T-out: N T-r: 99.86%
c o [distill-long-irred] cls tried: 596/596 T: 0.00 T-out: N T-r: 99.82%
c o --> Executing strategy token: distill-bins
c o [distill-bin] useful: 0/1411/1411 lits-rem: 0 cl-rem: 0 0-depth-assigns: 0 T: 0.00 T-out: N
c o Executing OCC strategy token(s): 'occ-backw-sub,
c o [occ] mem usage for occur      0 MB
c o [occ] Linked in IRRED BIN by default: 1411
c o [occ] Linked in RED   BIN by default: 21
c o [occ] mem usage for occur      0 MB
c o Mem for watch alloc    : 0           MB (0.00      %)
c o Mem for watch array    : 0           MB (0.00      %)
c o Executing OCC strategy token: occ-backw-sub
c o [occ-backw-sub-long-w-long] rem cl: 0 tried: 25099/25099 (100.0%) T: 0.00 T-out: N T-r: 99.38%
c o [consolidate] mini T: 0.00
c o global_timeout_multiplier: 3.3000
c o [branch] rebuilding order heap for all branchings. Current branching: vsids
c o --> Executing strategy token: must-scc-vrepl
c o [scc] new: 0 BP 0M T: 0.00
c o [vrep] vars 0 lits 0 rem-bin-cls 0 rem-long-cls 0 BP 0M T: 0.00
c o --> Executing strategy token: full-probe
c o [full-probe]  bin_only: 0 set: 0 repl: 0 T: 0.00 T-out: N T-r: 97.60%
c o --> Executing strategy token: sub-impl
c o [impl-sub] bin: 0 T: 0.00 T-out: N w-visit: 960
c o --> Executing strategy token: sub-cls-with-bin
c o [distill] watch-based irred--  cl tried      596 cl-sh     0 cl-rem    0 lit-rem      0 T: 0.00 T-out: N
c o [distill] watch-based   red--  cl tried        0 cl-sh     0 cl-rem    0 lit-rem      0 T: 0.00 T-out: N
c o --> Executing strategy token: distill-cls-onlyrem
c o [distill-long-irred] cls tried: 596/596 T: 0.00 T-out: N T-r: 99.86%
c o Executing OCC strategy token(s): 'occ-backw-sub,occ-resolv-subs,occ-rem-with-orgates,occ-ternary-res,
c o [occ] mem usage for occur      0 MB
c o [occ] Linked in IRRED BIN by default: 1411
c o [occ] Linked in RED   BIN by default: 21
c o [occ] mem usage for occur      0 MB
c o Mem for watch alloc    : 0           MB (0.00      %)
c o Mem for watch array    : 0           MB (0.00      %)
c o Executing OCC strategy token: occ-backw-sub
c o [occ-backw-sub-long-w-long] rem cl: 0 tried: 25099/25099 (100.0%) T: 0.00 T-out: N T-r: 99.38%
c o Executing OCC strategy token: occ-resolv-subs
c o [occ-resolv-subs] removed: 0 checked: 9472 T: 0.0
c o Executing OCC strategy token: occ-rem-with-orgates
c o [occ-gates] found:     0 avg-s: 0.0 T: 0.00 T-out: N T-r: 99.96%
c o [occ-gate-based-lit-rem] lit-rem: 0 cl-rem: 0 T: 0.00 T-out: N
c o Executing OCC strategy token: occ-ternary-res
c o [occ-ternary-res] Ternary res-tri: 0 res-bin: 0 sub: 0 str: 0 T: 0.00 T-out: N T-r: 99.92%
c o --> Executing strategy token: must-scc-vrepl
c o [scc] new: 0 BP 0M T: 0.00
c o [vrep] vars 0 lits 0 rem-bin-cls 0 rem-long-cls 0 BP 0M T: 0.00
c o Executing OCC strategy token(s): 'occ-bve,
c o [occ] mem usage for occur      0 MB
c o [occ] Linked in IRRED BIN by default: 1411
c o [occ] Linked in RED   BIN by default: 21
c o [occ] mem usage for occur      0 MB
c o Mem for watch alloc    : 0           MB (0.00      %)
c o Mem for watch array    : 0           MB (0.00      %)
c o Executing OCC strategy token: occ-bve
c o [occ-empty-res] Empty resolvent elimed: 0 T: 0.00 T-out: N
c o [occ-bve] iter v-elim 0
c o cl_inc_rate=1.00, var_dec_rate=1.00 (grow=0)
c o Reduced to 480 vars, 2007 cls (grow=0)
c o [occ-bve] iter v-elim 0
c o cl_inc_rate=1.00, var_dec_rate=1.00 (grow=3)
c o Reduced to 480 vars, 2007 cls (grow=3)
c o [occ-bve] iter v-elim 0
c o cl_inc_rate=1.00, var_dec_rate=1.00 (grow=4)
c o Reduced to 480 vars, 2007 cls (grow=4)
c o [occ-bve] iter v-elim 0
c o cl_inc_rate=1.00, var_dec_rate=1.00 (grow=6)
c o Reduced to 480 vars, 2007 cls (grow=6)
c o x n vars       : 480
c o #try to eliminate:    80
c o #var-elim        :     0
c o #T-o: N
c o #T-r: 100.00%
c o #T  : 0.00
c o [occur] 0.00 is overhead
c o [occur] link-in T: 0.00 cleanup T: 0.00
c o [occ-xor-bve] elimed: 0 T: 0.00 T-out: N
c o --> Executing strategy token: sub-impl
c o [impl-sub] bin: 0 T: 0.00 T-out: N w-visit: 960
c o --> Executing strategy token: distill-cls-onlyrem
c o [distill-long-irred] cls tried: 596/596 T: 0.00 T-out: N T-r: 99.86%
c o --> Executing strategy token: intree-probe
c o [scc] new: 0 BP 0M T: 0.00
c o [vrep] vars 0 lits 0 rem-bin-cls 0 rem-long-cls 0 BP 0M T: 0.00
c o [intree] Set 0 vars hyper-added: 0 trans-irred: 0 trans-red: 0 T: 0.00 T-out: N T-r: -0.58%
c o Executing OCC strategy token(s): 'occ-backw-sub-str,
c o [occ] mem usage for occur      0 MB
c o [occ] Linked in IRRED BIN by default: 1411
c o [occ] Linked in RED   BIN by default: 21
c o [occ] mem usage for occur      0 MB
c o Mem for watch alloc    : 0           MB (0.00      %)
c o Mem for watch array    : 0           MB (0.00      %)
c o Executing OCC strategy token: occ-backw-sub-str
c o [occ-backw-sub-str-long-w-bins] subs: 0 str: 0 tried: 4909 0-depth ass: 0 T: 0.00 T-out: N T-r: 99.75%
c o [occ-backw-sub-long-w-long] rem cl: 0 tried: 25099/25099 (100.0%) T: 0.00 T-out: N T-r: 99.38%
c o [occ-backw-sub-str-long-w-long] sub: 0 str: 0 tried: 75297/25099 (300.0)  T: 0.00 T-out: N T-r: 96.96%
c o --> Executing strategy token: sub-str-cls-with-bin
c o [distill] watch-based irred--  cl tried     1192 cl-sh     0 cl-rem    0 lit-rem      0 T: 0.00 T-out: N
c o [distill] watch-based   red--  cl tried        0 cl-sh     0 cl-rem    0 lit-rem      0 T: 0.00 T-out: N
c o --> Executing strategy token: clean-cls
c o --> Executing strategy token: distill-cls
c o [distill-long-irred] cls tried: 596/596 T: 0.00 T-out: N T-r: 99.86%
c o [distill-long-irred] cls tried: 596/596 T: 0.00 T-out: N T-r: 99.81%
c o --> Executing strategy token: distill-bins
c o [distill-bin] useful: 0/1411/1411 lits-rem: 0 cl-rem: 0 0-depth-assigns: 0 T: 0.00 T-out: N
c o Executing OCC strategy token(s): 'occ-backw-sub,
c o [occ] mem usage for occur      0 MB
c o [occ] Linked in IRRED BIN by default: 1411
c o [occ] Linked in RED   BIN by default: 21
c o [occ] mem usage for occur      0 MB
c o Mem for watch alloc    : 0           MB (0.00      %)
c o Mem for watch array    : 0           MB (0.00      %)
c o Executing OCC strategy token: occ-backw-sub
c o [occ-backw-sub-long-w-long] rem cl: 0 tried: 25099/25099 (100.0%) T: 0.00 T-out: N T-r: 99.38%
c o [consolidate] mini T: 0.00
c o global_timeout_multiplier: 3.3000
c o [branch] rebuilding order heap for all branchings. Current branching: vsids
c o --> Executing strategy token: oracle-vivif-fast
c o --> Executing strategy token: must-renumber
c o [renumber] T: 0.00
c o [oracle-bin] potential pairs: 2624 T: 0.0002
c o --> Executing strategy token: must-scc-vrepl
c o [scc] new: 0 BP 0M T: 0.00
c o [vrep] vars 0 lits 0 rem-bin-cls 0 rem-long-cls 0 BP 0M T: 0.00
c o [oracle-vivif] lits-rem: 0 learnt-units: 0 T-out: Y T-remain: -12.3865% T: 12.28
c o [oracle-bin] bin-added: 4 equiv-added: 0 T-out: Y T-remain: 99.20% T: 0.02
c o [oracle-vivif] cache usefulness: 86% total T: 12.33
c o --> Executing strategy token: oracle-sparsify-fast
c o --> Executing strategy token: sub-impl
c o [impl-sub] bin: 15 T: 0.00 T-out: N w-visit: 960
c o Executing OCC strategy token(s): 'occ-backw-sub,
c o [occ] mem usage for occur      0 MB
c o [occ] Linked in IRRED BIN by default: 1411
c o [occ] Linked in RED   BIN by default: 21
c o [occ] mem usage for occur      0 MB
c o Mem for watch alloc    : 1           MB (0.00      %)
c o Mem for watch array    : 0           MB (0.00      %)
c o Executing OCC strategy token: occ-backw-sub
c o [occ-backw-sub-long-w-long] rem cl: 0 tried: 55503/55503 (100.0%) T: 0.00 T-out: N T-r: 98.63%
c o --> Executing strategy token: must-renumber
c o [renumber] T: 0.00
c o [oracle-sparsify] removed: 0 of which bin: 0 tot considered: 2007 ccnr useful: 0 oracle uknown: 1 cache useful: 0% learnt-units: 0 T: 2.05 buildT: 0.00
c o [consolidate] mini T: 0.00
c o global_timeout_multiplier: 3.3000
c o [branch] rebuilding order heap for all branchings. Current branching: vsids
c o Executing OCC strategy token(s): 'occ-bve,
c o [occ] mem usage for occur      0 MB
c o [occ] Linked in IRRED BIN by default: 1411
c o [occ] Linked in RED   BIN by default: 21
c o [occ] mem usage for occur      0 MB
c o Mem for watch alloc    : 1           MB (0.00      %)
c o Mem for watch array    : 0           MB (0.00      %)
c o Executing OCC strategy token: occ-bve
c o [occ-empty-res] Empty resolvent elimed: 0 T: 0.00 T-out: N
c o [occ-bve] iter v-elim 0
c o cl_inc_rate=1.00, var_dec_rate=1.00 (grow=0)
c o Reduced to 480 vars, 2007 cls (grow=0)
c o x n vars       : 480
c o #try to eliminate:    20
c o #var-elim        :     0
c o #T-o: N
c o #T-r: 100.00%
c o #T  : 0.00
c o [occur] 0.00 is overhead
c o [occur] link-in T: 0.00 cleanup T: 0.00
c o [occ-xor-bve] elimed: 0 T: 0.00 T-out: N
c o [consolidate] mini T: 0.00
c o global_timeout_multiplier: 3.3000
c o [branch] rebuilding order heap for all branchings. Current branching: vsids
c o --> Executing strategy token: must-scc-vrepl
c o [scc] new: 0 BP 0M T: 0.00
c o [vrep] vars 0 lits 0 rem-bin-cls 0 rem-long-cls 0 BP 0M T: 0.00
c o --> Executing strategy token: must-renumber
c o [renumber] T: 0.00
c o [consolidate] mini T: 0.00
c o global_timeout_multiplier: 3.3000
c o [branch] rebuilding order heap for all branchings. Current branching: vsids
c o [occ] mem usage for occur      0 MB
c o [occ] Linked in IRRED BIN by default: 1411
c o [occ] Linked in RED   BIN by default: 21
c o [occ] mem usage for occur      0 MB
c o Mem for watch alloc    : 1           MB (0.00      %)
c o Mem for watch array    : 0           MB (0.00      %)
c o [empty] empty_occ: 0 T: 0.00
c o Executing OCC strategy token(s): 'occ-bve-empty,
c o [occ] mem usage for occur      0 MB
c o [occ] Linked in IRRED BIN by default: 1411
c o [occ] Linked in RED   BIN by default: 21
c o [occ] mem usage for occur      0 MB
c o Mem for watch alloc    : 1           MB (0.00      %)
c o Mem for watch array    : 0           MB (0.00      %)
c o Executing OCC strategy token: occ-bve-empty
c o [occ-empty-res] Empty resolvent elimed: 0 T: 0.00 T-out: N
c o --> Executing strategy token: must-renumber
c o [renumber] T: 0.00
c o [consolidate] mini T: 0.00
c o global_timeout_multiplier: 3.3000
c o [branch] rebuilding order heap for all branchings. Current branching: vsids
c o [0m[puura] new_empty_sampl_vars size: 0[0m
c o [get-cnf] Checking for variables mapping to same new var to set AIG definitions...
c o solver orig num vars: 480 solver simp num vars: 480
c o [0m[31m[puura] Done. final vars: 480 final cls: 2007 T: 47.35[0m
c o [0m[31m[autarky] Found autarkies: 0 autarky vars: 0 T-out: N T: 0.00[0m
c o --> Executing strategy token: must-scc-vrepl
c o [scc] new: 0 BP 0M T: 0.00
c o [vrep] vars 0 lits 0 rem-bin-cls 0 rem-long-cls 0 BP 0M T: 0.00
c o --> Executing strategy token: full-probe
c o [full-probe]  bin_only: 0 set: 0 repl: 0 T: 0.00 T-out: N T-r: 94.82%
c o --> Executing strategy token: sub-impl
c o [impl-sub] bin: 0 T: 0.00 T-out: N w-visit: 960
c o --> Executing strategy token: sub-cls-with-bin
c o [distill] watch-based irred--  cl tried      596 cl-sh     0 cl-rem    0 lit-rem      0 T: 0.00 T-out: N
c o [distill] watch-based   red--  cl tried        0 cl-sh     0 cl-rem    0 lit-rem      0 T: 0.00 T-out: N
c o --> Executing strategy token: distill-cls-onlyrem
c o [distill-long-irred] cls tried: 596/596 T: 0.00 T-out: N T-r: 99.70%
c o Executing OCC strategy token(s): 'occ-backw-sub,occ-resolv-subs,occ-rem-with-orgates,occ-ternary-res,
c o [occ] mem usage for occur      0 MB
c o [occ] Linked in IRRED BIN by default: 1411
c o [occ] Linked in RED   BIN by default: 21
c o Mem for watch alloc    : 1           MB (0.00      %)
c o Mem for watch array    : 0           MB (0.00      %)
c o Executing OCC strategy token: occ-backw-sub
c o [occ-backw-sub-long-w-long] rem cl: 0 tried: 55503/55503 (100.0%) T: 0.00 T-out: N T-r: 98.63%
c o Executing OCC strategy token: occ-resolv-subs
c o [occ-resolv-subs] removed: 0 checked: 9472 T: 0.0
c o Executing OCC strategy token: occ-rem-with-orgates
c o [occ-gates] found:     0 avg-s: 0.0 T: 0.00 T-out: N T-r: 99.96%
c o [occ-gate-based-lit-rem] lit-rem: 0 cl-rem: 0 T: 0.00 T-out: N
c o Executing OCC strategy token: occ-ternary-res
c o [occ-ternary-res] Ternary res-tri: 0 res-bin: 0 sub: 0 str: 0 T: 0.00 T-out: N T-r: 99.81%
c o --> Executing strategy token: must-scc-vrepl
c o [scc] new: 0 BP 0M T: 0.00
c o [vrep] vars 0 lits 0 rem-bin-cls 0 rem-long-cls 0 BP 0M T: 0.00
c o Executing OCC strategy token(s): 'occ-bve,
c o [occ] mem usage for occur      0 MB
c o [occ] Linked in IRRED BIN by default: 1411
c o [occ] Linked in RED   BIN by default: 21
c o Mem for watch alloc    : 1           MB (0.00      %)
c o Mem for watch array    : 0           MB (0.00      %)
c o Executing OCC strategy token: occ-bve
c o [occ-empty-res] Empty resolvent elimed: 0 T: 0.00 T-out: N
c o [occ-bve] iter v-elim 0
c o cl_inc_rate=1.00, var_dec_rate=1.00 (grow=0)
c o Reduced to 480 vars, 2007 cls (grow=0)
c o x n vars       : 480
c o #try to eliminate:    20
c o #var-elim        :     0
c o #T-o: N
c o #T-r: 100.00%
c o #T  : 0.00
c o [occur] 0.00 is overhead
c o [occur] link-in T: 0.00 cleanup T: 0.00
c o [occ-xor-bve] elimed: 0 T: 0.00 T-out: N
c o --> Executing strategy token: sub-impl
c o [impl-sub] bin: 0 T: 0.00 T-out: N w-visit: 960
c o --> Executing strategy token: distill-cls-onlyrem
c o [distill-long-irred] cls tried: 596/596 T: 0.00 T-out: N T-r: 99.69%
c o --> Executing strategy token: intree-probe
c o [scc] new: 0 BP 0M T: 0.00
c o [vrep] vars 0 lits 0 rem-bin-cls 0 rem-long-cls 0 BP 0M T: 0.00
c o [intree] Set 0 vars hyper-added: 0 trans-irred: 0 trans-red: 0 T: 0.00 T-out: N T-r: 0.17%
c o Executing OCC strategy token(s): 'occ-backw-sub-str,
c o [occ] mem usage for occur      0 MB
c o [occ] Linked in IRRED BIN by default: 1411
c o [occ] Linked in RED   BIN by default: 21
c o Mem for watch alloc    : 1           MB (0.00      %)
c o Mem for watch array    : 0           MB (0.00      %)
c o Executing OCC strategy token: occ-backw-sub-str
c o [occ-backw-sub-str-long-w-bins] subs: 0 str: 0 tried: 1432 0-depth ass: 0 T: 0.00 T-out: N T-r: 99.75%
c o [occ-backw-sub-long-w-long] rem cl: 0 tried: 55503/55503 (100.0%) T: 0.00 T-out: N T-r: 98.63%
c o [occ-backw-sub-str-long-w-long] sub: 0 str: 0 tried: 166509/55503 (300.0)  T: 0.01 T-out: N T-r: 93.23%
c o --> Executing strategy token: sub-str-cls-with-bin
c o [distill] watch-based irred--  cl tried     1192 cl-sh     0 cl-rem    0 lit-rem      0 T: 0.00 T-out: N
c o [distill] watch-based   red--  cl tried        0 cl-sh     0 cl-rem    0 lit-rem      0 T: 0.00 T-out: N
c o --> Executing strategy token: clean-cls
c o --> Executing strategy token: distill-cls
c o [distill-long-irred] cls tried: 596/596 T: 0.00 T-out: N T-r: 99.69%
c o [distill-long-irred] cls tried: 596/596 T: 0.00 T-out: N T-r: 99.57%
c o --> Executing strategy token: distill-bins
c o [distill-bin] useful: 0/1411/1411 lits-rem: 0 cl-rem: 0 0-depth-assigns: 0 T: 0.01 T-out: N
c o [consolidate] mini T: 0.00
c o global_timeout_multiplier: 3.3000
c o [branch] rebuilding order heap for all branchings. Current branching: vsids
c o --> Executing strategy token: oracle-vivif-sparsify
c o --> Executing strategy token: must-renumber
c o [renumber] T: 0.00
c o [oracle-bin] potential pairs: 2624 T: 0.0002
c o --> Executing strategy token: must-scc-vrepl
c o [scc] new: 0 BP 0M T: 0.00
c o [vrep] vars 0 lits 0 rem-bin-cls 0 rem-long-cls 0 BP 0M T: 0.00
c o [oracle-vivif] lits-rem: 0 learnt-units: 0 T-out: N T-remain: 45.8313% T: 17.71
c o [oracle-bin] bin-added: 776 equiv-added: 0 T-out: Y T-remain: 98.32% T: 0.04
c o [oracle-vivif] cache usefulness: 88% total T: 17.77
c o --> Executing strategy token: sub-impl
c o [impl-sub] bin: 787 T: 0.00 T-out: N w-visit: 960
c o Executing OCC strategy token(s): 'occ-backw-sub,
c o [occ] mem usage for occur      0 MB
c o [occ] Linked in IRRED BIN by default: 1411
c o [occ] Linked in RED   BIN by default: 21
c o Mem for watch alloc    : 2           MB (0.00      %)
c o Mem for watch array    : 0           MB (0.00      %)
c o Executing OCC strategy token: occ-backw-sub
c o [occ-backw-sub-long-w-long] rem cl: 0 tried: 76657/76657 (100.0%) T: 0.00 T-out: N T-r: 98.12%
c o --> Executing strategy token: must-renumber
c o [renumber] T: 0.01
c o [oracle-sparsify] removed: 0 of which bin: 0 tot considered: 2007 ccnr useful: 0 oracle uknown: 1 cache useful: 0% learnt-units: 0 T: 16.12 buildT: 0.00
c o [consolidate] mini T: 0.00
c o global_timeout_multiplier: 3.3000
c o [branch] rebuilding order heap for all branchings. Current branching: vsids
c o --> Executing strategy token: must-scc-vrepl
c o [scc] new: 0 BP 0M T: 0.00
c o [vrep] vars 0 lits 0 rem-bin-cls 0 rem-long-cls 0 BP 0M T: 0.01
c o --> Executing strategy token: full-probe
c o [full-probe]  bin_only: 0 set: 0 repl: 0 T: 0.01 T-out: N T-r: 92.69%
c o --> Executing strategy token: sub-impl
c o [impl-sub] bin: 0 T: 0.00 T-out: N w-visit: 960
c o --> Executing strategy token: sub-cls-with-bin
c o [distill] watch-based irred--  cl tried      596 cl-sh     0 cl-rem    0 lit-rem      0 T: 0.00 T-out: N
c o [distill] watch-based   red--  cl tried        0 cl-sh     0 cl-rem    0 lit-rem      0 T: 0.00 T-out: N
c o --> Executing strategy token: distill-cls-onlyrem
c o [distill-long-irred] cls tried: 596/596 T: 0.00 T-out: N T-r: 99.59%
c o Executing OCC strategy token(s): 'occ-backw-sub,occ-resolv-subs,occ-rem-with-orgates,occ-ternary-res,
c o [occ] mem usage for occur      0 MB
c o [occ] Linked in IRRED BIN by default: 1411
c o [occ] Linked in RED   BIN by default: 21
c o [occ] mem usage for occur      0 MB
c o Mem for watch alloc    : 2           MB (0.00      %)
c o Mem for watch array    : 0           MB (0.00      %)
c o Executing OCC strategy token: occ-backw-sub
c o [occ-backw-sub-long-w-long] rem cl: 0 tried: 76657/76657 (100.0%) T: 0.00 T-out: N T-r: 98.12%
c o Executing OCC strategy token: occ-resolv-subs
c o [occ-resolv-subs] removed: 0 checked: 9472 T: 0.0
c o Executing OCC strategy token: occ-rem-with-orgates
c o [occ-gates] found:     0 avg-s: 0.0 T: 0.00 T-out: N T-r: 99.96%
c o [occ-gate-based-lit-rem] lit-rem: 0 cl-rem: 0 T: 0.00 T-out: N
c o Executing OCC strategy token: occ-ternary-res
c o [occ-ternary-res] Ternary res-tri: 0 res-bin: 0 sub: 0 str: 0 T: 0.00 T-out: N T-r: 99.74%
c o --> Executing strategy token: must-scc-vrepl
c o [scc] new: 0 BP 0M T: 0.00
c o [vrep] vars 0 lits 0 rem-bin-cls 0 rem-long-cls 0 BP 0M T: 0.00
c o Executing OCC strategy token(s): 'occ-bve,
c o [occ] mem usage for occur      0 MB
c o [occ] Linked in IRRED BIN by default: 1411
c o [occ] Linked in RED   BIN by default: 21
c o [occ] mem usage for occur      0 MB
c o Mem for watch alloc    : 2           MB (0.00      %)
c o Mem for watch array    : 0           MB (0.00      %)
c o Executing OCC strategy token: occ-bve
c o [occ-empty-res] Empty resolvent elimed: 0 T: 0.00 T-out: N
c o [occ-bve] iter v-elim 0
c o cl_inc_rate=1.00, var_dec_rate=1.00 (grow=0)
c o Reduced to 480 vars, 2007 cls (grow=0)
c o x n vars       : 480
c o #try to eliminate:    20
c o #var-elim        :     0
c o #T-o: N
c o #T-r: 100.00%
c o #T  : 0.00
c o [occur] 0.01 is overhead
c o [occur] link-in T: 0.01 cleanup T: 0.00
c o [occ-xor-bve] elimed: 0 T: 0.00 T-out: N
c o --> Executing strategy token: sub-impl
c o [impl-sub] bin: 0 T: 0.00 T-out: N w-visit: 960
c o --> Executing strategy token: distill-cls-onlyrem
c o [distill-long-irred] cls tried: 596/596 T: 0.00 T-out: N T-r: 99.57%
c o --> Executing strategy token: intree-probe
c o [scc] new: 0 BP 0M T: 0.00
c o [vrep] vars 0 lits 0 rem-bin-cls 0 rem-long-cls 0 BP 0M T: 0.00
c o [intree] Set 0 vars hyper-added: 0 trans-irred: 0 trans-red: 0 T: 0.01 T-out: N T-r: -1.42%
c o Executing OCC strategy token(s): 'occ-backw-sub-str,
c o [occ] mem usage for occur      0 MB
c o [occ] Linked in IRRED BIN by default: 1411
c o [occ] Linked in RED   BIN by default: 21
c o [occ] mem usage for occur      0 MB
c o Mem for watch alloc    : 2           MB (0.00      %)
c o Mem for watch array    : 0           MB (0.00      %)
c o Executing OCC strategy token: occ-backw-sub-str
c o [occ-backw-sub-str-long-w-bins] subs: 0 str: 0 tried: 2864 0-depth ass: 0 T: 0.00 T-out: N T-r: 99.75%
c o [occ-backw-sub-long-w-long] rem cl: 0 tried: 76657/76657 (100.0%) T: 0.00 T-out: N T-r: 98.12%
c o [occ-backw-sub-str-long-w-long] sub: 0 str: 0 tried: 229971/76657 (300.0)  T: 0.01 T-out: N T-r: 90.69%
c o --> Executing strategy token: sub-str-cls-with-bin
c o [distill] watch-based irred--  cl tried     1192 cl-sh     0 cl-rem    0 lit-rem      0 T: 0.00 T-out: N
c o [distill] watch-based   red--  cl tried        0 cl-sh     0 cl-rem    0 lit-rem      0 T: 0.00 T-out: N
c o --> Executing strategy token: clean-cls
c o --> Executing strategy token: distill-cls
c o [distill-long-irred] cls tried: 596/596 T: 0.00 T-out: N T-r: 99.57%
c o [distill-long-irred] cls tried: 596/596 T: 0.00 T-out: N T-r: 99.44%
c o --> Executing strategy token: distill-bins
c o [distill-bin] useful: 0/1411/1411 lits-rem: 0 cl-rem: 0 0-depth-assigns: 0 T: 0.01 T-out: N
c o Executing OCC strategy token(s): 'occ-backw-sub,
c o [occ] mem usage for occur      0 MB
c o [occ] Linked in IRRED BIN by default: 1411
c o [occ] Linked in RED   BIN by default: 21
c o [occ] mem usage for occur      0 MB
c o Mem for watch alloc    : 2           MB (0.00      %)
c o Mem for watch array    : 0           MB (0.00      %)
c o Executing OCC strategy token: occ-backw-sub
c o [occ-backw-sub-long-w-long] rem cl: 0 tried: 76657/76657 (100.0%) T: 0.00 T-out: N T-r: 98.12%
c o [consolidate] mini T: 0.00
c o global_timeout_multiplier: 3.3000
c o [branch] rebuilding order heap for all branchings. Current branching: vsids
c o --> Executing strategy token: oracle-vivif-fast
c o --> Executing strategy token: must-renumber
c o [renumber] T: 0.01
c o [oracle-bin] potential pairs: 2624 T: 0.0002
c o --> Executing strategy token: must-scc-vrepl
c o [scc] new: 0 BP 0M T: 0.00
c o [vrep] vars 0 lits 0 rem-bin-cls 0 rem-long-cls 0 BP 0M T: 0.00
c o [oracle-vivif] lits-rem: 0 learnt-units: 0 T-out: Y T-remain: -14.7032% T: 12.55
c o [oracle-bin] bin-added: 12 equiv-added: 0 T-out: Y T-remain: 99.19% T: 0.02
c o [oracle-vivif] cache usefulness: 85% total T: 12.59
c o --> Executing strategy token: oracle-sparsify-fast
c o --> Executing strategy token: sub-impl
c o [impl-sub] bin: 23 T: 0.00 T-out: N w-visit: 960
c o Executing OCC strategy token(s): 'occ-backw-sub,
c o [occ] mem usage for occur      0 MB
c o [occ] Linked in IRRED BIN by default: 1411
c o [occ] Linked in RED   BIN by default: 21
c o [occ] mem usage for occur      0 MB
c o Mem for watch alloc    : 2           MB (0.00      %)
c o Mem for watch array    : 0           MB (0.00      %)
c o Executing OCC strategy token: occ-backw-sub
c o [occ-backw-sub-long-w-long] rem cl: 0 tried: 100350/100350 (100.0%) T: 0.01 T-out: N T-r: 97.55%
c o --> Executing strategy token: must-renumber
c o [renumber] T: 0.01
c o [oracle-sparsify] removed: 0 of which bin: 0 tot considered: 2007 ccnr useful: 0 oracle uknown: 1 cache useful: 0% learnt-units: 0 T: 1.43 buildT: 0.00
c o [consolidate] mini T: 0.00
c o global_timeout_multiplier: 3.3000
c o [branch] rebuilding order heap for all branchings. Current branching: vsids
c o Executing OCC strategy token(s): 'occ-bve,
c o [occ] mem usage for occur      0 MB
c o [occ] Linked in IRRED BIN by default: 1411
c o [occ] Linked in RED   BIN by default: 21
c o [occ] mem usage for occur      0 MB
c o Mem for watch alloc    : 2           MB (0.00      %)
c o Mem for watch array    : 0           MB (0.00      %)
c o Executing OCC strategy token: occ-bve
c o [occ-empty-res] Empty resolvent elimed: 0 T: 0.00 T-out: N
c o [occ-bve] iter v-elim 0
c o cl_inc_rate=1.00, var_dec_rate=1.00 (grow=0)
c o Reduced to 480 vars, 2007 cls (grow=0)
c o x n vars       : 480
c o #try to eliminate:    20
c o #var-elim        :     0
c o #T-o: N
c o #T-r: 100.00%
c o #T  : 0.00
c o [occur] 0.01 is overhead
c o [occur] link-in T: 0.01 cleanup T: 0.00
c o [occ-xor-bve] elimed: 0 T: 0.00 T-out: N
c o [consolidate] mini T: 0.00
c o global_timeout_multiplier: 3.3000
c o [branch] rebuilding order heap for all branchings. Current branching: vsids
c o --> Executing strategy token: must-scc-vrepl
c o [scc] new: 0 BP 0M T: 0.00
c o [vrep] vars 0 lits 0 rem-bin-cls 0 rem-long-cls 0 BP 0M T: 0.01
c o --> Executing strategy token: must-renumber
c o [renumber] T: 0.01
c o [consolidate] mini T: 0.00
c o global_timeout_multiplier: 3.3000
c o [branch] rebuilding order heap for all branchings. Current branching: vsids
c o [occ] mem usage for occur      0 MB
c o [occ] Linked in IRRED BIN by default: 1411
c o [occ] Linked in RED   BIN by default: 21
c o [occ] mem usage for occur      0 MB
c o Mem for watch alloc    : 2           MB (0.00      %)
c o Mem for watch array    : 0           MB (0.00      %)
c o [empty] empty_occ: 0 T: 0.00
c o Executing OCC strategy token(s): 'occ-bve-empty,
c o [occ] mem usage for occur      0 MB
c o [occ] Linked in IRRED BIN by default: 1411
c o [occ] Linked in RED   BIN by default: 21
c o [occ] mem usage for occur      0 MB
c o Mem for watch alloc    : 2           MB (0.00      %)
c o Mem for watch array    : 0           MB (0.00      %)
c o Executing OCC strategy token: occ-bve-empty
c o [occ-empty-res] Empty resolvent elimed: 0 T: 0.00 T-out: N
c o --> Executing strategy token: must-renumber
c o [renumber] T: 0.01
c o [consolidate] mini T: 0.00
c o global_timeout_multiplier: 3.3000
c o [branch] rebuilding order heap for all branchings. Current branching: vsids
c o [0m[puura] new_empty_sampl_vars size: 0[0m
c o [get-cnf] Checking for variables mapping to same new var to set AIG definitions...
c o solver orig num vars: 480 solver simp num vars: 480
c o [0m[31m[puura] Done. final vars: 480 final cls: 2007 T: 48.34[0m
c o [0m[arjun-sbva] entering SBVA with     vars: 480     cls:   2007 opt sampl: 480[0m
c o [0m[arjun-sbva] exited SBVA with       vars: 480     cls:   2007[0m
c o [0m[arjun-sbva] K steps remaining: 712.23 T-out: No T: 0.00[0m
c o Arjun T: 222.20
c o Found 1 disconnected component(s)
c o [par] Using non-parallel counting
c o ind size: 460 nvars: 480
c o opt ind size: 480 ind size: 460 nvars: 480
c o Sampling set size: 460
c o Opt sampling set size: 480
c o Bin irred/red      1411       21        
c o Long irred cls/tri 596        0         
c o Long red cls/tri   99584      170       
c o [td] nodes: 480 nvars: 480 edges: 2624
c o [td] Primal graph   nodes: 480 edges: 2624 density: 0.011 edge/var: 5.467
c o [td] min degree heuristic
c o [td] #bags 146, tw 190, elapsed 0.010 s
c o [td] min shortcut heuristic
c o [td] #bags 153, tw 168, elapsed 0.860 s
c o [td] run with 0.0/0.1/0.2 min balance and node_min_expansion in endless loop with varying seed
c o [td] iter 100 width: 167 stepsK remain: 96 T: 2.967
c o [td] #bags 18 tw 163 elapsed 4.004 s
c o [td] iter 200 width: 163 stepsK remain: 93 T: 5.076
c o [td] iter 300 width: 163 stepsK remain: 90 T: 7.158
c o [td] iter 400 width: 163 stepsK remain: 87 T: 9.253
c o [td] iter 500 width: 163 stepsK remain: 84 T: 11.346
c o [td] iter 600 width: 163 stepsK remain: 80 T: 13.440
c o [td] iter 700 width: 163 stepsK remain: 77 T: 15.529
c o [td] iter 800 width: 163 stepsK remain: 74 T: 17.616
c o [td] centroid bag id: 0 bag size: 144
c o [td] centroid bag id: 0 bag size: 144
c o [td] weight: 7.000 nodes: 480 rt/width(=rt): 2.945 rt*conf.td_exp_mult: 3.239 conf.td_exp_mult: 1.100 conf.td_divider: 1000.000 max ord diff: 4
c o [td] decompose time: 19.716
c o [rdb] cls before: 109755 after: 109755 low lbd: 0 lbd cutoff: 2 target computed: 20000 cannot be del : 19 used: 109755 rdb: 1
c o [mem] consolidate  old-sz: 18836K new-sz: 2147K new bits offs: 19 T: 0.00
c o [rdb] cls before: 27115 after: 16344 low lbd: 0 lbd cutoff: 2 target computed: 20000 cannot be del : 29 used: 15546 rdb: 4
c o [mem] consolidate  old-sz: 8901K new-sz: 1962K new bits offs: 18 T: 0.00
c o [rdb] cls before: 26352 after: 16307 low lbd: 0 lbd cutoff: 2 target computed: 20000 cannot be del : 62 used: 15336 rdb: 7
c o [mem] consolidate  old-sz: 6839K new-sz: 1984K new bits offs: 18 T: 0.00
c o [rdb] cls before: 26262 after: 15967 low lbd: 0 lbd cutoff: 2 target computed: 20000 cannot be del : 70 used: 14608 rdb: 10
c o [mem] consolidate  old-sz: 6896K new-sz: 1953K new bits offs: 18 T: 0.00
c o [rdb] cls before: 26155 after: 16686 low lbd: 0 lbd cutoff: 2 target computed: 20000 cannot be del : 65 used: 15152 rdb: 13
c o [rdb] cls before: 26418 after: 17740 low lbd: 0 lbd cutoff: 2 target computed: 20000 cannot be del : 53 used: 16213 rdb: 16
c o [mem] consolidate  old-sz: 8511K new-sz: 2117K new bits offs: 19 T: 0.00
c o [rdb] cls before: 26843 after: 17083 low lbd: 3 lbd cutoff: 2 target computed: 20000 cannot be del : 19 used: 15635 rdb: 19
c o [mem] consolidate  old-sz: 6873K new-sz: 1984K new bits offs: 18 T: 0.00
c o [rdb] cls before: 26929 after: 17525 low lbd: 4 lbd cutoff: 2 target computed: 20000 cannot be del : 58 used: 15630 rdb: 22
c o [mem] consolidate  old-sz: 8667K new-sz: 2032K new bits offs: 18 T: 0.00
c o [rdb] cls before: 27716 after: 17514 low lbd: 5 lbd cutoff: 2 target computed: 20000 cannot be del : 45 used: 15919 rdb: 25
c o [mem] consolidate  old-sz: 8791K new-sz: 2159K new bits offs: 19 T: 0.00
c o [rdb] cls before: 28150 after: 17530 low lbd: 7 lbd cutoff: 2 target computed: 20000 cannot be del : 19 used: 15139 rdb: 28
c o [rdb] cls before: 28195 after: 17614 low lbd: 7 lbd cutoff: 2 target computed: 20000 cannot be del : 75 used: 15167 rdb: 31
c o [mem] consolidate  old-sz: 8884K new-sz: 2048K new bits offs: 18 T: 0.00
c o [rdb] cls before: 28107 after: 17802 low lbd: 7 lbd cutoff: 2 target computed: 20000 cannot be del : 72 used: 14890 rdb: 34
c o [mem] consolidate  old-sz: 8683K new-sz: 2149K new bits offs: 19 T: 0.00
c o [rdb] cls before: 28841 after: 18324 low lbd: 9 lbd cutoff: 2 target computed: 20000 cannot be del : 52 used: 15310 rdb: 37
c o [mem] consolidate  old-sz: 8710K new-sz: 2154K new bits offs: 19 T: 0.00
c o [rdb] cls before: 28699 after: 18088 low lbd: 10 lbd cutoff: 2 target computed: 20000 cannot be del : 78 used: 14825 rdb: 40
c o [rdb] cls before: 29042 after: 18000 low lbd: 11 lbd cutoff: 2 target computed: 20000 cannot be del : 39 used: 14483 rdb: 43
c o [mem] consolidate  old-sz: 8658K new-sz: 1952K new bits offs: 18 T: 0.00
c o [rdb] cls before: 28472 after: 19241 low lbd: 13 lbd cutoff: 2 target computed: 20000 cannot be del : 55 used: 15665 rdb: 46
c o [mem] consolidate  old-sz: 8543K new-sz: 2130K new bits offs: 19 T: 0.00
c o [rdb] cls before: 29718 after: 19123 low lbd: 14 lbd cutoff: 2 target computed: 20000 cannot be del : 30 used: 15456 rdb: 49
c o [mem] consolidate  old-sz: 7076K new-sz: 2132K new bits offs: 19 T: 0.00
c o [rdb] cls before: 28770 after: 19568 low lbd: 16 lbd cutoff: 2 target computed: 20000 cannot be del : 47 used: 15879 rdb: 52
c o [mem] consolidate  old-sz: 8786K new-sz: 2262K new bits offs: 19 T: 0.00
c o [rdb] cls before: 30299 after: 19907 low lbd: 16 lbd cutoff: 2 target computed: 20000 cannot be del : 70 used: 16208 rdb: 55
c o [mem] consolidate  old-sz: 7281K new-sz: 2253K new bits offs: 19 T: 0.00
c o [rdb] cls before: 30155 after: 20218 low lbd: 16 lbd cutoff: 2 target computed: 20000 cannot be del : 48 used: 16197 rdb: 58
c o [rdb] cls before: 30431 after: 19986 low lbd: 16 lbd cutoff: 2 target computed: 20000 cannot be del : 42 used: 15982 rdb: 61
c o [mem] consolidate  old-sz: 8815K new-sz: 2141K new bits offs: 19 T: 0.00
c o [rdb] cls before: 30479 after: 20532 low lbd: 17 lbd cutoff: 2 target computed: 20000 cannot be del : 43 used: 15958 rdb: 64
c o [mem] consolidate  old-sz: 8712K new-sz: 2229K new bits offs: 19 T: 0.00
c o [rdb] cls before: 30806 after: 20186 low lbd: 20 lbd cutoff: 2 target computed: 20000 cannot be del : 73 used: 15532 rdb: 67
c o [mem] consolidate  old-sz: 8688K new-sz: 2183K new bits offs: 19 T: 0.00
c o [rdb] cls before: 30372 after: 21108 low lbd: 21 lbd cutoff: 2 target computed: 20000 cannot be del : 58 used: 16296 rdb: 70
c o [rdb] cls before: 31189 after: 21704 low lbd: 22 lbd cutoff: 2 target computed: 20000 cannot be del : 35 used: 16958 rdb: 73
c o [mem] consolidate  old-sz: 8747K new-sz: 2324K new bits offs: 19 T: 0.00
c o [rdb] cls before: 31237 after: 21137 low lbd: 23 lbd cutoff: 2 target computed: 20000 cannot be del : 76 used: 16514 rdb: 76
c o [mem] consolidate  old-sz: 7290K new-sz: 2149K new bits offs: 19 T: 0.00
c o [rdb] cls before: 31360 after: 21228 low lbd: 25 lbd cutoff: 2 target computed: 20000 cannot be del : 53 used: 15805 rdb: 79
c o [mem] consolidate  old-sz: 8625K new-sz: 2321K new bits offs: 19 T: 0.00
c o [rdb] cls before: 31880 after: 21686 low lbd: 26 lbd cutoff: 2 target computed: 20000 cannot be del : 49 used: 16618 rdb: 82
c o [mem] consolidate  old-sz: 7058K new-sz: 2223K new bits offs: 19 T: 0.00
c o [rdb] cls before: 31985 after: 22341 low lbd: 28 lbd cutoff: 2 target computed: 20000 cannot be del : 51 used: 16947 rdb: 85
c o [mem] consolidate  old-sz: 8656K new-sz: 2247K new bits offs: 19 T: 0.00
c o [rdb] cls before: 32325 after: 22088 low lbd: 28 lbd cutoff: 2 target computed: 20000 cannot be del : 55 used: 16548 rdb: 88
c o [mem] consolidate  old-sz: 7028K new-sz: 2288K new bits offs: 19 T: 0.00
c o [rdb] cls before: 32240 after: 22281 low lbd: 29 lbd cutoff: 2 target computed: 20000 cannot be del : 39 used: 16321 rdb: 91
c o [rdb] cls before: 32640 after: 22080 low lbd: 30 lbd cutoff: 2 target computed: 20000 cannot be del : 79 used: 15811 rdb: 94
c o [mem] consolidate  old-sz: 8836K new-sz: 2201K new bits offs: 19 T: 0.00
c o [rdb] cls before: 33453 after: 23337 low lbd: 30 lbd cutoff: 2 target computed: 20000 cannot be del : 78 used: 17123 rdb: 97
c o [mem] consolidate  old-sz: 8748K new-sz: 2328K new bits offs: 19 T: 0.00
c o [rdb] cls before: 33400 after: 23385 low lbd: 31 lbd cutoff: 2 target computed: 20000 cannot be del : 82 used: 17672 rdb: 100
c o [mem] consolidate  old-sz: 7057K new-sz: 2231K new bits offs: 19 T: 0.00
c o [rdb] cls before: 32826 after: 23088 low lbd: 32 lbd cutoff: 2 target computed: 20000 cannot be del : 70 used: 16242 rdb: 103
c o [mem] consolidate  old-sz: 8425K new-sz: 2286K new bits offs: 19 T: 0.00
c o [rdb] cls before: 33468 after: 23482 low lbd: 32 lbd cutoff: 2 target computed: 20000 cannot be del : 52 used: 17450 rdb: 106
c o [rdb] cls before: 34000 after: 23813 low lbd: 34 lbd cutoff: 2 target computed: 20000 cannot be del : 54 used: 16931 rdb: 109
c o [mem] consolidate  old-sz: 8631K new-sz: 2346K new bits offs: 19 T: 0.00
c o [rdb] cls before: 34199 after: 24109 low lbd: 36 lbd cutoff: 2 target computed: 20000 cannot be del : 72 used: 17075 rdb: 112
c o [mem] consolidate  old-sz: 8783K new-sz: 2415K new bits offs: 19 T: 0.00
c o [rdb] cls before: 34270 after: 24465 low lbd: 36 lbd cutoff: 2 target computed: 20000 cannot be del : 50 used: 17980 rdb: 115
c o [mem] consolidate  old-sz: 7405K new-sz: 2341K new bits offs: 19 T: 0.00
c o [rdb] cls before: 34283 after: 23940 low lbd: 36 lbd cutoff: 2 target computed: 20000 cannot be del : 55 used: 17086 rdb: 118
c o [mem] consolidate  old-sz: 8868K new-sz: 2313K new bits offs: 19 T: 0.00
c o [rdb] cls before: 34428 after: 24129 low lbd: 36 lbd cutoff: 2 target computed: 20000 cannot be del : 86 used: 17364 rdb: 121
c o [rdb] cls before: 34822 after: 24245 low lbd: 36 lbd cutoff: 2 target computed: 20000 cannot be del : 74 used: 17272 rdb: 124
c o [mem] consolidate  old-sz: 8685K new-sz: 2262K new bits offs: 19 T: 0.00
c o [rdb] cls before: 34386 after: 24604 low lbd: 38 lbd cutoff: 2 target computed: 20000 cannot be del : 73 used: 16894 rdb: 127
c o [mem] consolidate  old-sz: 8602K new-sz: 2289K new bits offs: 19 T: 0.00
c o [rdb] cls before: 35102 after: 25072 low lbd: 40 lbd cutoff: 2 target computed: 20000 cannot be del : 70 used: 17760 rdb: 130
c o [mem] consolidate  old-sz: 8655K new-sz: 2301K new bits offs: 19 T: 0.00
c o [rdb] cls before: 34730 after: 25029 low lbd: 40 lbd cutoff: 2 target computed: 20000 cannot be del : 41 used: 17209 rdb: 133
c o [rdb] cls before: 35935 after: 25047 low lbd: 41 lbd cutoff: 2 target computed: 20000 cannot be del : 67 used: 17509 rdb: 136
c o [mem] consolidate  old-sz: 8570K new-sz: 2305K new bits offs: 19 T: 0.00
c o [rdb] cls before: 35905 after: 25972 low lbd: 41 lbd cutoff: 2 target computed: 20000 cannot be del : 70 used: 18261 rdb: 139
c o [mem] consolidate  old-sz: 8607K new-sz: 2444K new bits offs: 19 T: 0.00
c o [rdb] cls before: 36091 after: 24933 low lbd: 44 lbd cutoff: 2 target computed: 20000 cannot be del : 78 used: 16683 rdb: 142
c o [mem] consolidate  old-sz: 8899K new-sz: 2552K new bits offs: 19 T: 0.00
c o [rdb] cls before: 35998 after: 25666 low lbd: 44 lbd cutoff: 2 target computed: 20000 cannot be del : 65 used: 17793 rdb: 145
c o [mem] consolidate  old-sz: 7523K new-sz: 2546K new bits offs: 19 T: 0.00
c o [rdb] cls before: 35952 after: 25586 low lbd: 45 lbd cutoff: 2 target computed: 20000 cannot be del : 54 used: 18447 rdb: 148
c o [mem] consolidate  old-sz: 7510K new-sz: 2503K new bits offs: 19 T: 0.00
c o [rdb] cls before: 35787 after: 25321 low lbd: 45 lbd cutoff: 2 target computed: 20000 cannot be del : 24 used: 16483 rdb: 151
c o [mem] consolidate  old-sz: 7610K new-sz: 2469K new bits offs: 19 T: 0.00
c o [rdb] cls before: 35625 after: 25789 low lbd: 45 lbd cutoff: 2 target computed: 20000 cannot be del : 97 used: 17132 rdb: 154
c o [mem] consolidate  old-sz: 7439K new-sz: 2305K new bits offs: 19 T: 0.00
c o [rdb] cls before: 34792 after: 25637 low lbd: 45 lbd cutoff: 2 target computed: 20000 cannot be del : 72 used: 17177 rdb: 157
c o [rdb] cls before: 36477 after: 26041 low lbd: 46 lbd cutoff: 2 target computed: 20000 cannot be del : 46 used: 17888 rdb: 160
c o [mem] consolidate  old-sz: 8697K new-sz: 2453K new bits offs: 19 T: 0.00
c o [rdb] cls before: 35453 after: 26001 low lbd: 46 lbd cutoff: 2 target computed: 20000 cannot be del : 51 used: 17465 rdb: 163
c o [mem] consolidate  old-sz: 7130K new-sz: 2398K new bits offs: 19 T: 0.00
c o [rdb] cls before: 36278 after: 26568 low lbd: 48 lbd cutoff: 2 target computed: 20000 cannot be del : 21 used: 19051 rdb: 166
c o [mem] consolidate  old-sz: 8619K new-sz: 2337K new bits offs: 19 T: 0.00
c o [rdb] cls before: 36483 after: 26075 low lbd: 48 lbd cutoff: 2 target computed: 20000 cannot be del : 102 used: 17318 rdb: 169
c o [mem] consolidate  old-sz: 8691K new-sz: 2367K new bits offs: 19 T: 0.00
c o [rdb] cls before: 35936 after: 26574 low lbd: 49 lbd cutoff: 2 target computed: 20000 cannot be del : 65 used: 18129 rdb: 172
c o [rdb] cls before: 36323 after: 26506 low lbd: 49 lbd cutoff: 2 target computed: 20000 cannot be del : 64 used: 18620 rdb: 175
c o [mem] consolidate  old-sz: 8805K new-sz: 2448K new bits offs: 19 T: 0.00
c o [rdb] cls before: 36747 after: 26367 low lbd: 49 lbd cutoff: 2 target computed: 20000 cannot be del : 89 used: 17681 rdb: 178
c o [mem] consolidate  old-sz: 7221K new-sz: 2440K new bits offs: 19 T: 0.00
c o [rdb] cls before: 36063 after: 26720 low lbd: 49 lbd cutoff: 2 target computed: 20000 cannot be del : 42 used: 18623 rdb: 181
c o [mem] consolidate  old-sz: 8813K new-sz: 2460K new bits offs: 19 T: 0.00
c o [rdb] cls before: 36774 after: 26032 low lbd: 50 lbd cutoff: 2 target computed: 20000 cannot be del : 52 used: 17797 rdb: 184
c o [mem] consolidate  old-sz: 8717K new-sz: 2390K new bits offs: 19 T: 0.00
c o [rdb] cls before: 36358 after: 26999 low lbd: 50 lbd cutoff: 2 target computed: 20000 cannot be del : 54 used: 18316 rdb: 187
c o [mem] consolidate  old-sz: 6978K new-sz: 2357K new bits offs: 19 T: 0.00
c o [rdb] cls before: 36326 after: 26811 low lbd: 51 lbd cutoff: 2 target computed: 20000 cannot be del : 43 used: 18293 rdb: 190
c o [mem] consolidate  old-sz: 6961K new-sz: 2295K new bits offs: 19 T: 0.00
c o [rdb] cls before: 36238 after: 26836 low lbd: 53 lbd cutoff: 2 target computed: 20000 cannot be del : 78 used: 17757 rdb: 193
c o [rdb] cls before: 36698 after: 26491 low lbd: 54 lbd cutoff: 2 target computed: 20000 cannot be del : 96 used: 17380 rdb: 196
c o [mem] consolidate  old-sz: 8597K new-sz: 2437K new bits offs: 19 T: 0.00
c o [rdb] cls before: 35989 after: 26643 low lbd: 55 lbd cutoff: 2 target computed: 20000 cannot be del : 61 used: 17800 rdb: 199
c o [mem] consolidate  old-sz: 8849K new-sz: 2503K new bits offs: 19 T: 0.00
c o [rdb] cls before: 36001 after: 26693 low lbd: 56 lbd cutoff: 2 target computed: 20000 cannot be del : 95 used: 18296 rdb: 202
c o [mem] consolidate  old-sz: 8894K new-sz: 2422K new bits offs: 19 T: 0.00
c o [rdb] cls before: 36419 after: 26699 low lbd: 58 lbd cutoff: 2 target computed: 20000 cannot be del : 78 used: 18379 rdb: 205
c o [rdb] cls before: 36812 after: 26104 low lbd: 60 lbd cutoff: 2 target computed: 20000 cannot be del : 66 used: 17064 rdb: 208
c o [mem] consolidate  old-sz: 8895K new-sz: 2350K new bits offs: 19 T: 0.00
c o [rdb] cls before: 36734 after: 26707 low lbd: 60 lbd cutoff: 2 target computed: 20000 cannot be del : 67 used: 18176 rdb: 211
c o [mem] consolidate  old-sz: 8731K new-sz: 2459K new bits offs: 19 T: 0.00
c o [rdb] cls before: 36637 after: 27066 low lbd: 61 lbd cutoff: 2 target computed: 20000 cannot be del : 48 used: 18688 rdb: 214
c o [mem] consolidate  old-sz: 8786K new-sz: 2408K new bits offs: 19 T: 0.00
c o [rdb] cls before: 36626 after: 26756 low lbd: 62 lbd cutoff: 2 target computed: 20000 cannot be del : 59 used: 17804 rdb: 217
c o [rdb] cls before: 36701 after: 26444 low lbd: 62 lbd cutoff: 2 target computed: 20000 cannot be del : 93 used: 17933 rdb: 220
c o [mem] consolidate  old-sz: 8819K new-sz: 2459K new bits offs: 19 T: 0.00
c o [rdb] cls before: 36101 after: 26656 low lbd: 62 lbd cutoff: 2 target computed: 20000 cannot be del : 57 used: 18183 rdb: 223
c o [mem] consolidate  old-sz: 9103K new-sz: 2412K new bits offs: 19 T: 0.00
c o [rdb] cls before: 35991 after: 25873 low lbd: 62 lbd cutoff: 2 target computed: 20000 cannot be del : 64 used: 17940 rdb: 226
c o [mem] consolidate  old-sz: 8635K new-sz: 2378K new bits offs: 19 T: 0.00
c o [rdb] cls before: 36084 after: 26636 low lbd: 63 lbd cutoff: 2 target computed: 20000 cannot be del : 85 used: 18883 rdb: 229
c o [rdb] cls before: 36239 after: 26319 low lbd: 64 lbd cutoff: 2 target computed: 20000 cannot be del : 108 used: 18081 rdb: 232
c o [mem] consolidate  old-sz: 8634K new-sz: 2389K new bits offs: 19 T: 0.00
c o [rdb] cls before: 36142 after: 26505 low lbd: 64 lbd cutoff: 2 target computed: 20000 cannot be del : 45 used: 18280 rdb: 235
c o [mem] consolidate  old-sz: 8652K new-sz: 2455K new bits offs: 19 T: 0.00
c o [rdb] cls before: 36642 after: 26602 low lbd: 67 lbd cutoff: 2 target computed: 20000 cannot be del : 77 used: 18082 rdb: 238
c o [mem] consolidate  old-sz: 8819K new-sz: 2423K new bits offs: 19 T: 0.00
c o [rdb] cls before: 36871 after: 26823 low lbd: 68 lbd cutoff: 2 target computed: 20000 cannot be del : 86 used: 17998 rdb: 241
c o [mem] consolidate  old-sz: 7203K new-sz: 2274K new bits offs: 19 T: 0.00
c o [rdb] cls before: 35734 after: 26513 low lbd: 68 lbd cutoff: 2 target computed: 20000 cannot be del : 87 used: 18165 rdb: 244
c o [rdb] cls before: 36737 after: 26360 low lbd: 69 lbd cutoff: 2 target computed: 20000 cannot be del : 85 used: 17931 rdb: 247
c o [mem] consolidate  old-sz: 8492K new-sz: 2347K new bits offs: 19 T: 0.00
c o [rdb] cls before: 36532 after: 26622 low lbd: 70 lbd cutoff: 2 target computed: 20000 cannot be del : 37 used: 17550 rdb: 250
c o [mem] consolidate  old-sz: 8578K new-sz: 2365K new bits offs: 19 T: 0.00
c o [rdb] cls before: 37276 after: 27239 low lbd: 72 lbd cutoff: 2 target computed: 20000 cannot be del : 56 used: 18823 rdb: 253
c o [mem] consolidate  old-sz: 8593K new-sz: 2383K new bits offs: 19 T: 0.00
c o [rdb] cls before: 37164 after: 27078 low lbd: 72 lbd cutoff: 2 target computed: 20000 cannot be del : 87 used: 18466 rdb: 256
c o [rdb] cls before: 37244 after: 27290 low lbd: 72 lbd cutoff: 2 target computed: 20000 cannot be del : 91 used: 18417 rdb: 259
c o [mem] consolidate  old-sz: 8660K new-sz: 2480K new bits offs: 19 T: 0.00
c o [rdb] cls before: 37298 after: 27782 low lbd: 72 lbd cutoff: 2 target computed: 20000 cannot be del : 88 used: 19995 rdb: 262
c o [mem] consolidate  old-sz: 8652K new-sz: 2422K new bits offs: 19 T: 0.00
c o [rdb] cls before: 37489 after: 27610 low lbd: 73 lbd cutoff: 2 target computed: 20000 cannot be del : 62 used: 18993 rdb: 265
c o [mem] consolidate  old-sz: 7173K new-sz: 2489K new bits offs: 19 T: 0.00
c o [rdb] cls before: 36395 after: 25943 low lbd: 73 lbd cutoff: 2 target computed: 20000 cannot be del : 77 used: 17416 rdb: 268
c o [mem] consolidate  old-sz: 7190K new-sz: 2402K new bits offs: 19 T: 0.00
c o [rdb] cls before: 36493 after: 26485 low lbd: 75 lbd cutoff: 2 target computed: 20000 cannot be del : 71 used: 17997 rdb: 271
c o [mem] consolidate  old-sz: 8723K new-sz: 2420K new bits offs: 19 T: 0.00
c o [rdb] cls before: 36541 after: 26196 low lbd: 75 lbd cutoff: 2 target computed: 20000 cannot be del : 59 used: 19052 rdb: 274
c o [mem] consolidate  old-sz: 7132K new-sz: 2388K new bits offs: 19 T: 0.00
c o [rdb] cls before: 36209 after: 26076 low lbd: 77 lbd cutoff: 2 target computed: 20000 cannot be del : 79 used: 18647 rdb: 277
c o [rdb] cls before: 36602 after: 25313 low lbd: 77 lbd cutoff: 2 target computed: 20000 cannot be del : 75 used: 17602 rdb: 280
c o [mem] consolidate  old-sz: 8718K new-sz: 2220K new bits offs: 19 T: 0.00
c o [rdb] cls before: 36482 after: 25971 low lbd: 77 lbd cutoff: 2 target computed: 20000 cannot be del : 85 used: 17363 rdb: 283
c o [mem] consolidate  old-sz: 8572K new-sz: 2451K new bits offs: 19 T: 0.00
c o [rdb] cls before: 36360 after: 26843 low lbd: 77 lbd cutoff: 2 target computed: 20000 cannot be del : 39 used: 18610 rdb: 286
c o [mem] consolidate  old-sz: 8924K new-sz: 2455K new bits offs: 19 T: 0.00
c o [rdb] cls before: 36927 after: 26307 low lbd: 77 lbd cutoff: 2 target computed: 20000 cannot be del : 109 used: 18359 rdb: 289
c o [mem] consolidate  old-sz: 7127K new-sz: 2450K new bits offs: 19 T: 0.00
c o [rdb] cls before: 36816 after: 26997 low lbd: 77 lbd cutoff: 2 target computed: 20000 cannot be del : 58 used: 18568 rdb: 292
c o [mem] consolidate  old-sz: 7196K new-sz: 2373K new bits offs: 19 T: 0.00
c o [rdb] cls before: 36198 after: 26563 low lbd: 81 lbd cutoff: 2 target computed: 20000 cannot be del : 107 used: 17716 rdb: 295
c o [rdb] cls before: 36783 after: 26990 low lbd: 84 lbd cutoff: 2 target computed: 20000 cannot be del : 57 used: 19106 rdb: 298
c o [mem] consolidate  old-sz: 8836K new-sz: 2435K new bits offs: 19 T: 0.00
c o [rdb] cls before: 36937 after: 27516 low lbd: 86 lbd cutoff: 2 target computed: 20000 cannot be del : 87 used: 19183 rdb: 301
c o [mem] consolidate  old-sz: 8936K new-sz: 2593K new bits offs: 19 T: 0.00
c o [rdb] cls before: 37525 after: 27182 low lbd: 86 lbd cutoff: 2 target computed: 20000 cannot be del : 99 used: 20092 rdb: 304
c o [mem] consolidate  old-sz: 7313K new-sz: 2277K new bits offs: 19 T: 0.00
c o [rdb] cls before: 36993 after: 27438 low lbd: 87 lbd cutoff: 2 target computed: 20000 cannot be del : 76 used: 19298 rdb: 307
c o [mem] consolidate  old-sz: 8557K new-sz: 2482K new bits offs: 19 T: 0.00
c o [rdb] cls before: 36303 after: 26989 low lbd: 89 lbd cutoff: 2 target computed: 20000 cannot be del : 78 used: 19065 rdb: 310
c o [mem] consolidate  old-sz: 7190K new-sz: 2315K new bits offs: 19 T: 0.00
c o [rdb] cls before: 35677 after: 26497 low lbd: 90 lbd cutoff: 2 target computed: 20000 cannot be del : 47 used: 18421 rdb: 313
c o [rdb] cls before: 37140 after: 25254 low lbd: 91 lbd cutoff: 2 target computed: 20000 cannot be del : 77 used: 17725 rdb: 316
c o [mem] consolidate  old-sz: 8711K new-sz: 2372K new bits offs: 19 T: 0.00
c o [rdb] cls before: 35294 after: 25708 low lbd: 91 lbd cutoff: 2 target computed: 20000 cannot be del : 56 used: 17992 rdb: 319
c o [mem] consolidate  old-sz: 8836K new-sz: 2405K new bits offs: 19 T: 0.00
c o [rdb] cls before: 35578 after: 25990 low lbd: 91 lbd cutoff: 2 target computed: 20000 cannot be del : 32 used: 18237 rdb: 322
c o [mem] consolidate  old-sz: 8927K new-sz: 2380K new bits offs: 19 T: 0.00
c o [rdb] cls before: 35970 after: 26030 low lbd: 92 lbd cutoff: 2 target computed: 20000 cannot be del : 78 used: 17804 rdb: 325
c o [rdb] cls before: 36140 after: 26401 low lbd: 93 lbd cutoff: 2 target computed: 20000 cannot be del : 91 used: 18202 rdb: 328
c o [mem] consolidate  old-sz: 8986K new-sz: 2532K new bits offs: 19 T: 0.00
c o [rdb] cls before: 35776 after: 26550 low lbd: 93 lbd cutoff: 2 target computed: 20000 cannot be del : 47 used: 18044 rdb: 331
c o [mem] consolidate  old-sz: 8839K new-sz: 2451K new bits offs: 19 T: 0.00
c o [rdb] cls before: 36782 after: 25945 low lbd: 93 lbd cutoff: 2 target computed: 20000 cannot be del : 45 used: 17428 rdb: 334
c o [mem] consolidate  old-sz: 7204K new-sz: 2470K new bits offs: 19 T: 0.00
c o [rdb] cls before: 36655 after: 26014 low lbd: 95 lbd cutoff: 2 target computed: 20000 cannot be del : 82 used: 17941 rdb: 337
c o [mem] consolidate  old-sz: 9014K new-sz: 2508K new bits offs: 19 T: 0.00
c o [rdb] cls before: 36298 after: 26771 low lbd: 95 lbd cutoff: 2 target computed: 20000 cannot be del : 65 used: 18746 rdb: 340
c o [mem] consolidate  old-sz: 7376K new-sz: 2355K new bits offs: 19 T: 0.00
c o [rdb] cls before: 35745 after: 25953 low lbd: 96 lbd cutoff: 2 target computed: 20000 cannot be del : 58 used: 18615 rdb: 343
c o [rdb] cls before: 36206 after: 26507 low lbd: 97 lbd cutoff: 2 target computed: 20000 cannot be del : 56 used: 18451 rdb: 346
c o [mem] consolidate  old-sz: 8751K new-sz: 2479K new bits offs: 19 T: 0.00
c o [rdb] cls before: 35854 after: 26052 low lbd: 97 lbd cutoff: 2 target computed: 20000 cannot be del : 84 used: 17278 rdb: 349
c o [mem] consolidate  old-sz: 7393K new-sz: 2439K new bits offs: 19 T: 0.00
c o [rdb] cls before: 36622 after: 25891 low lbd: 98 lbd cutoff: 2 target computed: 20000 cannot be del : 30 used: 18542 rdb: 352
c o [mem] consolidate  old-sz: 7329K new-sz: 2329K new bits offs: 19 T: 0.00
c o [rdb] cls before: 36237 after: 26312 low lbd: 98 lbd cutoff: 2 target computed: 20000 cannot be del : 81 used: 18536 rdb: 355
c o [mem] consolidate  old-sz: 8620K new-sz: 2410K new bits offs: 19 T: 0.00
c o [rdb] cls before: 36595 after: 26383 low lbd: 98 lbd cutoff: 2 target computed: 20000 cannot be del : 96 used: 17804 rdb: 358
c o [mem] consolidate  old-sz: 8793K new-sz: 2391K new bits offs: 19 T: 0.00
c o [rdb] cls before: 36443 after: 26298 low lbd: 99 lbd cutoff: 2 target computed: 20000 cannot be del : 86 used: 17943 rdb: 361
c o [mem] consolidate  old-sz: 7112K new-sz: 2348K new bits offs: 19 T: 0.00
c o [rdb] cls before: 36086 after: 26570 low lbd: 99 lbd cutoff: 2 target computed: 20000 cannot be del : 86 used: 18505 rdb: 364
c o [rdb] cls before: 36595 after: 26628 low lbd: 100 lbd cutoff: 2 target computed: 20000 cannot be del : 67 used: 18251 rdb: 367
c o [mem] consolidate  old-sz: 8754K new-sz: 2494K new bits offs: 19 T: 0.00
c o [rdb] cls before: 36669 after: 26570 low lbd: 101 lbd cutoff: 2 target computed: 20000 cannot be del : 86 used: 18911 rdb: 370
c o [mem] consolidate  old-sz: 7349K new-sz: 2388K new bits offs: 19 T: 0.00
c o [rdb] cls before: 36856 after: 26523 low lbd: 102 lbd cutoff: 2 target computed: 20000 cannot be del : 68 used: 17645 rdb: 373
c o [mem] consolidate  old-sz: 7289K new-sz: 2493K new bits offs: 19 T: 0.00
c o [rdb] cls before: 36152 after: 26927 low lbd: 102 lbd cutoff: 2 target computed: 20000 cannot be del : 59 used: 18234 rdb: 376
c o [mem] consolidate  old-sz: 8857K new-sz: 2425K new bits offs: 19 T: 0.00
c o [rdb] cls before: 36745 after: 27009 low lbd: 102 lbd cutoff: 2 target computed: 20000 cannot be del : 74 used: 18545 rdb: 379
c o [mem] consolidate  old-sz: 7266K new-sz: 2502K new bits offs: 19 T: 0.00
c o [rdb] cls before: 37009 after: 26665 low lbd: 103 lbd cutoff: 2 target computed: 20000 cannot be del : 59 used: 17855 rdb: 382
c o [mem] consolidate  old-sz: 7570K new-sz: 2523K new bits offs: 19 T: 0.00
c o total time so far: 444.63
c o decisions K                    3993      -- Kdec/s:     18.06    
c o conflicts                      3842532      -- confl/s:    17378.22 
c o rem lits triedK/rem lits remK  200       245       
c o shrink tried/useful%/lits rem  3842532   80.7470   17844064  
c o avg clsz/rem lits avg/finalavg 48.3978   36.2521   36.1883  
c o rdbs/low lbd/rem               384   103    3913069
c o looks/look-computes            0/0
c o sat call/sat/unsat/confl/rst  0     0     0     0     0     
c o buddy called /unsat ratio           0     / 0.0000 
c o buddy avg num bin/long cls/vs  0.0000 / 0.0000 / 0.0000
c o buddy max num bin/long cls/vs  0     / 0     / 0    
c o orig cubes/lit-r avg/exten avg 0     / 0.00  / 0.00 
c o cubes orig/symm/final          0     / 0     / 0    
c o cubes resolved/flp-removed     0     / 0    
c o tot restarts                   0    
c o comp sortsK/avg sz             3990  / 1.00093358
c o comps recordK/non-reset ratio  4011 / 0.55
c o vivif: try/cls/clviv/litsravg  122       233358    3260      0.91      
c o toplev subs runs/bins/long-cls 0         0         0         0         0         
c o toplevel probes/fail/bprop     0         0         0         
c o Mem used                       0.00 GB
c o cache pollutions call/removed  9279690/3992605
c o cache entries K                1
c o MB cache                       4.224
c o cache K (lookup/ stores/ hits/ dels) 4000   3993   7      0       -- Klookup/s:  18.09    
c o cache miss rate                0.998
c o avg hit/store num vars 4.241 / 313.824
c o 
c o [rdb] cls before: 37070 after: 26577 low lbd: 103 lbd cutoff: 2 target computed: 20000 cannot be del : 55 used: 19220 rdb: 385
c o [mem] consolidate  old-sz: 7494K new-sz: 2437K new bits offs: 19 T: 0.00
c o [rdb] cls before: 36502 after: 26837 low lbd: 105 lbd cutoff: 2 target computed: 20000 cannot be del : 38 used: 18444 rdb: 388
c o [mem] consolidate  old-sz: 8944K new-sz: 2407K new bits offs: 19 T: 0.00
c o [rdb] cls before: 36461 after: 26643 low lbd: 105 lbd cutoff: 2 target computed: 20000 cannot be del : 55 used: 18419 rdb: 391
c o [mem] consolidate  old-sz: 6993K new-sz: 2263K new bits offs: 19 T: 0.00
c o [rdb] cls before: 36279 after: 26347 low lbd: 105 lbd cutoff: 2 target computed: 20000 cannot be del : 61 used: 17539 rdb: 394
c o [mem] consolidate  old-sz: 6876K new-sz: 2277K new bits offs: 19 T: 0.00
c o [rdb] cls before: 36068 after: 26540 low lbd: 105 lbd cutoff: 2 target computed: 20000 cannot be del : 83 used: 18418 rdb: 397
c o [mem] consolidate  old-sz: 6812K new-sz: 2234K new bits offs: 19 T: 0.00
c o [rdb] cls before: 35968 after: 27168 low lbd: 107 lbd cutoff: 2 target computed: 20000 cannot be del : 69 used: 18748 rdb: 400
c o [rdb] cls before: 37302 after: 27046 low lbd: 107 lbd cutoff: 2 target computed: 20000 cannot be del : 59 used: 18855 rdb: 403
c o [mem] consolidate  old-sz: 8374K new-sz: 2409K new bits offs: 19 T: 0.00
c o [rdb] cls before: 37331 after: 27309 low lbd: 107 lbd cutoff: 2 target computed: 20000 cannot be del : 69 used: 20069 rdb: 406
c o [mem] consolidate  old-sz: 8570K new-sz: 2354K new bits offs: 19 T: 0.00
c o [rdb] cls before: 36972 after: 26610 low lbd: 108 lbd cutoff: 2 target computed: 20000 cannot be del : 74 used: 18056 rdb: 409
c o [mem] consolidate  old-sz: 8429K new-sz: 2394K new bits offs: 19 T: 0.00
c o [rdb] cls before: 37370 after: 27451 low lbd: 108 lbd cutoff: 2 target computed: 20000 cannot be del : 76 used: 18895 rdb: 412
c o [mem] consolidate  old-sz: 6960K new-sz: 2357K new bits offs: 19 T: 0.00
c o [rdb] cls before: 37116 after: 27206 low lbd: 108 lbd cutoff: 2 target computed: 20000 cannot be del : 104 used: 18554 rdb: 415
c o [rdb] cls before: 37365 after: 27494 low lbd: 108 lbd cutoff: 2 target computed: 20000 cannot be del : 77 used: 19516 rdb: 418
c o [mem] consolidate  old-sz: 8695K new-sz: 2450K new bits offs: 19 T: 0.00
c o [rdb] cls before: 37387 after: 26521 low lbd: 109 lbd cutoff: 2 target computed: 20000 cannot be del : 88 used: 18434 rdb: 421
c o [mem] consolidate  old-sz: 7045K new-sz: 2290K new bits offs: 19 T: 0.00
c o [rdb] cls before: 36953 after: 27118 low lbd: 110 lbd cutoff: 2 target computed: 20000 cannot be del : 56 used: 19638 rdb: 424
c o [mem] consolidate  old-sz: 8475K new-sz: 2432K new bits offs: 19 T: 0.00
c o [rdb] cls before: 37216 after: 27560 low lbd: 110 lbd cutoff: 2 target computed: 20000 cannot be del : 84 used: 19656 rdb: 427
c o [mem] consolidate  old-sz: 8785K new-sz: 2477K new bits offs: 19 T: 0.00
c o [rdb] cls before: 37821 after: 27451 low lbd: 112 lbd cutoff: 2 target computed: 20000 cannot be del : 89 used: 19233 rdb: 430
c o [mem] consolidate  old-sz: 7315K new-sz: 2452K new bits offs: 19 T: 0.00
c o [rdb] cls before: 37322 after: 26902 low lbd: 112 lbd cutoff: 2 target computed: 20000 cannot be del : 84 used: 18097 rdb: 433
c o [rdb] cls before: 37407 after: 27140 low lbd: 112 lbd cutoff: 2 target computed: 20000 cannot be del : 77 used: 18383 rdb: 436
c o [mem] consolidate  old-sz: 8768K new-sz: 2512K new bits offs: 19 T: 0.00
c o [rdb] cls before: 37068 after: 27255 low lbd: 113 lbd cutoff: 2 target computed: 20000 cannot be del : 70 used: 20063 rdb: 439
c o [mem] consolidate  old-sz: 8838K new-sz: 2466K new bits offs: 19 T: 0.00
c o [rdb] cls before: 37148 after: 27374 low lbd: 113 lbd cutoff: 2 target computed: 20000 cannot be del : 87 used: 19038 rdb: 442
c o [mem] consolidate  old-sz: 8737K new-sz: 2295K new bits offs: 19 T: 0.00
c o [rdb] cls before: 36419 after: 26918 low lbd: 113 lbd cutoff: 2 target computed: 20000 cannot be del : 84 used: 17831 rdb: 445
c o [rdb] cls before: 37369 after: 27053 low lbd: 113 lbd cutoff: 2 target computed: 20000 cannot be del : 93 used: 18422 rdb: 448
c o [mem] consolidate  old-sz: 8627K new-sz: 2438K new bits offs: 19 T: 0.00
c o [rdb] cls before: 37184 after: 27627 low lbd: 113 lbd cutoff: 2 target computed: 20000 cannot be del : 91 used: 19179 rdb: 451
c o [mem] consolidate  old-sz: 8791K new-sz: 2400K new bits offs: 19 T: 0.00
c o [rdb] cls before: 37626 after: 28036 low lbd: 115 lbd cutoff: 2 target computed: 20000 cannot be del : 52 used: 20547 rdb: 454
c o [mem] consolidate  old-sz: 8686K new-sz: 2383K new bits offs: 19 T: 0.00
c o [rdb] cls before: 37097 after: 27832 low lbd: 116 lbd cutoff: 2 target computed: 20000 cannot be del : 72 used: 19171 rdb: 457
c o [rdb] cls before: 37609 after: 27869 low lbd: 117 lbd cutoff: 2 target computed: 20000 cannot be del : 108 used: 19430 rdb: 460
c o [mem] consolidate  old-sz: 8722K new-sz: 2523K new bits offs: 19 T: 0.00
c o [rdb] cls before: 37852 after: 27785 low lbd: 118 lbd cutoff: 2 target computed: 20000 cannot be del : 59 used: 19244 rdb: 463
c o [mem] consolidate  old-sz: 7417K new-sz: 2511K new bits offs: 19 T: 0.00
c o [rdb] cls before: 37323 after: 27845 low lbd: 118 lbd cutoff: 2 target computed: 20000 cannot be del : 64 used: 19278 rdb: 466
c o [mem] consolidate  old-sz: 8502K new-sz: 2418K new bits offs: 19 T: 0.00
c o [rdb] cls before: 38092 after: 27871 low lbd: 118 lbd cutoff: 2 target computed: 20000 cannot be del : 89 used: 19751 rdb: 469
c o [mem] consolidate  old-sz: 6972K new-sz: 2351K new bits offs: 19 T: 0.00
c o [rdb] cls before: 37329 after: 27670 low lbd: 118 lbd cutoff: 2 target computed: 20000 cannot be del : 50 used: 18817 rdb: 472
c o [mem] consolidate  old-sz: 7057K new-sz: 2393K new bits offs: 19 T: 0.00
c o [rdb] cls before: 37905 after: 27954 low lbd: 121 lbd cutoff: 2 target computed: 20000 cannot be del : 52 used: 20456 rdb: 475
c o [mem] consolidate  old-sz: 7031K new-sz: 2367K new bits offs: 19 T: 0.00
c o [rdb] cls before: 36996 after: 27487 low lbd: 125 lbd cutoff: 2 target computed: 20000 cannot be del : 61 used: 18581 rdb: 478
c o [mem] consolidate  old-sz: 8615K new-sz: 2400K new bits offs: 19 T: 0.00
c o [rdb] cls before: 37033 after: 27689 low lbd: 125 lbd cutoff: 2 target computed: 20000 cannot be del : 74 used: 19323 rdb: 481
c o [rdb] cls before: 37656 after: 27528 low lbd: 125 lbd cutoff: 2 target computed: 20000 cannot be del : 44 used: 18759 rdb: 484
c o [mem] consolidate  old-sz: 8657K new-sz: 2444K new bits offs: 19 T: 0.00
c o [rdb] cls before: 37733 after: 28085 low lbd: 126 lbd cutoff: 2 target computed: 20000 cannot be del : 48 used: 20588 rdb: 487
c o [mem] consolidate  old-sz: 8621K new-sz: 2275K new bits offs: 19 T: 0.00
c o [rdb] cls before: 37281 after: 27255 low lbd: 126 lbd cutoff: 2 target computed: 20000 cannot be del : 75 used: 18230 rdb: 490
c o [mem] consolidate  old-sz: 8353K new-sz: 2313K new bits offs: 19 T: 0.00
c o [rdb] cls before: 36721 after: 27185 low lbd: 127 lbd cutoff: 2 target computed: 20000 cannot be del : 45 used: 18246 rdb: 493
c o [mem] consolidate  old-sz: 6984K new-sz: 2357K new bits offs: 19 T: 0.00
c o [rdb] cls before: 36701 after: 27100 low lbd: 127 lbd cutoff: 2 target computed: 20000 cannot be del : 73 used: 19139 rdb: 496
c o [rdb] cls before: 36902 after: 27025 low lbd: 127 lbd cutoff: 2 target computed: 20000 cannot be del : 60 used: 18572 rdb: 499
c o [mem] consolidate  old-sz: 8499K new-sz: 2404K new bits offs: 19 T: 0.00
c o [rdb] cls before: 36817 after: 26881 low lbd: 127 lbd cutoff: 2 target computed: 20000 cannot be del : 60 used: 18591 rdb: 502
c o [mem] consolidate  old-sz: 6996K new-sz: 2361K new bits offs: 19 T: 0.00
c o [rdb] cls before: 37079 after: 27050 low lbd: 128 lbd cutoff: 2 target computed: 20000 cannot be del : 56 used: 18725 rdb: 505
c o [mem] consolidate  old-sz: 8556K new-sz: 2327K new bits offs: 19 T: 0.00
c o [rdb] cls before: 36717 after: 26625 low lbd: 129 lbd cutoff: 2 target computed: 20000 cannot be del : 60 used: 18380 rdb: 508
c o [mem] consolidate  old-sz: 8491K new-sz: 2358K new bits offs: 19 T: 0.00
c o [rdb] cls before: 37142 after: 26257 low lbd: 131 lbd cutoff: 2 target computed: 20000 cannot be del : 74 used: 17775 rdb: 511
c o [mem] consolidate  old-sz: 7022K new-sz: 2442K new bits offs: 19 T: 0.00
c o [rdb] cls before: 36998 after: 27002 low lbd: 132 lbd cutoff: 2 target computed: 20000 cannot be del : 104 used: 18583 rdb: 514
c o [rdb] cls before: 37215 after: 26333 low lbd: 133 lbd cutoff: 2 target computed: 20000 cannot be del : 57 used: 17698 rdb: 517
c o [mem] consolidate  old-sz: 8593K new-sz: 2317K new bits offs: 19 T: 0.00
c o [rdb] cls before: 36599 after: 26693 low lbd: 133 lbd cutoff: 2 target computed: 20000 cannot be del : 50 used: 18617 rdb: 520
c o [mem] consolidate  old-sz: 8847K new-sz: 2464K new bits offs: 19 T: 0.00
c o [rdb] cls before: 35667 after: 26516 low lbd: 135 lbd cutoff: 2 target computed: 20000 cannot be del : 66 used: 18146 rdb: 523
c o [mem] consolidate  old-sz: 8681K new-sz: 2375K new bits offs: 19 T: 0.00
c o [rdb] cls before: 36593 after: 27080 low lbd: 135 lbd cutoff: 2 target computed: 20000 cannot be del : 77 used: 18841 rdb: 526
c o [mem] consolidate  old-sz: 7145K new-sz: 2359K new bits offs: 19 T: 0.00
c o [rdb] cls before: 36282 after: 26917 low lbd: 135 lbd cutoff: 2 target computed: 20000 cannot be del : 85 used: 18393 rdb: 529
c o [rdb] cls before: 36759 after: 25648 low lbd: 135 lbd cutoff: 2 target computed: 20000 cannot be del : 24 used: 17276 rdb: 532
c o [mem] consolidate  old-sz: 8511K new-sz: 2210K new bits offs: 19 T: 0.00
c o [rdb] cls before: 36725 after: 26289 low lbd: 135 lbd cutoff: 2 target computed: 20000 cannot be del : 58 used: 18163 rdb: 535
c o [mem] consolidate  old-sz: 8333K new-sz: 2475K new bits offs: 19 T: 0.00
c o [rdb] cls before: 36592 after: 27079 low lbd: 136 lbd cutoff: 2 target computed: 20000 cannot be del : 81 used: 19869 rdb: 538
c o [mem] consolidate  old-sz: 7067K new-sz: 2342K new bits offs: 19 T: 0.00
c o [rdb] cls before: 37108 after: 27315 low lbd: 136 lbd cutoff: 2 target computed: 20000 cannot be del : 90 used: 19671 rdb: 541
c o [mem] consolidate  old-sz: 8613K new-sz: 2451K new bits offs: 19 T: 0.00
c o [rdb] cls before: 37160 after: 27581 low lbd: 138 lbd cutoff: 2 target computed: 20000 cannot be del : 29 used: 19205 rdb: 544
c o [rdb] cls before: 37207 after: 26587 low lbd: 139 lbd cutoff: 2 target computed: 20000 cannot be del : 80 used: 18545 rdb: 547
c o [mem] consolidate  old-sz: 8684K new-sz: 2310K new bits offs: 19 T: 0.00
c o [rdb] cls before: 36889 after: 26448 low lbd: 139 lbd cutoff: 2 target computed: 20000 cannot be del : 106 used: 17888 rdb: 550
c o [mem] consolidate  old-sz: 6937K new-sz: 2277K new bits offs: 19 T: 0.00
c o [rdb] cls before: 37324 after: 27082 low lbd: 139 lbd cutoff: 2 target computed: 20000 cannot be del : 67 used: 18560 rdb: 553
c o [mem] consolidate  old-sz: 8709K new-sz: 2519K new bits offs: 19 T: 0.00
c o [rdb] cls before: 37340 after: 26914 low lbd: 139 lbd cutoff: 2 target computed: 20000 cannot be del : 87 used: 19235 rdb: 556
c o [mem] consolidate  old-sz: 7257K new-sz: 2445K new bits offs: 19 T: 0.00
c o [rdb] cls before: 37072 after: 27088 low lbd: 142 lbd cutoff: 2 target computed: 20000 cannot be del : 53 used: 18323 rdb: 559
c o [mem] consolidate  old-sz: 7270K new-sz: 2286K new bits offs: 19 T: 0.00
c o [rdb] cls before: 37116 after: 27075 low lbd: 143 lbd cutoff: 2 target computed: 20000 cannot be del : 38 used: 19248 rdb: 562
c o [mem] consolidate  old-sz: 8619K new-sz: 2470K new bits offs: 19 T: 0.00
c o [rdb] cls before: 37424 after: 26453 low lbd: 143 lbd cutoff: 2 target computed: 20000 cannot be del : 37 used: 17928 rdb: 565
c o [mem] consolidate  old-sz: 7044K new-sz: 2389K new bits offs: 19 T: 0.00
c o [rdb] cls before: 36678 after: 27271 low lbd: 144 lbd cutoff: 2 target computed: 20000 cannot be del : 72 used: 18740 rdb: 568
c o [mem] consolidate  old-sz: 7175K new-sz: 2367K new bits offs: 19 T: 0.00
c o [rdb] cls before: 36609 after: 27091 low lbd: 144 lbd cutoff: 2 target computed: 20000 cannot be del : 93 used: 18259 rdb: 571
c o [rdb] cls before: 37415 after: 27187 low lbd: 144 lbd cutoff: 2 target computed: 20000 cannot be del : 73 used: 18809 rdb: 574
c o [mem] consolidate  old-sz: 8686K new-sz: 2441K new bits offs: 19 T: 0.00
c o [rdb] cls before: 36810 after: 27416 low lbd: 146 lbd cutoff: 2 target computed: 20000 cannot be del : 64 used: 19193 rdb: 577
c o [mem] consolidate  old-sz: 8574K new-sz: 2433K new bits offs: 19 T: 0.00
c o [rdb] cls before: 37032 after: 27458 low lbd: 146 lbd cutoff: 2 target computed: 20000 cannot be del : 72 used: 18956 rdb: 580
c o [mem] consolidate  old-sz: 7125K new-sz: 2419K new bits offs: 19 T: 0.00
c o [rdb] cls before: 37545 after: 27372 low lbd: 147 lbd cutoff: 2 target computed: 20000 cannot be del : 71 used: 18596 rdb: 583
c o [mem] consolidate  old-sz: 8849K new-sz: 2431K new bits offs: 19 T: 0.00
c o [rdb] cls before: 37043 after: 27615 low lbd: 149 lbd cutoff: 2 target computed: 20000 cannot be del : 76 used: 19037 rdb: 586
c o [rdb] cls before: 37298 after: 27190 low lbd: 150 lbd cutoff: 2 target computed: 20000 cannot be del : 84 used: 19273 rdb: 589
c o [mem] consolidate  old-sz: 8823K new-sz: 2420K new bits offs: 19 T: 0.00
c o [rdb] cls before: 37465 after: 27290 low lbd: 154 lbd cutoff: 2 target computed: 20000 cannot be del : 100 used: 20110 rdb: 592
c o [mem] consolidate  old-sz: 8818K new-sz: 2462K new bits offs: 19 T: 0.00
c o [rdb] cls before: 37336 after: 27887 low lbd: 155 lbd cutoff: 2 target computed: 20000 cannot be del : 103 used: 19897 rdb: 595
c o [mem] consolidate  old-sz: 7367K new-sz: 2456K new bits offs: 19 T: 0.00
c o [rdb] cls before: 37602 after: 27571 low lbd: 155 lbd cutoff: 2 target computed: 20000 cannot be del : 81 used: 18884 rdb: 598
c o [mem] consolidate  old-sz: 9080K new-sz: 2616K new bits offs: 19 T: 0.00
c o [rdb] cls before: 37734 after: 26697 low lbd: 155 lbd cutoff: 2 target computed: 20000 cannot be del : 52 used: 18754 rdb: 601
c o [rdb] cls before: 37763 after: 27484 low lbd: 155 lbd cutoff: 2 target computed: 20000 cannot be del : 72 used: 18453 rdb: 604
c o [mem] consolidate  old-sz: 8609K new-sz: 2423K new bits offs: 19 T: 0.00
c o [rdb] cls before: 37706 after: 27766 low lbd: 156 lbd cutoff: 2 target computed: 20000 cannot be del : 101 used: 18998 rdb: 607
c o [mem] consolidate  old-sz: 8608K new-sz: 2533K new bits offs: 19 T: 0.00
c o [rdb] cls before: 36525 after: 27514 low lbd: 157 lbd cutoff: 2 target computed: 20000 cannot be del : 28 used: 19588 rdb: 610
c o [mem] consolidate  old-sz: 7182K new-sz: 2443K new bits offs: 19 T: 0.00
c o [rdb] cls before: 36790 after: 27396 low lbd: 157 lbd cutoff: 2 target computed: 20000 cannot be del : 91 used: 19174 rdb: 613
c o [mem] consolidate  old-sz: 8653K new-sz: 2430K new bits offs: 19 T: 0.00
c o [rdb] cls before: 37366 after: 27157 low lbd: 160 lbd cutoff: 2 target computed: 20000 cannot be del : 84 used: 18485 rdb: 616
c o [mem] consolidate  old-sz: 7000K new-sz: 2331K new bits offs: 19 T: 0.00
c o [rdb] cls before: 36767 after: 26590 low lbd: 161 lbd cutoff: 2 target computed: 20000 cannot be del : 32 used: 17979 rdb: 619
c o [rdb] cls before: 36786 after: 27520 low lbd: 161 lbd cutoff: 2 target computed: 20000 cannot be del : 89 used: 19084 rdb: 622
c o [mem] consolidate  old-sz: 8612K new-sz: 2470K new bits offs: 19 T: 0.00
c o [rdb] cls before: 36986 after: 27605 low lbd: 163 lbd cutoff: 2 target computed: 20000 cannot be del : 80 used: 19076 rdb: 625
c o [mem] consolidate  old-sz: 8846K new-sz: 2427K new bits offs: 19 T: 0.00
c o [rdb] cls before: 37509 after: 27028 low lbd: 164 lbd cutoff: 2 target computed: 20000 cannot be del : 74 used: 18501 rdb: 628
c o [mem] consolidate  old-sz: 8709K new-sz: 2476K new bits offs: 19 T: 0.00
c o [rdb] cls before: 37512 after: 26979 low lbd: 164 lbd cutoff: 2 target computed: 20000 cannot be del : 72 used: 19044 rdb: 631
c o [rdb] cls before: 37518 after: 26701 low lbd: 164 lbd cutoff: 2 target computed: 20000 cannot be del : 89 used: 18889 rdb: 634
c o [mem] consolidate  old-sz: 8640K new-sz: 2281K new bits offs: 19 T: 0.00
c o [rdb] cls before: 37329 after: 27084 low lbd: 165 lbd cutoff: 2 target computed: 20000 cannot be del : 64 used: 18415 rdb: 637
c o [mem] consolidate  old-sz: 8365K new-sz: 2393K new bits offs: 19 T: 0.00
c o [rdb] cls before: 37477 after: 27239 low lbd: 169 lbd cutoff: 2 target computed: 20000 cannot be del : 76 used: 19621 rdb: 640
c o [mem] consolidate  old-sz: 8620K new-sz: 2459K new bits offs: 19 T: 0.00
c o [rdb] cls before: 37639 after: 27440 low lbd: 170 lbd cutoff: 2 target computed: 20000 cannot be del : 92 used: 19102 rdb: 643
c o [rdb] cls before: 37759 after: 27662 low lbd: 170 lbd cutoff: 2 target computed: 20000 cannot be del : 85 used: 18934 rdb: 646
c o [mem] consolidate  old-sz: 8631K new-sz: 2432K new bits offs: 19 T: 0.00
c o [rdb] cls before: 37453 after: 27150 low lbd: 171 lbd cutoff: 2 target computed: 20000 cannot be del : 76 used: 18173 rdb: 649
c o [mem] consolidate  old-sz: 6951K new-sz: 2320K new bits offs: 19 T: 0.00
c o [rdb] cls before: 37950 after: 27768 low lbd: 171 lbd cutoff: 2 target computed: 20000 cannot be del : 60 used: 19008 rdb: 652
c o [mem] consolidate  old-sz: 8650K new-sz: 2553K new bits offs: 19 T: 0.00
c o [rdb] cls before: 36536 after: 27622 low lbd: 175 lbd cutoff: 2 target computed: 20000 cannot be del : 89 used: 18919 rdb: 655
c o [mem] consolidate  old-sz: 7283K new-sz: 2455K new bits offs: 19 T: 0.00
c o [rdb] cls before: 37923 after: 27154 low lbd: 176 lbd cutoff: 2 target computed: 20000 cannot be del : 93 used: 18403 rdb: 658
c o [mem] consolidate  old-sz: 8681K new-sz: 2445K new bits offs: 19 T: 0.00
c o [rdb] cls before: 37680 after: 27400 low lbd: 176 lbd cutoff: 2 target computed: 20000 cannot be del : 73 used: 19598 rdb: 661
c o [mem] consolidate  old-sz: 7033K new-sz: 2389K new bits offs: 19 T: 0.00
c o [rdb] cls before: 37268 after: 27496 low lbd: 179 lbd cutoff: 2 target computed: 20000 cannot be del : 70 used: 18868 rdb: 664
c o [rdb] cls before: 37622 after: 27462 low lbd: 179 lbd cutoff: 2 target computed: 20000 cannot be del : 55 used: 18970 rdb: 667
c o [mem] consolidate  old-sz: 8574K new-sz: 2401K new bits offs: 19 T: 0.00
c o [rdb] cls before: 37210 after: 27565 low lbd: 180 lbd cutoff: 2 target computed: 20000 cannot be del : 53 used: 18648 rdb: 670
c o [mem] consolidate  old-sz: 8621K new-sz: 2440K new bits offs: 19 T: 0.00
c o [rdb] cls before: 37424 after: 27607 low lbd: 183 lbd cutoff: 2 target computed: 20000 cannot be del : 79 used: 19526 rdb: 673
c o [mem] consolidate  old-sz: 7216K new-sz: 2471K new bits offs: 19 T: 0.00
c o [rdb] cls before: 37991 after: 27646 low lbd: 183 lbd cutoff: 2 target computed: 20000 cannot be del : 24 used: 19887 rdb: 676
c o [mem] consolidate  old-sz: 7032K new-sz: 2243K new bits offs: 19 T: 0.00
c o [rdb] cls before: 37165 after: 27546 low lbd: 183 lbd cutoff: 2 target computed: 20000 cannot be del : 26 used: 18562 rdb: 679
c o [mem] consolidate  old-sz: 8360K new-sz: 2360K new bits offs: 19 T: 0.00
c o [rdb] cls before: 37534 after: 28090 low lbd: 183 lbd cutoff: 2 target computed: 20000 cannot be del : 106 used: 19383 rdb: 682
c o [mem] consolidate  old-sz: 6843K new-sz: 2344K new bits offs: 19 T: 0.00
c o [rdb] cls before: 37299 after: 27924 low lbd: 185 lbd cutoff: 2 target computed: 20000 cannot be del : 62 used: 19787 rdb: 685
c o [rdb] cls before: 37581 after: 27919 low lbd: 186 lbd cutoff: 2 target computed: 20000 cannot be del : 73 used: 18993 rdb: 688
c o [mem] consolidate  old-sz: 8227K new-sz: 2361K new bits offs: 19 T: 0.00
c o [rdb] cls before: 38261 after: 28294 low lbd: 186 lbd cutoff: 2 target computed: 20000 cannot be del : 85 used: 19724 rdb: 691
c o [mem] consolidate  old-sz: 8344K new-sz: 2320K new bits offs: 19 T: 0.00
c o [rdb] cls before: 37895 after: 27822 low lbd: 188 lbd cutoff: 2 target computed: 20000 cannot be del : 51 used: 19362 rdb: 694
c o [mem] consolidate  old-sz: 8367K new-sz: 2305K new bits offs: 19 T: 0.00
c o [rdb] cls before: 37218 after: 28092 low lbd: 190 lbd cutoff: 2 target computed: 20000 cannot be del : 70 used: 19179 rdb: 697
c o [rdb] cls before: 37729 after: 27400 low lbd: 191 lbd cutoff: 2 target computed: 20000 cannot be del : 71 used: 18086 rdb: 700
c o [mem] consolidate  old-sz: 8525K new-sz: 2406K new bits offs: 19 T: 0.00
c o [rdb] cls before: 37027 after: 27241 low lbd: 192 lbd cutoff: 2 target computed: 20000 cannot be del : 87 used: 17927 rdb: 703
c o [mem] consolidate  old-sz: 6984K new-sz: 2319K new bits offs: 19 T: 0.00
c o [rdb] cls before: 37825 after: 27844 low lbd: 192 lbd cutoff: 2 target computed: 20000 cannot be del : 82 used: 19640 rdb: 706
c o [mem] consolidate  old-sz: 8449K new-sz: 2417K new bits offs: 19 T: 0.00
c o [rdb] cls before: 37804 after: 27954 low lbd: 194 lbd cutoff: 2 target computed: 20000 cannot be del : 75 used: 19283 rdb: 709
c o [mem] consolidate  old-sz: 7182K new-sz: 2457K new bits offs: 19 T: 0.00
c o [rdb] cls before: 37022 after: 27283 low lbd: 194 lbd cutoff: 2 target computed: 20000 cannot be del : 97 used: 18094 rdb: 712
c o [mem] consolidate  old-sz: 8728K new-sz: 2436K new bits offs: 19 T: 0.00
c o [rdb] cls before: 37631 after: 26854 low lbd: 195 lbd cutoff: 2 target computed: 20000 cannot be del : 26 used: 17474 rdb: 715
c o [mem] consolidate  old-sz: 7023K new-sz: 2341K new bits offs: 19 T: 0.00
c o [rdb] cls before: 37335 after: 27706 low lbd: 195 lbd cutoff: 2 target computed: 20000 cannot be del : 106 used: 18823 rdb: 718
c o [rdb] cls before: 37610 after: 27556 low lbd: 195 lbd cutoff: 2 target computed: 20000 cannot be del : 93 used: 18670 rdb: 721
c o [mem] consolidate  old-sz: 8426K new-sz: 2365K new bits offs: 19 T: 0.00
c o [rdb] cls before: 37336 after: 27209 low lbd: 196 lbd cutoff: 2 target computed: 20000 cannot be del : 79 used: 18023 rdb: 724
c o [mem] consolidate  old-sz: 7024K new-sz: 2374K new bits offs: 19 T: 0.00
c o [rdb] cls before: 37043 after: 27588 low lbd: 197 lbd cutoff: 2 target computed: 20000 cannot be del : 58 used: 18598 rdb: 727
c o [mem] consolidate  old-sz: 8489K new-sz: 2374K new bits offs: 19 T: 0.00
c o [rdb] cls before: 37689 after: 27673 low lbd: 197 lbd cutoff: 2 target computed: 20000 cannot be del : 59 used: 18837 rdb: 730
c o [mem] consolidate  old-sz: 8756K new-sz: 2328K new bits offs: 19 T: 0.00
c o [rdb] cls before: 36814 after: 27127 low lbd: 197 lbd cutoff: 2 target computed: 20000 cannot be del : 51 used: 18953 rdb: 733
c o [rdb] cls before: 37137 after: 27174 low lbd: 197 lbd cutoff: 2 target computed: 20000 cannot be del : 85 used: 19166 rdb: 736
c o [mem] consolidate  old-sz: 8643K new-sz: 2422K new bits offs: 19 T: 0.00
c o [rdb] cls before: 37451 after: 27428 low lbd: 199 lbd cutoff: 2 target computed: 20000 cannot be del : 46 used: 18973 rdb: 739
c o [mem] consolidate  old-sz: 8574K new-sz: 2219K new bits offs: 19 T: 0.00
c o [rdb] cls before: 37175 after: 27104 low lbd: 201 lbd cutoff: 2 target computed: 20000 cannot be del : 30 used: 17896 rdb: 742
c o [mem] consolidate  old-sz: 8223K new-sz: 2346K new bits offs: 19 T: 0.00
c o [rdb] cls before: 36996 after: 27134 low lbd: 202 lbd cutoff: 2 target computed: 20000 cannot be del : 66 used: 18376 rdb: 745
c o [mem] consolidate  old-sz: 7009K new-sz: 2389K new bits offs: 19 T: 0.00
c o [rdb] cls before: 36888 after: 26912 low lbd: 202 lbd cutoff: 2 target computed: 20000 cannot be del : 84 used: 19141 rdb: 748
c o [mem] consolidate  old-sz: 6951K new-sz: 2377K new bits offs: 19 T: 0.00
c o [rdb] cls before: 36819 after: 26757 low lbd: 202 lbd cutoff: 2 target computed: 20000 cannot be del : 112 used: 18505 rdb: 751
c o [rdb] cls before: 37469 after: 26295 low lbd: 204 lbd cutoff: 2 target computed: 20000 cannot be del : 71 used: 17914 rdb: 754
c o [mem] consolidate  old-sz: 8442K new-sz: 2235K new bits offs: 19 T: 0.00
c o [rdb] cls before: 37036 after: 27002 low lbd: 204 lbd cutoff: 2 target computed: 20000 cannot be del : 85 used: 18567 rdb: 757
c o [mem] consolidate  old-sz: 8387K new-sz: 2350K new bits offs: 19 T: 0.00
c o [rdb] cls before: 37596 after: 27199 low lbd: 205 lbd cutoff: 2 target computed: 20000 cannot be del : 57 used: 18814 rdb: 760
c o [mem] consolidate  old-sz: 8743K new-sz: 2450K new bits offs: 19 T: 0.00
c o [rdb] cls before: 37431 after: 27547 low lbd: 209 lbd cutoff: 2 target computed: 20000 cannot be del : 78 used: 19411 rdb: 763
c o [rdb] cls before: 37661 after: 28013 low lbd: 210 lbd cutoff: 2 target computed: 20000 cannot be del : 96 used: 19392 rdb: 766
c o [mem] consolidate  old-sz: 8868K new-sz: 2562K new bits offs: 19 T: 0.00
c o [rdb] cls before: 37384 after: 27508 low lbd: 211 lbd cutoff: 2 target computed: 20000 cannot be del : 64 used: 19017 rdb: 769
c o [mem] consolidate  old-sz: 7369K new-sz: 2479K new bits offs: 19 T: 0.00
c o [rdb] cls before: 37578 after: 27382 low lbd: 211 lbd cutoff: 2 target computed: 20000 cannot be del : 81 used: 18986 rdb: 772
c o [mem] consolidate  old-sz: 7346K new-sz: 2375K new bits offs: 19 T: 0.00
c o [rdb] cls before: 38035 after: 27404 low lbd: 211 lbd cutoff: 2 target computed: 20000 cannot be del : 102 used: 18099 rdb: 775
c o [mem] consolidate  old-sz: 8747K new-sz: 2404K new bits offs: 19 T: 0.00
c o [rdb] cls before: 37476 after: 27854 low lbd: 211 lbd cutoff: 2 target computed: 20000 cannot be del : 35 used: 19496 rdb: 778
c o [mem] consolidate  old-sz: 7175K new-sz: 2293K new bits offs: 19 T: 0.00
c o [rdb] cls before: 37009 after: 26908 low lbd: 213 lbd cutoff: 2 target computed: 20000 cannot be del : 52 used: 17803 rdb: 781
c o [mem] consolidate  old-sz: 8375K new-sz: 2342K new bits offs: 19 T: 0.00
c o [rdb] cls before: 37223 after: 27378 low lbd: 213 lbd cutoff: 2 target computed: 20000 cannot be del : 57 used: 18431 rdb: 784
c o [rdb] cls before: 37733 after: 27999 low lbd: 215 lbd cutoff: 2 target computed: 20000 cannot be del : 76 used: 19974 rdb: 787
c o [mem] consolidate  old-sz: 8565K new-sz: 2481K new bits offs: 19 T: 0.00
c o [rdb] cls before: 37173 after: 27131 low lbd: 215 lbd cutoff: 2 target computed: 20000 cannot be del : 101 used: 18018 rdb: 790
c o [mem] consolidate  old-sz: 7104K new-sz: 2399K new bits offs: 19 T: 0.00
c o [rdb] cls before: 37327 after: 27507 low lbd: 217 lbd cutoff: 2 target computed: 20000 cannot be del : 105 used: 19225 rdb: 793
c o [mem] consolidate  old-sz: 8637K new-sz: 2355K new bits offs: 19 T: 0.00
c o [rdb] cls before: 37588 after: 27827 low lbd: 218 lbd cutoff: 2 target computed: 20000 cannot be del : 64 used: 20036 rdb: 796
c o [mem] consolidate  old-sz: 8739K new-sz: 2418K new bits offs: 19 T: 0.00
c o [rdb] cls before: 37441 after: 27657 low lbd: 219 lbd cutoff: 2 target computed: 20000 cannot be del : 75 used: 18984 rdb: 799
c o [rdb] cls before: 37938 after: 27834 low lbd: 221 lbd cutoff: 2 target computed: 20000 cannot be del : 77 used: 20227 rdb: 802
c o [mem] consolidate  old-sz: 8740K new-sz: 2440K new bits offs: 19 T: 0.00
c o [rdb] cls before: 38331 after: 28015 low lbd: 221 lbd cutoff: 2 target computed: 20000 cannot be del : 56 used: 19399 rdb: 805
c o [mem] consolidate  old-sz: 8752K new-sz: 2415K new bits offs: 19 T: 0.00
c o [rdb] cls before: 37987 after: 28086 low lbd: 221 lbd cutoff: 2 target computed: 20000 cannot be del : 88 used: 19199 rdb: 808
c o [mem] consolidate  old-sz: 7005K new-sz: 2239K new bits offs: 19 T: 0.00
c o [rdb] cls before: 37928 after: 27596 low lbd: 221 lbd cutoff: 2 target computed: 20000 cannot be del : 108 used: 18121 rdb: 811
c o [mem] consolidate  old-sz: 8211K new-sz: 2395K new bits offs: 19 T: 0.00
c o [rdb] cls before: 37856 after: 27394 low lbd: 221 lbd cutoff: 2 target computed: 20000 cannot be del : 88 used: 18840 rdb: 814
c o [mem] consolidate  old-sz: 6945K new-sz: 2394K new bits offs: 19 T: 0.00
c o [rdb] cls before: 37231 after: 26868 low lbd: 223 lbd cutoff: 2 target computed: 20000 cannot be del : 60 used: 18187 rdb: 817
c o [rdb] cls before: 37354 after: 27097 low lbd: 223 lbd cutoff: 2 target computed: 20000 cannot be del : 28 used: 19583 rdb: 820
c o [mem] consolidate  old-sz: 8507K new-sz: 2333K new bits offs: 19 T: 0.00
c o [rdb] cls before: 37679 after: 27687 low lbd: 225 lbd cutoff: 2 target computed: 20000 cannot be del : 63 used: 19291 rdb: 823
c o [mem] consolidate  old-sz: 8459K new-sz: 2439K new bits offs: 19 T: 0.00
c o [rdb] cls before: 37597 after: 27633 low lbd: 225 lbd cutoff: 2 target computed: 20000 cannot be del : 70 used: 18837 rdb: 826
c o [mem] consolidate  old-sz: 6942K new-sz: 2314K new bits offs: 19 T: 0.00
c o [rdb] cls before: 38029 after: 27925 low lbd: 226 lbd cutoff: 2 target computed: 20000 cannot be del : 86 used: 19839 rdb: 829
c o [mem] consolidate  old-sz: 8477K new-sz: 2398K new bits offs: 19 T: 0.00
c o [rdb] cls before: 37893 after: 27456 low lbd: 228 lbd cutoff: 2 target computed: 20000 cannot be del : 71 used: 18556 rdb: 832
c o [rdb] cls before: 37904 after: 27523 low lbd: 229 lbd cutoff: 2 target computed: 20000 cannot be del : 84 used: 18171 rdb: 835
c o [mem] consolidate  old-sz: 8660K new-sz: 2464K new bits offs: 19 T: 0.00
c o [rdb] cls before: 37822 after: 27527 low lbd: 229 lbd cutoff: 2 target computed: 20000 cannot be del : 73 used: 18275 rdb: 838
c o [mem] consolidate  old-sz: 8661K new-sz: 2425K new bits offs: 19 T: 0.00
c o [rdb] cls before: 37755 after: 27679 low lbd: 230 lbd cutoff: 2 target computed: 20000 cannot be del : 96 used: 18856 rdb: 841
c o [mem] consolidate  old-sz: 7181K new-sz: 2444K new bits offs: 19 T: 0.00
c o [rdb] cls before: 37492 after: 26716 low lbd: 231 lbd cutoff: 2 target computed: 20000 cannot be del : 66 used: 18973 rdb: 844
c o [mem] consolidate  old-sz: 7154K new-sz: 2431K new bits offs: 19 T: 0.00
c o [rdb] cls before: 37108 after: 27044 low lbd: 233 lbd cutoff: 2 target computed: 20000 cannot be del : 82 used: 19091 rdb: 847
c o [mem] consolidate  old-sz: 8793K new-sz: 2325K new bits offs: 19 T: 0.00
c o [rdb] cls before: 36834 after: 27372 low lbd: 233 lbd cutoff: 2 target computed: 20000 cannot be del : 72 used: 18799 rdb: 850
c o [rdb] cls before: 37730 after: 27321 low lbd: 233 lbd cutoff: 2 target computed: 20000 cannot be del : 63 used: 18391 rdb: 853
c o [mem] consolidate  old-sz: 8482K new-sz: 2395K new bits offs: 19 T: 0.00
c o [rdb] cls before: 37709 after: 27789 low lbd: 234 lbd cutoff: 2 target computed: 20000 cannot be del : 65 used: 19463 rdb: 856
c o [mem] consolidate  old-sz: 8645K new-sz: 2444K new bits offs: 19 T: 0.00
c o [rdb] cls before: 37767 after: 27723 low lbd: 235 lbd cutoff: 2 target computed: 20000 cannot be del : 56 used: 19410 rdb: 859
c o [mem] consolidate  old-sz: 7228K new-sz: 2376K new bits offs: 19 T: 0.00
c o [rdb] cls before: 37161 after: 27262 low lbd: 235 lbd cutoff: 2 target computed: 20000 cannot be del : 66 used: 18421 rdb: 862
c o [mem] consolidate  old-sz: 8757K new-sz: 2454K new bits offs: 19 T: 0.00
c o [rdb] cls before: 38018 after: 27520 low lbd: 235 lbd cutoff: 2 target computed: 20000 cannot be del : 92 used: 19997 rdb: 865
c o [mem] consolidate  old-sz: 7039K new-sz: 2367K new bits offs: 19 T: 0.00
c o [rdb] cls before: 37139 after: 27721 low lbd: 235 lbd cutoff: 2 target computed: 20000 cannot be del : 58 used: 19454 rdb: 868
c o [rdb] cls before: 37593 after: 27943 low lbd: 235 lbd cutoff: 2 target computed: 20000 cannot be del : 81 used: 19779 rdb: 871
c o [mem] consolidate  old-sz: 8572K new-sz: 2445K new bits offs: 19 T: 0.00
c o [rdb] cls before: 37586 after: 28168 low lbd: 236 lbd cutoff: 2 target computed: 20000 cannot be del : 80 used: 19525 rdb: 874
c o [mem] consolidate  old-sz: 8593K new-sz: 2370K new bits offs: 19 T: 0.00
c o [rdb] cls before: 37441 after: 27589 low lbd: 237 lbd cutoff: 2 target computed: 20000 cannot be del : 65 used: 18850 rdb: 877
c o [mem] consolidate  old-sz: 8617K new-sz: 2339K new bits offs: 19 T: 0.00
c o [rdb] cls before: 37278 after: 27424 low lbd: 238 lbd cutoff: 2 target computed: 20000 cannot be del : 51 used: 19308 rdb: 880
c o [rdb] cls before: 37526 after: 27830 low lbd: 238 lbd cutoff: 2 target computed: 20000 cannot be del : 61 used: 18761 rdb: 883
c o [mem] consolidate  old-sz: 8668K new-sz: 2463K new bits offs: 19 T: 0.00
c o [rdb] cls before: 36785 after: 27578 low lbd: 238 lbd cutoff: 2 target computed: 20000 cannot be del : 90 used: 19353 rdb: 886
c o [mem] consolidate  old-sz: 7196K new-sz: 2430K new bits offs: 19 T: 0.00
c o [rdb] cls before: 37874 after: 27707 low lbd: 238 lbd cutoff: 2 target computed: 20000 cannot be del : 75 used: 21138 rdb: 889
c o [mem] consolidate  old-sz: 8719K new-sz: 2332K new bits offs: 19 T: 0.00
c o [rdb] cls before: 37518 after: 27693 low lbd: 239 lbd cutoff: 2 target computed: 20000 cannot be del : 102 used: 18518 rdb: 892
c o [mem] consolidate  old-sz: 8522K new-sz: 2474K new bits offs: 19 T: 0.00
c o [rdb] cls before: 37558 after: 27804 low lbd: 239 lbd cutoff: 2 target computed: 20000 cannot be del : 102 used: 19410 rdb: 895
c o [mem] consolidate  old-sz: 7130K new-sz: 2375K new bits offs: 19 T: 0.00
c o [rdb] cls before: 37413 after: 27545 low lbd: 240 lbd cutoff: 2 target computed: 20000 cannot be del : 91 used: 19016 rdb: 898
c o [mem] consolidate  old-sz: 7104K new-sz: 2473K new bits offs: 19 T: 0.00
c o [rdb] cls before: 37206 after: 26915 low lbd: 241 lbd cutoff: 2 target computed: 20000 cannot be del : 77 used: 19902 rdb: 901
c o [mem] consolidate  old-sz: 6901K new-sz: 2267K new bits offs: 19 T: 0.00
c o [rdb] cls before: 36689 after: 26815 low lbd: 242 lbd cutoff: 2 target computed: 20000 cannot be del : 55 used: 18963 rdb: 904
c o [rdb] cls before: 37042 after: 27490 low lbd: 243 lbd cutoff: 2 target computed: 20000 cannot be del : 62 used: 18951 rdb: 907
c o [mem] consolidate  old-sz: 8446K new-sz: 2428K new bits offs: 19 T: 0.00
c o [rdb] cls before: 36831 after: 27414 low lbd: 245 lbd cutoff: 2 target computed: 20000 cannot be del : 71 used: 18383 rdb: 910
c o [mem] consolidate  old-sz: 6956K new-sz: 2378K new bits offs: 19 T: 0.00
c o [rdb] cls before: 37440 after: 27315 low lbd: 247 lbd cutoff: 2 target computed: 20000 cannot be del : 59 used: 19475 rdb: 913
c o [mem] consolidate  old-sz: 6916K new-sz: 2333K new bits offs: 19 T: 0.00
c o [rdb] cls before: 37798 after: 27458 low lbd: 251 lbd cutoff: 2 target computed: 20000 cannot be del : 66 used: 18316 rdb: 916
c o [mem] consolidate  old-sz: 8605K new-sz: 2469K new bits offs: 19 T: 0.00
c o [rdb] cls before: 38111 after: 27014 low lbd: 253 lbd cutoff: 2 target computed: 20000 cannot be del : 84 used: 17497 rdb: 919
c o [mem] consolidate  old-sz: 7116K new-sz: 2368K new bits offs: 19 T: 0.00
c o [rdb] cls before: 37381 after: 27500 low lbd: 254 lbd cutoff: 2 target computed: 20000 cannot be del : 69 used: 18463 rdb: 922
c o [mem] consolidate  old-sz: 8516K new-sz: 2304K new bits offs: 19 T: 0.00
c o [rdb] cls before: 37181 after: 27961 low lbd: 260 lbd cutoff: 2 target computed: 20000 cannot be del : 46 used: 19013 rdb: 925
c o [rdb] cls before: 37556 after: 27942 low lbd: 263 lbd cutoff: 2 target computed: 20000 cannot be del : 73 used: 19485 rdb: 928
c o [mem] consolidate  old-sz: 8538K new-sz: 2469K new bits offs: 19 T: 0.00
c o [rdb] cls before: 37428 after: 27148 low lbd: 263 lbd cutoff: 2 target computed: 20000 cannot be del : 49 used: 18145 rdb: 931
c o [mem] consolidate  old-sz: 7325K new-sz: 2491K new bits offs: 19 T: 0.00
c o [rdb] cls before: 36842 after: 27206 low lbd: 264 lbd cutoff: 2 target computed: 20000 cannot be del : 119 used: 18304 rdb: 934
c o [mem] consolidate  old-sz: 8974K new-sz: 2503K new bits offs: 19 T: 0.00
c o [rdb] cls before: 36375 after: 26788 low lbd: 269 lbd cutoff: 2 target computed: 20000 cannot be del : 85 used: 18324 rdb: 937
c o [mem] consolidate  old-sz: 7234K new-sz: 2450K new bits offs: 19 T: 0.00
c o [rdb] cls before: 37592 after: 27023 low lbd: 269 lbd cutoff: 2 target computed: 20000 cannot be del : 57 used: 18232 rdb: 940
c o [mem] consolidate  old-sz: 7222K new-sz: 2409K new bits offs: 19 T: 0.00
c o [rdb] cls before: 36506 after: 26972 low lbd: 271 lbd cutoff: 2 target computed: 20000 cannot be del : 84 used: 17901 rdb: 943
c o [mem] consolidate  old-sz: 7121K new-sz: 2452K new bits offs: 19 T: 0.00
c o [rdb] cls before: 37374 after: 27525 low lbd: 272 lbd cutoff: 2 target computed: 20000 cannot be del : 66 used: 19399 rdb: 946
c o [mem] consolidate  old-sz: 8748K new-sz: 2361K new bits offs: 19 T: 0.00
c o [rdb] cls before: 37147 after: 27754 low lbd: 274 lbd cutoff: 2 target computed: 20000 cannot be del : 84 used: 19827 rdb: 949
c o [mem] consolidate  old-sz: 6990K new-sz: 2361K new bits offs: 19 T: 0.00
c o [rdb] cls before: 37023 after: 27240 low lbd: 274 lbd cutoff: 2 target computed: 20000 cannot be del : 74 used: 17934 rdb: 952
c o [rdb] cls before: 37759 after: 27033 low lbd: 274 lbd cutoff: 2 target computed: 20000 cannot be del : 90 used: 17636 rdb: 955
c o [mem] consolidate  old-sz: 8851K new-sz: 2328K new bits offs: 19 T: 0.00
c o [rdb] cls before: 37546 after: 27574 low lbd: 274 lbd cutoff: 2 target computed: 20000 cannot be del : 44 used: 18587 rdb: 958
c o [mem] consolidate  old-sz: 8583K new-sz: 2434K new bits offs: 19 T: 0.00
c o [rdb] cls before: 37588 after: 27175 low lbd: 274 lbd cutoff: 2 target computed: 20000 cannot be del : 75 used: 19640 rdb: 961
c o [mem] consolidate  old-sz: 7064K new-sz: 2341K new bits offs: 19 T: 0.00
c o [rdb] cls before: 37032 after: 27493 low lbd: 274 lbd cutoff: 2 target computed: 20000 cannot be del : 43 used: 18336 rdb: 964
c o [mem] consolidate  old-sz: 7122K new-sz: 2464K new bits offs: 19 T: 0.00
c o [rdb] cls before: 36730 after: 26963 low lbd: 274 lbd cutoff: 2 target computed: 20000 cannot be del : 83 used: 18163 rdb: 967
c o [mem] consolidate  old-sz: 8654K new-sz: 2409K new bits offs: 19 T: 0.00
c o [rdb] cls before: 36904 after: 27001 low lbd: 275 lbd cutoff: 2 target computed: 20000 cannot be del : 67 used: 18740 rdb: 970
c o [rdb] cls before: 37532 after: 27035 low lbd: 275 lbd cutoff: 2 target computed: 20000 cannot be del : 96 used: 17731 rdb: 973
c o [mem] consolidate  old-sz: 8532K new-sz: 2385K new bits offs: 19 T: 0.00
c o [rdb] cls before: 37263 after: 27604 low lbd: 279 lbd cutoff: 2 target computed: 20000 cannot be del : 91 used: 19460 rdb: 976
c o [mem] consolidate  old-sz: 8818K new-sz: 2449K new bits offs: 19 T: 0.00
c o [rdb] cls before: 37630 after: 27125 low lbd: 279 lbd cutoff: 2 target computed: 20000 cannot be del : 51 used: 17996 rdb: 979
c o [mem] consolidate  old-sz: 9125K new-sz: 2337K new bits offs: 19 T: 0.00
c o [rdb] cls before: 36465 after: 26847 low lbd: 281 lbd cutoff: 2 target computed: 20000 cannot be del : 53 used: 18250 rdb: 982
c o [rdb] cls before: 37522 after: 27275 low lbd: 281 lbd cutoff: 2 target computed: 20000 cannot be del : 56 used: 19400 rdb: 985
c o [mem] consolidate  old-sz: 9075K new-sz: 2531K new bits offs: 19 T: 0.00
c o [rdb] cls before: 36666 after: 27235 low lbd: 282 lbd cutoff: 2 target computed: 20000 cannot be del : 71 used: 18115 rdb: 988
c o [mem] consolidate  old-sz: 7339K new-sz: 2492K new bits offs: 19 T: 0.00
c o [rdb] cls before: 37389 after: 27488 low lbd: 284 lbd cutoff: 2 target computed: 20000 cannot be del : 106 used: 18873 rdb: 991
c o [mem] consolidate  old-sz: 8926K new-sz: 2413K new bits offs: 19 T: 0.00
c o [rdb] cls before: 36830 after: 27542 low lbd: 286 lbd cutoff: 2 target computed: 20000 cannot be del : 50 used: 19269 rdb: 994
c o [mem] consolidate  old-sz: 8647K new-sz: 2423K new bits offs: 19 T: 0.00
c o [rdb] cls before: 37463 after: 26949 low lbd: 287 lbd cutoff: 2 target computed: 20000 cannot be del : 68 used: 19081 rdb: 997
c o [rdb] cls before: 37576 after: 27954 low lbd: 287 lbd cutoff: 2 target computed: 20000 cannot be del : 75 used: 20008 rdb: 1000
c o [mem] consolidate  old-sz: 8769K new-sz: 2545K new bits offs: 19 T: 0.00
c o [rdb] cls before: 37491 after: 27520 low lbd: 289 lbd cutoff: 2 target computed: 20000 cannot be del : 20 used: 18761 rdb: 1003
c o [mem] consolidate  old-sz: 7386K new-sz: 2502K new bits offs: 19 T: 0.00
c o [rdb] cls before: 37341 after: 26914 low lbd: 291 lbd cutoff: 2 target computed: 20000 cannot be del : 96 used: 17961 rdb: 1006
c o [mem] consolidate  old-sz: 7268K new-sz: 2407K new bits offs: 19 T: 0.00
c o [rdb] cls before: 37562 after: 26302 low lbd: 293 lbd cutoff: 2 target computed: 20000 cannot be del : 64 used: 17190 rdb: 1009
c o [mem] consolidate  old-sz: 7273K new-sz: 2273K new bits offs: 19 T: 0.00
c o [rdb] cls before: 37556 after: 27011 low lbd: 293 lbd cutoff: 2 target computed: 20000 cannot be del : 102 used: 19067 rdb: 1012
c o [mem] consolidate  old-sz: 8461K new-sz: 2392K new bits offs: 19 T: 0.00
c o [rdb] cls before: 37264 after: 26610 low lbd: 293 lbd cutoff: 2 target computed: 20000 cannot be del : 73 used: 17508 rdb: 1015
c o [mem] consolidate  old-sz: 8777K new-sz: 2424K new bits offs: 19 T: 0.00
c o [rdb] cls before: 36971 after: 27386 low lbd: 293 lbd cutoff: 2 target computed: 20000 cannot be del : 94 used: 18618 rdb: 1018
c o [rdb] cls before: 37690 after: 27165 low lbd: 294 lbd cutoff: 2 target computed: 20000 cannot be del : 90 used: 18340 rdb: 1021
c o [mem] consolidate  old-sz: 9047K new-sz: 2430K new bits offs: 19 T: 0.00
c o [rdb] cls before: 37685 after: 27364 low lbd: 295 lbd cutoff: 2 target computed: 20000 cannot be del : 81 used: 18609 rdb: 1024
c o [mem] consolidate  old-sz: 8949K new-sz: 2544K new bits offs: 19 T: 0.00
c o [rdb] cls before: 37612 after: 27764 low lbd: 298 lbd cutoff: 2 target computed: 20000 cannot be del : 40 used: 18779 rdb: 1027
c o [mem] consolidate  old-sz: 9161K new-sz: 2234K new bits offs: 19 T: 0.00
c o [rdb] cls before: 36840 after: 27361 low lbd: 299 lbd cutoff: 2 target computed: 20000 cannot be del : 97 used: 18743 rdb: 1030
c o [rdb] cls before: 37661 after: 26906 low lbd: 299 lbd cutoff: 2 target computed: 20000 cannot be del : 52 used: 18757 rdb: 1033
c o [mem] consolidate  old-sz: 8429K new-sz: 2337K new bits offs: 19 T: 0.00
c o [rdb] cls before: 37205 after: 27264 low lbd: 299 lbd cutoff: 2 target computed: 20000 cannot be del : 83 used: 19443 rdb: 1036
c o [mem] consolidate  old-sz: 8715K new-sz: 2406K new bits offs: 19 T: 0.00
c o [rdb] cls before: 37324 after: 27240 low lbd: 300 lbd cutoff: 2 target computed: 20000 cannot be del : 52 used: 19305 rdb: 1039
c o [mem] consolidate  old-sz: 8906K new-sz: 2468K new bits offs: 19 T: 0.00
c o [rdb] cls before: 37684 after: 27422 low lbd: 302 lbd cutoff: 2 target computed: 20000 cannot be del : 92 used: 19095 rdb: 1042
c o [rdb] cls before: 37840 after: 27690 low lbd: 303 lbd cutoff: 2 target computed: 20000 cannot be del : 45 used: 19496 rdb: 1045
c o [mem] consolidate  old-sz: 8943K new-sz: 2431K new bits offs: 19 T: 0.00
c o [rdb] cls before: 37982 after: 27766 low lbd: 304 lbd cutoff: 2 target computed: 20000 cannot be del : 102 used: 19185 rdb: 1048
c o [mem] consolidate  old-sz: 8980K new-sz: 2610K new bits offs: 19 T: 0.00
c o [rdb] cls before: 38061 after: 27473 low lbd: 306 lbd cutoff: 2 target computed: 20000 cannot be del : 87 used: 17973 rdb: 1051
c o [mem] consolidate  old-sz: 7174K new-sz: 2310K new bits offs: 19 T: 0.00
c o [rdb] cls before: 37647 after: 27495 low lbd: 306 lbd cutoff: 2 target computed: 20000 cannot be del : 90 used: 18148 rdb: 1054
c o [mem] consolidate  old-sz: 8302K new-sz: 2337K new bits offs: 19 T: 0.00
c o [rdb] cls before: 37418 after: 27363 low lbd: 308 lbd cutoff: 2 target computed: 20000 cannot be del : 109 used: 18464 rdb: 1057
c o [rdb] cls before: 38215 after: 27797 low lbd: 308 lbd cutoff: 2 target computed: 20000 cannot be del : 95 used: 18815 rdb: 1060
c o [mem] consolidate  old-sz: 8510K new-sz: 2386K new bits offs: 19 T: 0.00
c o [rdb] cls before: 37666 after: 27630 low lbd: 308 lbd cutoff: 2 target computed: 20000 cannot be del : 81 used: 18530 rdb: 1063
c o [mem] consolidate  old-sz: 7136K new-sz: 2477K new bits offs: 19 T: 0.00
c o [rdb] cls before: 37111 after: 27423 low lbd: 308 lbd cutoff: 2 target computed: 20000 cannot be del : 66 used: 18326 rdb: 1066
c o [mem] consolidate  old-sz: 7100K new-sz: 2361K new bits offs: 19 T: 0.00
c o [rdb] cls before: 37075 after: 27098 low lbd: 310 lbd cutoff: 2 target computed: 20000 cannot be del : 81 used: 18176 rdb: 1069
c o [mem] consolidate  old-sz: 6880K new-sz: 2347K new bits offs: 19 T: 0.00
c o [rdb] cls before: 37236 after: 27033 low lbd: 310 lbd cutoff: 2 target computed: 20000 cannot be del : 89 used: 17708 rdb: 1072
c o [mem] consolidate  old-sz: 7233K new-sz: 2488K new bits offs: 19 T: 0.00
c o [rdb] cls before: 36961 after: 27173 low lbd: 310 lbd cutoff: 2 target computed: 20000 cannot be del : 27 used: 18324 rdb: 1075
c o [mem] consolidate  old-sz: 8783K new-sz: 2317K new bits offs: 19 T: 0.00
c o [rdb] cls before: 37327 after: 27451 low lbd: 312 lbd cutoff: 2 target computed: 20000 cannot be del : 100 used: 18394 rdb: 1078
c o [mem] consolidate  old-sz: 8805K new-sz: 2505K new bits offs: 19 T: 0.00
c o [rdb] cls before: 37402 after: 27533 low lbd: 313 lbd cutoff: 2 target computed: 20000 cannot be del : 29 used: 18855 rdb: 1081
c o [mem] consolidate  old-sz: 7261K new-sz: 2380K new bits offs: 19 T: 0.00
c o [rdb] cls before: 36875 after: 27141 low lbd: 314 lbd cutoff: 2 target computed: 20000 cannot be del : 90 used: 17717 rdb: 1084
c o [mem] consolidate  old-sz: 7316K new-sz: 2441K new bits offs: 19 T: 0.00
c o [rdb] cls before: 36865 after: 26611 low lbd: 315 lbd cutoff: 2 target computed: 20000 cannot be del : 46 used: 17854 rdb: 1087
c o [rdb] cls before: 36950 after: 27352 low lbd: 316 lbd cutoff: 2 target computed: 20000 cannot be del : 70 used: 19315 rdb: 1090
c o [mem] consolidate  old-sz: 8814K new-sz: 2408K new bits offs: 19 T: 0.00
c o [rdb] cls before: 37209 after: 26705 low lbd: 317 lbd cutoff: 2 target computed: 20000 cannot be del : 57 used: 18492 rdb: 1093
c o [mem] consolidate  old-sz: 6900K new-sz: 2240K new bits offs: 19 T: 0.00
c o [rdb] cls before: 37229 after: 27440 low lbd: 319 lbd cutoff: 2 target computed: 20000 cannot be del : 89 used: 18673 rdb: 1096
c o [mem] consolidate  old-sz: 8275K new-sz: 2374K new bits offs: 19 T: 0.00
c o [rdb] cls before: 37596 after: 27622 low lbd: 321 lbd cutoff: 2 target computed: 20000 cannot be del : 81 used: 18575 rdb: 1099
c o [mem] consolidate  old-sz: 7040K new-sz: 2347K new bits offs: 19 T: 0.00
c o [rdb] cls before: 37662 after: 26971 low lbd: 322 lbd cutoff: 2 target computed: 20000 cannot be del : 65 used: 17599 rdb: 1102
c o [mem] consolidate  old-sz: 8478K new-sz: 2325K new bits offs: 19 T: 0.00
c o [rdb] cls before: 37521 after: 27753 low lbd: 323 lbd cutoff: 2 target computed: 20000 cannot be del : 82 used: 19278 rdb: 1105
c o [rdb] cls before: 37526 after: 27995 low lbd: 325 lbd cutoff: 2 target computed: 20000 cannot be del : 56 used: 19021 rdb: 1108
c o [mem] consolidate  old-sz: 8567K new-sz: 2450K new bits offs: 19 T: 0.00
c o [rdb] cls before: 38027 after: 27192 low lbd: 326 lbd cutoff: 2 target computed: 20000 cannot be del : 98 used: 18175 rdb: 1111
c o [mem] consolidate  old-sz: 7089K new-sz: 2343K new bits offs: 19 T: 0.00
c o [rdb] cls before: 37807 after: 27363 low lbd: 329 lbd cutoff: 2 target computed: 20000 cannot be del : 44 used: 17844 rdb: 1114
c o [mem] consolidate  old-sz: 8759K new-sz: 2581K new bits offs: 19 T: 0.00
c o [rdb] cls before: 37397 after: 26993 low lbd: 329 lbd cutoff: 2 target computed: 20000 cannot be del : 72 used: 18778 rdb: 1117
c o [mem] consolidate  old-sz: 7307K new-sz: 2389K new bits offs: 19 T: 0.00
c o [rdb] cls before: 37074 after: 27172 low lbd: 331 lbd cutoff: 2 target computed: 20000 cannot be del : 52 used: 19874 rdb: 1120
c o [mem] consolidate  old-sz: 7069K new-sz: 2300K new bits offs: 19 T: 0.00
c o [rdb] cls before: 37286 after: 27504 low lbd: 331 lbd cutoff: 2 target computed: 20000 cannot be del : 48 used: 19331 rdb: 1123
c o [mem] consolidate  old-sz: 8352K new-sz: 2446K new bits offs: 19 T: 0.00
c o [rdb] cls before: 37674 after: 27648 low lbd: 332 lbd cutoff: 2 target computed: 20000 cannot be del : 67 used: 18891 rdb: 1126
c o [mem] consolidate  old-sz: 7052K new-sz: 2325K new bits offs: 19 T: 0.00
c o [rdb] cls before: 36631 after: 27147 low lbd: 333 lbd cutoff: 2 target computed: 20000 cannot be del : 126 used: 18173 rdb: 1129
c o [rdb] cls before: 36980 after: 27202 low lbd: 333 lbd cutoff: 2 target computed: 20000 cannot be del : 47 used: 17949 rdb: 1132
c o [mem] consolidate  old-sz: 8661K new-sz: 2454K new bits offs: 19 T: 0.00
c o [rdb] cls before: 37445 after: 27294 low lbd: 334 lbd cutoff: 2 target computed: 20000 cannot be del : 100 used: 18943 rdb: 1135
c o [mem] consolidate  old-sz: 8846K new-sz: 2420K new bits offs: 19 T: 0.00
c o [rdb] cls before: 37536 after: 27735 low lbd: 336 lbd cutoff: 2 target computed: 20000 cannot be del : 45 used: 19618 rdb: 1138
c o [mem] consolidate  old-sz: 7137K new-sz: 2371K new bits offs: 19 T: 0.00
c o [rdb] cls before: 37325 after: 28012 low lbd: 337 lbd cutoff: 2 target computed: 20000 cannot be del : 95 used: 19215 rdb: 1141
c o [mem] consolidate  old-sz: 8839K new-sz: 2463K new bits offs: 19 T: 0.00
c o [rdb] cls before: 37953 after: 27817 low lbd: 338 lbd cutoff: 2 target computed: 20000 cannot be del : 86 used: 18836 rdb: 1144
c o [mem] consolidate  old-sz: 6861K new-sz: 2324K new bits offs: 19 T: 0.00
c o [rdb] cls before: 37793 after: 28158 low lbd: 340 lbd cutoff: 2 target computed: 20000 cannot be del : 98 used: 19183 rdb: 1147
c o [rdb] cls before: 38432 after: 27541 low lbd: 341 lbd cutoff: 2 target computed: 20000 cannot be del : 51 used: 18383 rdb: 1150
c o [mem] consolidate  old-sz: 8072K new-sz: 2267K new bits offs: 19 T: 0.00
c o [rdb] cls before: 37871 after: 27775 low lbd: 341 lbd cutoff: 2 target computed: 20000 cannot be del : 87 used: 18403 rdb: 1153
c o [mem] consolidate  old-sz: 8266K new-sz: 2403K new bits offs: 19 T: 0.00
c o [rdb] cls before: 37850 after: 27691 low lbd: 343 lbd cutoff: 2 target computed: 20000 cannot be del : 111 used: 18884 rdb: 1156
c o [mem] consolidate  old-sz: 7012K new-sz: 2281K new bits offs: 19 T: 0.00
c o [rdb] cls before: 37212 after: 28016 low lbd: 343 lbd cutoff: 2 target computed: 20000 cannot be del : 56 used: 19567 rdb: 1159
c o [mem] consolidate  old-sz: 8306K new-sz: 2379K new bits offs: 19 T: 0.00
c o [rdb] cls before: 37623 after: 27376 low lbd: 344 lbd cutoff: 2 target computed: 20000 cannot be del : 67 used: 18406 rdb: 1162
c o [mem] consolidate  old-sz: 6950K new-sz: 2321K new bits offs: 19 T: 0.00
c o [rdb] cls before: 36861 after: 27133 low lbd: 344 lbd cutoff: 2 target computed: 20000 cannot be del : 81 used: 18108 rdb: 1165
c o [mem] consolidate  old-sz: 6892K new-sz: 2224K new bits offs: 19 T: 0.00
c o [rdb] cls before: 36446 after: 26853 low lbd: 345 lbd cutoff: 2 target computed: 20000 cannot be del : 63 used: 18464 rdb: 1168
c o [rdb] cls before: 37190 after: 27633 low lbd: 346 lbd cutoff: 2 target computed: 20000 cannot be del : 74 used: 20015 rdb: 1171
c o [mem] consolidate  old-sz: 8337K new-sz: 2442K new bits offs: 19 T: 0.00
c o [rdb] cls before: 37294 after: 27119 low lbd: 348 lbd cutoff: 2 target computed: 20000 cannot be del : 36 used: 18465 rdb: 1174
c o [mem] consolidate  old-sz: 7102K new-sz: 2364K new bits offs: 19 T: 0.00
c o [rdb] cls before: 37294 after: 26856 low lbd: 350 lbd cutoff: 2 target computed: 20000 cannot be del : 49 used: 17414 rdb: 1177
c o [mem] consolidate  old-sz: 7039K new-sz: 2346K new bits offs: 19 T: 0.00
c o [rdb] cls before: 37182 after: 27107 low lbd: 352 lbd cutoff: 2 target computed: 20000 cannot be del : 32 used: 18928 rdb: 1180
c o [mem] consolidate  old-sz: 8620K new-sz: 2378K new bits offs: 19 T: 0.00
c o [rdb] cls before: 37108 after: 26495 low lbd: 355 lbd cutoff: 2 target computed: 20000 cannot be del : 72 used: 18104 rdb: 1183
c o [mem] consolidate  old-sz: 7114K new-sz: 2389K new bits offs: 19 T: 0.00
c o [rdb] cls before: 36753 after: 26854 low lbd: 356 lbd cutoff: 2 target computed: 20000 cannot be del : 66 used: 19562 rdb: 1186
c o [mem] consolidate  old-sz: 8601K new-sz: 2313K new bits offs: 19 T: 0.00
c o [rdb] cls before: 36786 after: 27030 low lbd: 356 lbd cutoff: 2 target computed: 20000 cannot be del : 63 used: 18847 rdb: 1189
c o [mem] consolidate  old-sz: 6850K new-sz: 2260K new bits offs: 19 T: 0.00
c o [rdb] cls before: 36292 after: 26957 low lbd: 359 lbd cutoff: 2 target computed: 20000 cannot be del : 50 used: 19200 rdb: 1192
c o [rdb] cls before: 37119 after: 27066 low lbd: 360 lbd cutoff: 2 target computed: 20000 cannot be del : 89 used: 18582 rdb: 1195
c o [mem] consolidate  old-sz: 8614K new-sz: 2424K new bits offs: 19 T: 0.00
c o [rdb] cls before: 36967 after: 27219 low lbd: 362 lbd cutoff: 2 target computed: 20000 cannot be del : 98 used: 18429 rdb: 1198
c o [mem] consolidate  old-sz: 8691K new-sz: 2435K new bits offs: 19 T: 0.00
c o [rdb] cls before: 37743 after: 27314 low lbd: 362 lbd cutoff: 2 target computed: 20000 cannot be del : 66 used: 19270 rdb: 1201
c o [mem] consolidate  old-sz: 8538K new-sz: 2309K new bits offs: 19 T: 0.00
c o [rdb] cls before: 36756 after: 27396 low lbd: 362 lbd cutoff: 2 target computed: 20000 cannot be del : 95 used: 18611 rdb: 1204
c o [rdb] cls before: 37959 after: 27720 low lbd: 362 lbd cutoff: 2 target computed: 20000 cannot be del : 84 used: 19717 rdb: 1207
c o [mem] consolidate  old-sz: 8467K new-sz: 2380K new bits offs: 19 T: 0.00
c o [rdb] cls before: 37782 after: 27425 low lbd: 362 lbd cutoff: 2 target computed: 20000 cannot be del : 83 used: 18367 rdb: 1210
c o [mem] consolidate  old-sz: 7082K new-sz: 2472K new bits offs: 19 T: 0.00
c o [rdb] cls before: 36952 after: 27205 low lbd: 362 lbd cutoff: 2 target computed: 20000 cannot be del : 93 used: 18327 rdb: 1213
c o [mem] consolidate  old-sz: 7276K new-sz: 2425K new bits offs: 19 T: 0.00
c o [rdb] cls before: 37161 after: 27418 low lbd: 363 lbd cutoff: 2 target computed: 20000 cannot be del : 84 used: 18512 rdb: 1216
c o [mem] consolidate  old-sz: 8746K new-sz: 2503K new bits offs: 19 T: 0.00
c o [rdb] cls before: 37721 after: 27470 low lbd: 363 lbd cutoff: 2 target computed: 20000 cannot be del : 95 used: 19027 rdb: 1219
c o [mem] consolidate  old-sz: 7070K new-sz: 2324K new bits offs: 19 T: 0.00
c o [rdb] cls before: 36732 after: 27256 low lbd: 363 lbd cutoff: 2 target computed: 20000 cannot be del : 84 used: 18473 rdb: 1222
c o [mem] consolidate  old-sz: 8433K new-sz: 2402K new bits offs: 19 T: 0.00
c o [rdb] cls before: 37064 after: 27528 low lbd: 364 lbd cutoff: 2 target computed: 20000 cannot be del : 87 used: 18979 rdb: 1225
c o [rdb] cls before: 37655 after: 27434 low lbd: 364 lbd cutoff: 2 target computed: 20000 cannot be del : 101 used: 18915 rdb: 1228
c o [mem] consolidate  old-sz: 8727K new-sz: 2451K new bits offs: 19 T: 0.00
c o [rdb] cls before: 37466 after: 27117 low lbd: 365 lbd cutoff: 2 target computed: 20000 cannot be del : 108 used: 17543 rdb: 1231
c o [mem] consolidate  old-sz: 7037K new-sz: 2352K new bits offs: 19 T: 0.00
c o [rdb] cls before: 37347 after: 27592 low lbd: 365 lbd cutoff: 2 target computed: 20000 cannot be del : 50 used: 18748 rdb: 1234
c o [mem] consolidate  old-sz: 8545K new-sz: 2352K new bits offs: 19 T: 0.00
c o [rdb] cls before: 37802 after: 27451 low lbd: 367 lbd cutoff: 2 target computed: 20000 cannot be del : 49 used: 18040 rdb: 1237
c o [mem] consolidate  old-sz: 8583K new-sz: 2433K new bits offs: 19 T: 0.00
c o [rdb] cls before: 37769 after: 27247 low lbd: 367 lbd cutoff: 2 target computed: 20000 cannot be del : 66 used: 18946 rdb: 1240
c o [mem] consolidate  old-sz: 6990K new-sz: 2413K new bits offs: 19 T: 0.00
c o [rdb] cls before: 37579 after: 27345 low lbd: 367 lbd cutoff: 2 target computed: 20000 cannot be del : 72 used: 17834 rdb: 1243
c o [mem] consolidate  old-sz: 7182K new-sz: 2494K new bits offs: 19 T: 0.00
c o [rdb] cls before: 37552 after: 27744 low lbd: 368 lbd cutoff: 2 target computed: 20000 cannot be del : 44 used: 19392 rdb: 1246
c o [mem] consolidate  old-sz: 7199K new-sz: 2413K new bits offs: 19 T: 0.00
c o [rdb] cls before: 37206 after: 27492 low lbd: 369 lbd cutoff: 2 target computed: 20000 cannot be del : 79 used: 19083 rdb: 1249
c o [rdb] cls before: 37500 after: 27219 low lbd: 370 lbd cutoff: 2 target computed: 20000 cannot be del : 55 used: 18105 rdb: 1252
c o [mem] consolidate  old-sz: 8670K new-sz: 2439K new bits offs: 19 T: 0.00
c o [rdb] cls before: 37384 after: 26741 low lbd: 370 lbd cutoff: 2 target computed: 20000 cannot be del : 105 used: 18431 rdb: 1255
c o [mem] consolidate  old-sz: 7201K new-sz: 2344K new bits offs: 19 T: 0.00
c o [rdb] cls before: 36864 after: 27174 low lbd: 370 lbd cutoff: 2 target computed: 20000 cannot be del : 92 used: 18701 rdb: 1258
c o [mem] consolidate  old-sz: 8615K new-sz: 2445K new bits offs: 19 T: 0.00
c o [rdb] cls before: 37078 after: 26692 low lbd: 370 lbd cutoff: 2 target computed: 20000 cannot be del : 108 used: 17664 rdb: 1261
c o [mem] consolidate  old-sz: 8828K new-sz: 2382K new bits offs: 19 T: 0.00
c o [rdb] cls before: 37323 after: 26958 low lbd: 371 lbd cutoff: 2 target computed: 20000 cannot be del : 74 used: 17883 rdb: 1264
c o [mem] consolidate  old-sz: 6998K new-sz: 2361K new bits offs: 19 T: 0.00
c o [rdb] cls before: 37063 after: 27692 low lbd: 371 lbd cutoff: 2 target computed: 20000 cannot be del : 75 used: 19957 rdb: 1267
c o [mem] consolidate  old-sz: 7065K new-sz: 2303K new bits offs: 19 T: 0.00
c o [rdb] cls before: 36485 after: 27427 low lbd: 371 lbd cutoff: 2 target computed: 20000 cannot be del : 81 used: 18732 rdb: 1270
c o [rdb] cls before: 37748 after: 27313 low lbd: 372 lbd cutoff: 2 target computed: 20000 cannot be del : 70 used: 18218 rdb: 1273
c o [mem] consolidate  old-sz: 8723K new-sz: 2413K new bits offs: 19 T: 0.00
c o [rdb] cls before: 37585 after: 27614 low lbd: 374 lbd cutoff: 2 target computed: 20000 cannot be del : 67 used: 19244 rdb: 1276
c o [mem] consolidate  old-sz: 8874K new-sz: 2387K new bits offs: 19 T: 0.00
c o [rdb] cls before: 37228 after: 27542 low lbd: 374 lbd cutoff: 2 target computed: 20000 cannot be del : 73 used: 18831 rdb: 1279
c o [mem] consolidate  old-sz: 8742K new-sz: 2389K new bits offs: 19 T: 0.00
c o [rdb] cls before: 37232 after: 27756 low lbd: 376 lbd cutoff: 2 target computed: 20000 cannot be del : 79 used: 18833 rdb: 1282
c o [rdb] cls before: 37651 after: 27841 low lbd: 376 lbd cutoff: 2 target computed: 20000 cannot be del : 82 used: 18998 rdb: 1285
c o [mem] consolidate  old-sz: 8811K new-sz: 2505K new bits offs: 19 T: 0.00
c o [rdb] cls before: 37595 after: 27439 low lbd: 376 lbd cutoff: 2 target computed: 20000 cannot be del : 47 used: 18733 rdb: 1288
c o [mem] consolidate  old-sz: 7341K new-sz: 2404K new bits offs: 19 T: 0.00
c o [rdb] cls before: 37354 after: 27893 low lbd: 378 lbd cutoff: 2 target computed: 20000 cannot be del : 104 used: 18986 rdb: 1291
c o [mem] consolidate  old-sz: 8885K new-sz: 2516K new bits offs: 19 T: 0.00
c o [rdb] cls before: 37665 after: 27909 low lbd: 378 lbd cutoff: 2 target computed: 20000 cannot be del : 69 used: 19115 rdb: 1294
c o [mem] consolidate  old-sz: 7514K new-sz: 2565K new bits offs: 19 T: 0.00
c o [rdb] cls before: 37983 after: 27803 low lbd: 379 lbd cutoff: 2 target computed: 20000 cannot be del : 80 used: 20157 rdb: 1297
c o [mem] consolidate  old-sz: 7059K new-sz: 2217K new bits offs: 19 T: 0.00
c o [rdb] cls before: 37296 after: 27516 low lbd: 380 lbd cutoff: 2 target computed: 20000 cannot be del : 71 used: 18054 rdb: 1300
c o [mem] consolidate  old-sz: 6698K new-sz: 2324K new bits offs: 19 T: 0.00
c o [rdb] cls before: 37696 after: 27662 low lbd: 382 lbd cutoff: 2 target computed: 20000 cannot be del : 39 used: 18628 rdb: 1303
c o [mem] consolidate  old-sz: 8279K new-sz: 2200K new bits offs: 19 T: 0.00
c o [rdb] cls before: 36802 after: 27598 low lbd: 383 lbd cutoff: 2 target computed: 20000 cannot be del : 113 used: 18513 rdb: 1306
c o [rdb] cls before: 37669 after: 27879 low lbd: 387 lbd cutoff: 2 target computed: 20000 cannot be del : 59 used: 18852 rdb: 1309
c o [mem] consolidate  old-sz: 8258K new-sz: 2423K new bits offs: 19 T: 0.00
c o [rdb] cls before: 37508 after: 27826 low lbd: 387 lbd cutoff: 2 target computed: 20000 cannot be del : 37 used: 18537 rdb: 1312
c o [mem] consolidate  old-sz: 6949K new-sz: 2376K new bits offs: 19 T: 0.00
c o [rdb] cls before: 37687 after: 27983 low lbd: 387 lbd cutoff: 2 target computed: 20000 cannot be del : 113 used: 19152 rdb: 1315
c o [mem] consolidate  old-sz: 8368K new-sz: 2354K new bits offs: 19 T: 0.00
c o [rdb] cls before: 37925 after: 27261 low lbd: 388 lbd cutoff: 2 target computed: 20000 cannot be del : 71 used: 18101 rdb: 1318
c o [mem] consolidate  old-sz: 6841K new-sz: 2319K new bits offs: 19 T: 0.00
c o [rdb] cls before: 38106 after: 27837 low lbd: 394 lbd cutoff: 2 target computed: 20000 cannot be del : 89 used: 18353 rdb: 1321
c o [mem] consolidate  old-sz: 8344K new-sz: 2306K new bits offs: 19 T: 0.00
c o [rdb] cls before: 37349 after: 27782 low lbd: 395 lbd cutoff: 2 target computed: 20000 cannot be del : 37 used: 18175 rdb: 1324
c o [rdb] cls before: 38280 after: 28074 low lbd: 396 lbd cutoff: 2 target computed: 20000 cannot be del : 91 used: 19002 rdb: 1327
c o [mem] consolidate  old-sz: 8366K new-sz: 2399K new bits offs: 19 T: 0.00
c o [rdb] cls before: 38057 after: 28309 low lbd: 397 lbd cutoff: 2 target computed: 20000 cannot be del : 92 used: 19343 rdb: 1330
c o [mem] consolidate  old-sz: 8533K new-sz: 2291K new bits offs: 19 T: 0.00
c o [rdb] cls before: 38119 after: 27381 low lbd: 397 lbd cutoff: 2 target computed: 20000 cannot be del : 55 used: 17539 rdb: 1333
c o [mem] consolidate  old-sz: 8576K new-sz: 2440K new bits offs: 19 T: 0.00
c o [rdb] cls before: 37751 after: 27750 low lbd: 398 lbd cutoff: 2 target computed: 20000 cannot be del : 88 used: 19382 rdb: 1336
c o [rdb] cls before: 37978 after: 27999 low lbd: 398 lbd cutoff: 2 target computed: 20000 cannot be del : 110 used: 19284 rdb: 1339
c o [mem] consolidate  old-sz: 8633K new-sz: 2422K new bits offs: 19 T: 0.00
c o [rdb] cls before: 37632 after: 27762 low lbd: 398 lbd cutoff: 2 target computed: 20000 cannot be del : 94 used: 18517 rdb: 1342
c o [mem] consolidate  old-sz: 7007K new-sz: 2387K new bits offs: 19 T: 0.00
c o [rdb] cls before: 38051 after: 28033 low lbd: 401 lbd cutoff: 2 target computed: 20000 cannot be del : 80 used: 19495 rdb: 1345
c o [mem] consolidate  old-sz: 8583K new-sz: 2424K new bits offs: 19 T: 0.00
c o [rdb] cls before: 37441 after: 27887 low lbd: 405 lbd cutoff: 2 target computed: 20000 cannot be del : 100 used: 18975 rdb: 1348
c o [mem] consolidate  old-sz: 7215K new-sz: 2386K new bits offs: 19 T: 0.00
c o [rdb] cls before: 38027 after: 27991 low lbd: 405 lbd cutoff: 2 target computed: 20000 cannot be del : 122 used: 20053 rdb: 1351
c o [mem] consolidate  old-sz: 8663K new-sz: 2406K new bits offs: 19 T: 0.00
c o [rdb] cls before: 37952 after: 27604 low lbd: 407 lbd cutoff: 2 target computed: 20000 cannot be del : 101 used: 18137 rdb: 1354
c o [mem] consolidate  old-sz: 7106K new-sz: 2365K new bits offs: 19 T: 0.00
c o [rdb] cls before: 37098 after: 27270 low lbd: 411 lbd cutoff: 2 target computed: 20000 cannot be del : 43 used: 18024 rdb: 1357
c o [rdb] cls before: 37545 after: 27907 low lbd: 413 lbd cutoff: 2 target computed: 20000 cannot be del : 80 used: 19070 rdb: 1360
c o [mem] consolidate  old-sz: 8658K new-sz: 2494K new bits offs: 19 T: 0.00
c o [rdb] cls before: 37541 after: 27677 low lbd: 414 lbd cutoff: 2 target computed: 20000 cannot be del : 94 used: 18984 rdb: 1363
c o [mem] consolidate  old-sz: 7194K new-sz: 2426K new bits offs: 19 T: 0.00
c o [rdb] cls before: 36716 after: 27696 low lbd: 414 lbd cutoff: 2 target computed: 20000 cannot be del : 80 used: 18510 rdb: 1366
c o [mem] consolidate  old-sz: 8434K new-sz: 2333K new bits offs: 19 T: 0.00
c o [rdb] cls before: 37808 after: 27044 low lbd: 414 lbd cutoff: 2 target computed: 20000 cannot be del : 24 used: 19060 rdb: 1369
c o [mem] consolidate  old-sz: 6728K new-sz: 2194K new bits offs: 19 T: 0.00
c o [rdb] cls before: 37067 after: 26847 low lbd: 417 lbd cutoff: 2 target computed: 20000 cannot be del : 84 used: 18214 rdb: 1372
c o [mem] consolidate  old-sz: 8307K new-sz: 2383K new bits offs: 19 T: 0.00
c o [rdb] cls before: 37204 after: 26837 low lbd: 418 lbd cutoff: 2 target computed: 20000 cannot be del : 101 used: 18498 rdb: 1375
c o [mem] consolidate  old-sz: 6962K new-sz: 2321K new bits offs: 19 T: 0.00
c o [rdb] cls before: 36769 after: 27423 low lbd: 420 lbd cutoff: 2 target computed: 20000 cannot be del : 95 used: 19997 rdb: 1378
c o [rdb] cls before: 37277 after: 27395 low lbd: 422 lbd cutoff: 2 target computed: 20000 cannot be del : 110 used: 19041 rdb: 1381
c o [mem] consolidate  old-sz: 8323K new-sz: 2335K new bits offs: 19 T: 0.00
c o [rdb] cls before: 37645 after: 27483 low lbd: 422 lbd cutoff: 2 target computed: 20000 cannot be del : 79 used: 18440 rdb: 1384
c o [mem] consolidate  old-sz: 8410K new-sz: 2414K new bits offs: 19 T: 0.00
c o [rdb] cls before: 37417 after: 27461 low lbd: 422 lbd cutoff: 2 target computed: 20000 cannot be del : 71 used: 18531 rdb: 1387
c o [mem] consolidate  old-sz: 7095K new-sz: 2423K new bits offs: 19 T: 0.00
c o [rdb] cls before: 37442 after: 27148 low lbd: 422 lbd cutoff: 2 target computed: 20000 cannot be del : 76 used: 18683 rdb: 1390
c o [mem] consolidate  old-sz: 7105K new-sz: 2396K new bits offs: 19 T: 0.00
c o [rdb] cls before: 36963 after: 27572 low lbd: 423 lbd cutoff: 2 target computed: 20000 cannot be del : 82 used: 18714 rdb: 1393
c o [mem] consolidate  old-sz: 7141K new-sz: 2404K new bits offs: 19 T: 0.00
c o [rdb] cls before: 37413 after: 27586 low lbd: 423 lbd cutoff: 2 target computed: 20000 cannot be del : 83 used: 19056 rdb: 1396
c o [mem] consolidate  old-sz: 8718K new-sz: 2486K new bits offs: 19 T: 0.00
c o [rdb] cls before: 37367 after: 27550 low lbd: 423 lbd cutoff: 2 target computed: 20000 cannot be del : 56 used: 18638 rdb: 1399
c o [mem] consolidate  old-sz: 6996K new-sz: 2276K new bits offs: 19 T: 0.00
c o [rdb] cls before: 37203 after: 27536 low lbd: 424 lbd cutoff: 2 target computed: 20000 cannot be del : 88 used: 18564 rdb: 1402
c o [rdb] cls before: 37256 after: 27285 low lbd: 424 lbd cutoff: 2 target computed: 20000 cannot be del : 61 used: 18328 rdb: 1405
c o [mem] consolidate  old-sz: 8294K new-sz: 2373K new bits offs: 19 T: 0.00
c o [rdb] cls before: 37156 after: 27326 low lbd: 424 lbd cutoff: 2 target computed: 20000 cannot be del : 64 used: 18077 rdb: 1408
c o [mem] consolidate  old-sz: 8569K new-sz: 2394K new bits offs: 19 T: 0.00
c o [rdb] cls before: 37582 after: 27480 low lbd: 426 lbd cutoff: 2 target computed: 20000 cannot be del : 100 used: 18277 rdb: 1411
c o [mem] consolidate  old-sz: 6967K new-sz: 2376K new bits offs: 19 T: 0.00
c o [rdb] cls before: 36896 after: 27234 low lbd: 426 lbd cutoff: 2 target computed: 20000 cannot be del : 85 used: 18705 rdb: 1414
c o [mem] consolidate  old-sz: 6832K new-sz: 2341K new bits offs: 19 T: 0.00
c o [rdb] cls before: 37350 after: 27453 low lbd: 428 lbd cutoff: 2 target computed: 20000 cannot be del : 96 used: 18828 rdb: 1417
c o [mem] consolidate  old-sz: 6860K new-sz: 2346K new bits offs: 19 T: 0.00
c o [rdb] cls before: 36702 after: 26705 low lbd: 428 lbd cutoff: 2 target computed: 20000 cannot be del : 27 used: 17457 rdb: 1420
c o [mem] consolidate  old-sz: 8289K new-sz: 2238K new bits offs: 19 T: 0.00
c o [rdb] cls before: 36730 after: 26970 low lbd: 428 lbd cutoff: 2 target computed: 20000 cannot be del : 63 used: 17875 rdb: 1423
c o [mem] consolidate  old-sz: 7015K new-sz: 2445K new bits offs: 19 T: 0.00
c o [rdb] cls before: 36573 after: 26607 low lbd: 428 lbd cutoff: 2 target computed: 20000 cannot be del : 79 used: 18127 rdb: 1426
c o [rdb] cls before: 37361 after: 26761 low lbd: 429 lbd cutoff: 2 target computed: 20000 cannot be del : 45 used: 17581 rdb: 1429
c o [mem] consolidate  old-sz: 8860K new-sz: 2368K new bits offs: 19 T: 0.00
c o [rdb] cls before: 36646 after: 27092 low lbd: 431 lbd cutoff: 2 target computed: 20000 cannot be del : 66 used: 18369 rdb: 1432
c o [mem] consolidate  old-sz: 8676K new-sz: 2399K new bits offs: 19 T: 0.00
c o [rdb] cls before: 37239 after: 27235 low lbd: 431 lbd cutoff: 2 target computed: 20000 cannot be del : 113 used: 19960 rdb: 1435
c o [mem] consolidate  old-sz: 6945K new-sz: 2275K new bits offs: 19 T: 0.00
c o [rdb] cls before: 37306 after: 27068 low lbd: 431 lbd cutoff: 2 target computed: 20000 cannot be del : 66 used: 17845 rdb: 1438
c o [mem] consolidate  old-sz: 8506K new-sz: 2444K new bits offs: 19 T: 0.00
c o [rdb] cls before: 37496 after: 27281 low lbd: 432 lbd cutoff: 2 target computed: 20000 cannot be del : 66 used: 18267 rdb: 1441
c o [mem] consolidate  old-sz: 7046K new-sz: 2330K new bits offs: 19 T: 0.00
c o [rdb] cls before: 37006 after: 27505 low lbd: 432 lbd cutoff: 2 target computed: 20000 cannot be del : 72 used: 18716 rdb: 1444
c o [rdb] cls before: 37403 after: 26720 low lbd: 432 lbd cutoff: 2 target computed: 20000 cannot be del : 54 used: 17687 rdb: 1447
c o [mem] consolidate  old-sz: 8693K new-sz: 2426K new bits offs: 19 T: 0.00
c o [rdb] cls before: 37148 after: 26760 low lbd: 434 lbd cutoff: 2 target computed: 20000 cannot be del : 63 used: 18503 rdb: 1450
c o [mem] consolidate  old-sz: 8514K new-sz: 2350K new bits offs: 19 T: 0.00
c o [rdb] cls before: 37486 after: 27507 low lbd: 434 lbd cutoff: 2 target computed: 20000 cannot be del : 32 used: 18463 rdb: 1453
c o [mem] consolidate  old-sz: 7111K new-sz: 2340K new bits offs: 19 T: 0.00
c o [rdb] cls before: 37418 after: 27122 low lbd: 435 lbd cutoff: 2 target computed: 20000 cannot be del : 96 used: 17911 rdb: 1456
c o [mem] consolidate  old-sz: 8734K new-sz: 2378K new bits offs: 19 T: 0.00
c o [rdb] cls before: 37295 after: 27688 low lbd: 437 lbd cutoff: 2 target computed: 20000 cannot be del : 82 used: 19435 rdb: 1459
c o [rdb] cls before: 37656 after: 27902 low lbd: 439 lbd cutoff: 2 target computed: 20000 cannot be del : 62 used: 19302 rdb: 1462
c o [mem] consolidate  old-sz: 8726K new-sz: 2460K new bits offs: 19 T: 0.00
c o [rdb] cls before: 37754 after: 27562 low lbd: 439 lbd cutoff: 2 target computed: 20000 cannot be del : 70 used: 19271 rdb: 1465
c o [mem] consolidate  old-sz: 7220K new-sz: 2450K new bits offs: 19 T: 0.00
c o [rdb] cls before: 37782 after: 28063 low lbd: 439 lbd cutoff: 2 target computed: 20000 cannot be del : 112 used: 19132 rdb: 1468
c o [mem] consolidate  old-sz: 8995K new-sz: 2550K new bits offs: 19 T: 0.00
c o [rdb] cls before: 37771 after: 27834 low lbd: 439 lbd cutoff: 2 target computed: 20000 cannot be del : 51 used: 18979 rdb: 1471
c o [mem] consolidate  old-sz: 9056K new-sz: 2495K new bits offs: 19 T: 0.00
c o [rdb] cls before: 37795 after: 27854 low lbd: 440 lbd cutoff: 2 target computed: 20000 cannot be del : 68 used: 19260 rdb: 1474
c o [mem] consolidate  old-sz: 7022K new-sz: 2337K new bits offs: 19 T: 0.00
c o [rdb] cls before: 37755 after: 27866 low lbd: 443 lbd cutoff: 2 target computed: 20000 cannot be del : 66 used: 19195 rdb: 1477
c o [rdb] cls before: 37978 after: 27480 low lbd: 443 lbd cutoff: 2 target computed: 20000 cannot be del : 26 used: 18059 rdb: 1480
c o [mem] consolidate  old-sz: 8348K new-sz: 2383K new bits offs: 19 T: 0.00
c o [rdb] cls before: 37449 after: 27157 low lbd: 444 lbd cutoff: 2 target computed: 20000 cannot be del : 80 used: 17869 rdb: 1483
c o [mem] consolidate  old-sz: 6973K new-sz: 2342K new bits offs: 19 T: 0.00
c o [rdb] cls before: 37065 after: 26883 low lbd: 445 lbd cutoff: 2 target computed: 20000 cannot be del : 55 used: 17921 rdb: 1486
c o [mem] consolidate  old-sz: 6782K new-sz: 2252K new bits offs: 19 T: 0.00
c o [rdb] cls before: 36758 after: 27356 low lbd: 445 lbd cutoff: 2 target computed: 20000 cannot be del : 69 used: 18806 rdb: 1489
c o [mem] consolidate  old-sz: 8291K new-sz: 2439K new bits offs: 19 T: 0.00
c o [rdb] cls before: 37324 after: 27274 low lbd: 445 lbd cutoff: 2 target computed: 20000 cannot be del : 52 used: 18660 rdb: 1492
c o [mem] consolidate  old-sz: 8530K new-sz: 2402K new bits offs: 19 T: 0.00
c o [rdb] cls before: 37660 after: 27398 low lbd: 447 lbd cutoff: 2 target computed: 20000 cannot be del : 79 used: 18280 rdb: 1495
c o [rdb] cls before: 38080 after: 27235 low lbd: 449 lbd cutoff: 2 target computed: 20000 cannot be del : 70 used: 18408 rdb: 1498
c o [mem] consolidate  old-sz: 8572K new-sz: 2296K new bits offs: 19 T: 0.00
c o [rdb] cls before: 37748 after: 27151 low lbd: 449 lbd cutoff: 2 target computed: 20000 cannot be del : 72 used: 17725 rdb: 1501
c o [mem] consolidate  old-sz: 6905K new-sz: 2269K new bits offs: 19 T: 0.00
c o [rdb] cls before: 37817 after: 27639 low lbd: 450 lbd cutoff: 2 target computed: 20000 cannot be del : 47 used: 18365 rdb: 1504
c o [mem] consolidate  old-sz: 8243K new-sz: 2368K new bits offs: 19 T: 0.00
c o [rdb] cls before: 37595 after: 27336 low lbd: 450 lbd cutoff: 2 target computed: 20000 cannot be del : 49 used: 18952 rdb: 1507
c o [mem] consolidate  old-sz: 6834K new-sz: 2383K new bits offs: 19 T: 0.00
c o [rdb] cls before: 37672 after: 27063 low lbd: 451 lbd cutoff: 2 target computed: 20000 cannot be del : 128 used: 18679 rdb: 1510
c o [mem] consolidate  old-sz: 7082K new-sz: 2418K new bits offs: 19 T: 0.00
c o [rdb] cls before: 37316 after: 27181 low lbd: 451 lbd cutoff: 2 target computed: 20000 cannot be del : 82 used: 17933 rdb: 1513
c o [mem] consolidate  old-sz: 7065K new-sz: 2365K new bits offs: 19 T: 0.00
c o [rdb] cls before: 37297 after: 27422 low lbd: 452 lbd cutoff: 2 target computed: 20000 cannot be del : 47 used: 18647 rdb: 1516
c o [mem] consolidate  old-sz: 8550K new-sz: 2340K new bits offs: 19 T: 0.00
c o [rdb] cls before: 36965 after: 27606 low lbd: 452 lbd cutoff: 2 target computed: 20000 cannot be del : 54 used: 18750 rdb: 1519
c o [rdb] cls before: 37115 after: 27504 low lbd: 452 lbd cutoff: 2 target computed: 20000 cannot be del : 94 used: 18558 rdb: 1522
c o [mem] consolidate  old-sz: 8695K new-sz: 2519K new bits offs: 19 T: 0.00
c o [rdb] cls before: 36758 after: 27540 low lbd: 453 lbd cutoff: 2 target computed: 20000 cannot be del : 55 used: 18766 rdb: 1525
c o [mem] consolidate  old-sz: 8729K new-sz: 2384K new bits offs: 19 T: 0.00
c o [rdb] cls before: 36639 after: 27003 low lbd: 454 lbd cutoff: 2 target computed: 20000 cannot be del : 92 used: 19477 rdb: 1528
c o [mem] consolidate  old-sz: 6738K new-sz: 2293K new bits offs: 19 T: 0.00
c o [rdb] cls before: 37626 after: 27423 low lbd: 456 lbd cutoff: 2 target computed: 20000 cannot be del : 53 used: 18714 rdb: 1531
c o [mem] consolidate  old-sz: 8388K new-sz: 2392K new bits offs: 19 T: 0.00
c o [rdb] cls before: 37342 after: 27870 low lbd: 456 lbd cutoff: 2 target computed: 20000 cannot be del : 27 used: 19392 rdb: 1534
c o [rdb] cls before: 37645 after: 27072 low lbd: 456 lbd cutoff: 2 target computed: 20000 cannot be del : 33 used: 18989 rdb: 1537
c o [mem] consolidate  old-sz: 8394K new-sz: 2265K new bits offs: 19 T: 0.00
c o [rdb] cls before: 37679 after: 27465 low lbd: 458 lbd cutoff: 2 target computed: 20000 cannot be del : 79 used: 18361 rdb: 1540
c o [mem] consolidate  old-sz: 8411K new-sz: 2340K new bits offs: 19 T: 0.00
c o [rdb] cls before: 37671 after: 28141 low lbd: 459 lbd cutoff: 2 target computed: 20000 cannot be del : 54 used: 19279 rdb: 1543
c o [mem] consolidate  old-sz: 8441K new-sz: 2399K new bits offs: 19 T: 0.00
c o [rdb] cls before: 37516 after: 27782 low lbd: 459 lbd cutoff: 2 target computed: 20000 cannot be del : 70 used: 18544 rdb: 1546
c o [rdb] cls before: 38035 after: 27206 low lbd: 460 lbd cutoff: 2 target computed: 20000 cannot be del : 69 used: 18530 rdb: 1549
c o [mem] consolidate  old-sz: 8796K new-sz: 2357K new bits offs: 19 T: 0.00
c o [rdb] cls before: 38124 after: 28065 low lbd: 460 lbd cutoff: 2 target computed: 20000 cannot be del : 93 used: 19036 rdb: 1552
c o [mem] consolidate  old-sz: 8612K new-sz: 2228K new bits offs: 19 T: 0.00
c o [rdb] cls before: 37583 after: 28401 low lbd: 460 lbd cutoff: 2 target computed: 20000 cannot be del : 71 used: 20325 rdb: 1555
c o [mem] consolidate  old-sz: 8403K new-sz: 2461K new bits offs: 19 T: 0.00
c o [rdb] cls before: 37980 after: 27792 low lbd: 460 lbd cutoff: 2 target computed: 20000 cannot be del : 50 used: 19735 rdb: 1558
c o [rdb] cls before: 38003 after: 28070 low lbd: 460 lbd cutoff: 2 target computed: 20000 cannot be del : 87 used: 19557 rdb: 1561
c o [mem] consolidate  old-sz: 8615K new-sz: 2412K new bits offs: 19 T: 0.00
c o [rdb] cls before: 37924 after: 27418 low lbd: 461 lbd cutoff: 2 target computed: 20000 cannot be del : 87 used: 18060 rdb: 1564
c o [mem] consolidate  old-sz: 7089K new-sz: 2344K new bits offs: 19 T: 0.00
c o [rdb] cls before: 36959 after: 27701 low lbd: 463 lbd cutoff: 2 target computed: 20000 cannot be del : 81 used: 19649 rdb: 1567
c o [mem] consolidate  old-sz: 8310K new-sz: 2393K new bits offs: 19 T: 0.00
c o [rdb] cls before: 37545 after: 28170 low lbd: 463 lbd cutoff: 2 target computed: 20000 cannot be del : 66 used: 19735 rdb: 1570
c o [mem] consolidate  old-sz: 8619K new-sz: 2461K new bits offs: 19 T: 0.00
c o [rdb] cls before: 37383 after: 28110 low lbd: 463 lbd cutoff: 2 target computed: 20000 cannot be del : 105 used: 19050 rdb: 1573
c o [rdb] cls before: 38146 after: 28123 low lbd: 463 lbd cutoff: 2 target computed: 20000 cannot be del : 48 used: 19276 rdb: 1576
c o [mem] consolidate  old-sz: 8772K new-sz: 2522K new bits offs: 19 T: 0.00
c o [rdb] cls before: 37579 after: 27651 low lbd: 465 lbd cutoff: 2 target computed: 20000 cannot be del : 85 used: 19170 rdb: 1579
c o [mem] consolidate  old-sz: 7063K new-sz: 2403K new bits offs: 19 T: 0.00
c o [rdb] cls before: 38049 after: 28141 low lbd: 465 lbd cutoff: 2 target computed: 20000 cannot be del : 97 used: 19632 rdb: 1582
c o [mem] consolidate  old-sz: 9064K new-sz: 2682K new bits offs: 19 T: 0.00
c o [rdb] cls before: 37640 after: 27616 low lbd: 465 lbd cutoff: 2 target computed: 20000 cannot be del : 69 used: 18870 rdb: 1585
c o [mem] consolidate  old-sz: 7346K new-sz: 2364K new bits offs: 19 T: 0.00
c o [rdb] cls before: 38250 after: 27885 low lbd: 466 lbd cutoff: 2 target computed: 20000 cannot be del : 67 used: 20553 rdb: 1588
c o [mem] consolidate  old-sz: 8429K new-sz: 2407K new bits offs: 19 T: 0.00
c o [rdb] cls before: 38063 after: 27954 low lbd: 466 lbd cutoff: 2 target computed: 20000 cannot be del : 100 used: 18852 rdb: 1591
c o [mem] consolidate  old-sz: 7077K new-sz: 2321K new bits offs: 19 T: 0.00
c o [rdb] cls before: 37560 after: 28135 low lbd: 466 lbd cutoff: 2 target computed: 20000 cannot be del : 73 used: 19257 rdb: 1594
c o [rdb] cls before: 38162 after: 27797 low lbd: 467 lbd cutoff: 2 target computed: 20000 cannot be del : 90 used: 18833 rdb: 1597
c o [mem] consolidate  old-sz: 8767K new-sz: 2429K new bits offs: 19 T: 0.00
c o [rdb] cls before: 39057 after: 28024 low lbd: 469 lbd cutoff: 2 target computed: 20000 cannot be del : 86 used: 20022 rdb: 1600
c o [mem] consolidate  old-sz: 8695K new-sz: 2417K new bits offs: 19 T: 0.00
c o [rdb] cls before: 38187 after: 28159 low lbd: 471 lbd cutoff: 2 target computed: 20000 cannot be del : 44 used: 18772 rdb: 1603
c o [mem] consolidate  old-sz: 7166K new-sz: 2373K new bits offs: 19 T: 0.00
c o [rdb] cls before: 38256 after: 28115 low lbd: 471 lbd cutoff: 2 target computed: 20000 cannot be del : 47 used: 19011 rdb: 1606
c o [mem] consolidate  old-sz: 8688K new-sz: 2519K new bits offs: 19 T: 0.00
c o [rdb] cls before: 38294 after: 28544 low lbd: 472 lbd cutoff: 2 target computed: 20000 cannot be del : 104 used: 19536 rdb: 1609
c o [rdb] cls before: 38614 after: 28046 low lbd: 473 lbd cutoff: 2 target computed: 20000 cannot be del : 81 used: 20547 rdb: 1612
c o [mem] consolidate  old-sz: 8902K new-sz: 2364K new bits offs: 19 T: 0.00
c o [rdb] cls before: 38371 after: 28240 low lbd: 473 lbd cutoff: 2 target computed: 20000 cannot be del : 94 used: 20330 rdb: 1615
c o [mem] consolidate  old-sz: 8560K new-sz: 2469K new bits offs: 19 T: 0.00
c o [rdb] cls before: 38590 after: 28183 low lbd: 474 lbd cutoff: 2 target computed: 20000 cannot be del : 72 used: 19791 rdb: 1618
c o [mem] consolidate  old-sz: 7061K new-sz: 2404K new bits offs: 19 T: 0.00
c o [rdb] cls before: 38571 after: 27974 low lbd: 475 lbd cutoff: 2 target computed: 20000 cannot be del : 60 used: 18282 rdb: 1621
c o [mem] consolidate  old-sz: 8886K new-sz: 2566K new bits offs: 19 T: 0.00
c o [rdb] cls before: 37950 after: 28476 low lbd: 475 lbd cutoff: 2 target computed: 20000 cannot be del : 41 used: 20240 rdb: 1624
c o [mem] consolidate  old-sz: 7364K new-sz: 2473K new bits offs: 19 T: 0.00
c o [rdb] cls before: 37754 after: 27839 low lbd: 475 lbd cutoff: 2 target computed: 20000 cannot be del : 61 used: 19166 rdb: 1627
c o [rdb] cls before: 37948 after: 28015 low lbd: 477 lbd cutoff: 2 target computed: 20000 cannot be del : 83 used: 20325 rdb: 1630
c o [mem] consolidate  old-sz: 8888K new-sz: 2505K new bits offs: 19 T: 0.00
c o [rdb] cls before: 37698 after: 27392 low lbd: 478 lbd cutoff: 2 target computed: 20000 cannot be del : 81 used: 18559 rdb: 1633
c o [mem] consolidate  old-sz: 7208K new-sz: 2401K new bits offs: 19 T: 0.00
c o [rdb] cls before: 38146 after: 28186 low lbd: 478 lbd cutoff: 2 target computed: 20000 cannot be del : 91 used: 19103 rdb: 1636
c o [mem] consolidate  old-sz: 8789K new-sz: 2382K new bits offs: 19 T: 0.00
c o [rdb] cls before: 38021 after: 28071 low lbd: 478 lbd cutoff: 2 target computed: 20000 cannot be del : 49 used: 19709 rdb: 1639
c o [mem] consolidate  old-sz: 8544K new-sz: 2255K new bits offs: 19 T: 0.00
c o [rdb] cls before: 37406 after: 27963 low lbd: 478 lbd cutoff: 2 target computed: 20000 cannot be del : 70 used: 19364 rdb: 1642
c o [rdb] cls before: 38050 after: 27990 low lbd: 478 lbd cutoff: 2 target computed: 20000 cannot be del : 64 used: 20169 rdb: 1645
c o [mem] consolidate  old-sz: 8336K new-sz: 2403K new bits offs: 19 T: 0.00
c o [rdb] cls before: 38030 after: 27973 low lbd: 478 lbd cutoff: 2 target computed: 20000 cannot be del : 26 used: 19593 rdb: 1648
c o [mem] consolidate  old-sz: 7017K new-sz: 2373K new bits offs: 19 T: 0.00
c o [rdb] cls before: 38180 after: 28476 low lbd: 478 lbd cutoff: 2 target computed: 20000 cannot be del : 80 used: 20382 rdb: 1651
c o [mem] consolidate  old-sz: 8718K new-sz: 2505K new bits offs: 19 T: 0.00
c o [rdb] cls before: 38153 after: 28265 low lbd: 479 lbd cutoff: 2 target computed: 20000 cannot be del : 102 used: 19642 rdb: 1654
c o [mem] consolidate  old-sz: 7125K new-sz: 2423K new bits offs: 19 T: 0.00
c o [rdb] cls before: 38477 after: 28345 low lbd: 479 lbd cutoff: 2 target computed: 20000 cannot be del : 80 used: 19385 rdb: 1657
c o [mem] consolidate  old-sz: 8666K new-sz: 2323K new bits offs: 19 T: 0.00
c o [rdb] cls before: 37505 after: 28466 low lbd: 480 lbd cutoff: 2 target computed: 20000 cannot be del : 61 used: 19883 rdb: 1660
c o [rdb] cls before: 38368 after: 28219 low lbd: 480 lbd cutoff: 2 target computed: 20000 cannot be del : 59 used: 19231 rdb: 1663
c o [mem] consolidate  old-sz: 8406K new-sz: 2383K new bits offs: 19 T: 0.00
c o [rdb] cls before: 37966 after: 28451 low lbd: 480 lbd cutoff: 2 target computed: 20000 cannot be del : 51 used: 19541 rdb: 1666
c o [mem] consolidate  old-sz: 8680K new-sz: 2515K new bits offs: 19 T: 0.00
c o [rdb] cls before: 38614 after: 28559 low lbd: 480 lbd cutoff: 2 target computed: 20000 cannot be del : 84 used: 20110 rdb: 1669
c o [mem] consolidate  old-sz: 8519K new-sz: 2448K new bits offs: 19 T: 0.00
c o [rdb] cls before: 38708 after: 28485 low lbd: 480 lbd cutoff: 2 target computed: 20000 cannot be del : 71 used: 19242 rdb: 1672
c o [mem] consolidate  old-sz: 7164K new-sz: 2443K new bits offs: 19 T: 0.00
c o [rdb] cls before: 38098 after: 28139 low lbd: 480 lbd cutoff: 2 target computed: 20000 cannot be del : 67 used: 19385 rdb: 1675
c o [mem] consolidate  old-sz: 7163K new-sz: 2401K new bits offs: 19 T: 0.00
c o [rdb] cls before: 38004 after: 27727 low lbd: 480 lbd cutoff: 2 target computed: 20000 cannot be del : 82 used: 17944 rdb: 1678
c o [rdb] cls before: 38064 after: 28030 low lbd: 481 lbd cutoff: 2 target computed: 20000 cannot be del : 76 used: 18490 rdb: 1681
c o [mem] consolidate  old-sz: 8599K new-sz: 2425K new bits offs: 19 T: 0.00
c o [rdb] cls before: 38528 after: 27756 low lbd: 481 lbd cutoff: 2 target computed: 20000 cannot be del : 95 used: 19347 rdb: 1684
c o [mem] consolidate  old-sz: 7213K new-sz: 2420K new bits offs: 19 T: 0.00
c o [rdb] cls before: 37362 after: 27826 low lbd: 481 lbd cutoff: 2 target computed: 20000 cannot be del : 113 used: 19028 rdb: 1687
c o [mem] consolidate  old-sz: 8708K new-sz: 2436K new bits offs: 19 T: 0.00
c o [rdb] cls before: 38078 after: 28255 low lbd: 482 lbd cutoff: 2 target computed: 20000 cannot be del : 38 used: 19865 rdb: 1690
c o [mem] consolidate  old-sz: 7191K new-sz: 2405K new bits offs: 19 T: 0.00
c o [rdb] cls before: 37918 after: 28459 low lbd: 482 lbd cutoff: 2 target computed: 20000 cannot be del : 103 used: 19508 rdb: 1693
c o [mem] consolidate  old-sz: 7161K new-sz: 2369K new bits offs: 19 T: 0.00
c o [rdb] cls before: 38207 after: 27894 low lbd: 482 lbd cutoff: 2 target computed: 20000 cannot be del : 76 used: 18903 rdb: 1696
c o [mem] consolidate  old-sz: 8733K new-sz: 2557K new bits offs: 19 T: 0.00
c o [rdb] cls before: 38265 after: 27813 low lbd: 482 lbd cutoff: 2 target computed: 20000 cannot be del : 122 used: 18430 rdb: 1699
c o [mem] consolidate  old-sz: 7376K new-sz: 2509K new bits offs: 19 T: 0.00
c o [rdb] cls before: 38105 after: 28130 low lbd: 484 lbd cutoff: 2 target computed: 20000 cannot be del : 56 used: 19344 rdb: 1702
c o [mem] consolidate  old-sz: 7270K new-sz: 2428K new bits offs: 19 T: 0.00
c o [rdb] cls before: 38072 after: 28009 low lbd: 485 lbd cutoff: 2 target computed: 20000 cannot be del : 43 used: 19207 rdb: 1705
c o [mem] consolidate  old-sz: 7117K new-sz: 2409K new bits offs: 19 T: 0.00
c o [rdb] cls before: 37676 after: 28330 low lbd: 485 lbd cutoff: 2 target computed: 20000 cannot be del : 82 used: 19057 rdb: 1708
c o [rdb] cls before: 37969 after: 28125 low lbd: 486 lbd cutoff: 2 target computed: 20000 cannot be del : 103 used: 18758 rdb: 1711
c o [mem] consolidate  old-sz: 8807K new-sz: 2504K new bits offs: 19 T: 0.00
c o [rdb] cls before: 38509 after: 28426 low lbd: 486 lbd cutoff: 2 target computed: 20000 cannot be del : 69 used: 19881 rdb: 1714
c o [mem] consolidate  old-sz: 9020K new-sz: 2515K new bits offs: 19 T: 0.00
c o [rdb] cls before: 38310 after: 28188 low lbd: 488 lbd cutoff: 2 target computed: 20000 cannot be del : 66 used: 19298 rdb: 1717
c o [mem] consolidate  old-sz: 8895K new-sz: 2404K new bits offs: 19 T: 0.00
c o [rdb] cls before: 37925 after: 28564 low lbd: 490 lbd cutoff: 2 target computed: 20000 cannot be del : 74 used: 20154 rdb: 1720
c o [rdb] cls before: 38707 after: 28250 low lbd: 490 lbd cutoff: 2 target computed: 20000 cannot be del : 100 used: 20117 rdb: 1723
c o [mem] consolidate  old-sz: 8618K new-sz: 2405K new bits offs: 19 T: 0.00
c o [rdb] cls before: 38447 after: 28337 low lbd: 490 lbd cutoff: 2 target computed: 20000 cannot be del : 70 used: 19104 rdb: 1726
c o [mem] consolidate  old-sz: 8886K new-sz: 2586K new bits offs: 19 T: 0.00
c o [rdb] cls before: 38131 after: 28488 low lbd: 490 lbd cutoff: 2 target computed: 20000 cannot be del : 85 used: 20369 rdb: 1729
c o [mem] consolidate  old-sz: 7362K new-sz: 2517K new bits offs: 19 T: 0.00
c o [rdb] cls before: 38161 after: 28042 low lbd: 491 lbd cutoff: 2 target computed: 20000 cannot be del : 108 used: 18773 rdb: 1732
c o [mem] consolidate  old-sz: 7523K new-sz: 2487K new bits offs: 19 T: 0.00
c o [rdb] cls before: 38267 after: 27342 low lbd: 492 lbd cutoff: 2 target computed: 20000 cannot be del : 122 used: 19186 rdb: 1735
c o [mem] consolidate  old-sz: 7300K new-sz: 2462K new bits offs: 19 T: 0.00
c o [rdb] cls before: 38495 after: 27511 low lbd: 493 lbd cutoff: 2 target computed: 20000 cannot be del : 55 used: 18449 rdb: 1738
c o [mem] consolidate  old-sz: 8932K new-sz: 2561K new bits offs: 19 T: 0.00
c o [rdb] cls before: 38609 after: 27915 low lbd: 493 lbd cutoff: 2 target computed: 20000 cannot be del : 82 used: 20244 rdb: 1741
c o [mem] consolidate  old-sz: 7314K new-sz: 2536K new bits offs: 19 T: 0.00
c o [rdb] cls before: 38382 after: 28324 low lbd: 494 lbd cutoff: 2 target computed: 20000 cannot be del : 69 used: 20385 rdb: 1744
c o [mem] consolidate  old-sz: 7367K new-sz: 2534K new bits offs: 19 T: 0.00
c o [rdb] cls before: 38353 after: 28546 low lbd: 494 lbd cutoff: 2 target computed: 20000 cannot be del : 51 used: 19711 rdb: 1747
c o [mem] consolidate  old-sz: 7521K new-sz: 2510K new bits offs: 19 T: 0.00
c o [rdb] cls before: 37994 after: 28377 low lbd: 494 lbd cutoff: 2 target computed: 20000 cannot be del : 59 used: 19103 rdb: 1750
c o [rdb] cls before: 39025 after: 28370 low lbd: 495 lbd cutoff: 2 target computed: 20000 cannot be del : 78 used: 20854 rdb: 1753
c o [mem] consolidate  old-sz: 8962K new-sz: 2464K new bits offs: 19 T: 0.00
c o [rdb] cls before: 37658 after: 28189 low lbd: 495 lbd cutoff: 2 target computed: 20000 cannot be del : 98 used: 19929 rdb: 1756
c o [mem] consolidate  old-sz: 7354K new-sz: 2501K new bits offs: 19 T: 0.00
c o [rdb] cls before: 37988 after: 27204 low lbd: 495 lbd cutoff: 2 target computed: 20000 cannot be del : 95 used: 18036 rdb: 1759
c o [mem] consolidate  old-sz: 6839K new-sz: 2250K new bits offs: 19 T: 0.00
c o [rdb] cls before: 37433 after: 28005 low lbd: 495 lbd cutoff: 2 target computed: 20000 cannot be del : 51 used: 18928 rdb: 1762
c o [mem] consolidate  old-sz: 8176K new-sz: 2352K new bits offs: 19 T: 0.00
c o [rdb] cls before: 38305 after: 28128 low lbd: 495 lbd cutoff: 2 target computed: 20000 cannot be del : 47 used: 18934 rdb: 1765
c o [mem] consolidate  old-sz: 6770K new-sz: 2301K new bits offs: 19 T: 0.00
c o [rdb] cls before: 37578 after: 27959 low lbd: 495 lbd cutoff: 2 target computed: 20000 cannot be del : 93 used: 20126 rdb: 1768
c o [mem] consolidate  old-sz: 8171K new-sz: 2344K new bits offs: 19 T: 0.00
c o [rdb] cls before: 37816 after: 28222 low lbd: 496 lbd cutoff: 2 target computed: 20000 cannot be del : 57 used: 20411 rdb: 1771
c o [mem] consolidate  old-sz: 6842K new-sz: 2364K new bits offs: 19 T: 0.00
c o [rdb] cls before: 37748 after: 28158 low lbd: 496 lbd cutoff: 2 target computed: 20000 cannot be del : 86 used: 19375 rdb: 1774
c o [rdb] cls before: 38515 after: 28405 low lbd: 496 lbd cutoff: 2 target computed: 20000 cannot be del : 76 used: 19993 rdb: 1777
c o [mem] consolidate  old-sz: 8462K new-sz: 2426K new bits offs: 19 T: 0.00
c o [rdb] cls before: 38506 after: 28567 low lbd: 496 lbd cutoff: 2 target computed: 20000 cannot be del : 32 used: 19644 rdb: 1780
c o [mem] consolidate  old-sz: 8573K new-sz: 2394K new bits offs: 19 T: 0.00
c o [rdb] cls before: 39138 after: 29046 low lbd: 496 lbd cutoff: 2 target computed: 20000 cannot be del : 64 used: 20802 rdb: 1783
c o [mem] consolidate  old-sz: 8616K new-sz: 2562K new bits offs: 19 T: 0.00
c o [rdb] cls before: 38939 after: 28341 low lbd: 497 lbd cutoff: 2 target computed: 20000 cannot be del : 61 used: 20343 rdb: 1786
c o [mem] consolidate  old-sz: 7110K new-sz: 2385K new bits offs: 19 T: 0.00
c o [rdb] cls before: 38184 after: 28169 low lbd: 498 lbd cutoff: 2 target computed: 20000 cannot be del : 97 used: 18836 rdb: 1789
c o [rdb] cls before: 38773 after: 27806 low lbd: 498 lbd cutoff: 2 target computed: 20000 cannot be del : 68 used: 18683 rdb: 1792
c o [mem] consolidate  old-sz: 8343K new-sz: 2318K new bits offs: 19 T: 0.00
c o [rdb] cls before: 38488 after: 27953 low lbd: 499 lbd cutoff: 2 target computed: 20000 cannot be del : 99 used: 18457 rdb: 1795
c o [mem] consolidate  old-sz: 8469K new-sz: 2359K new bits offs: 19 T: 0.00
c o [rdb] cls before: 37908 after: 27918 low lbd: 499 lbd cutoff: 2 target computed: 20000 cannot be del : 42 used: 20266 rdb: 1798
c o [mem] consolidate  old-sz: 8449K new-sz: 2425K new bits offs: 19 T: 0.00
c o [rdb] cls before: 38011 after: 28417 low lbd: 500 lbd cutoff: 2 target computed: 20000 cannot be del : 42 used: 20368 rdb: 1801
c o [rdb] cls before: 38443 after: 28241 low lbd: 500 lbd cutoff: 2 target computed: 20000 cannot be del : 84 used: 19868 rdb: 1804
c o [mem] consolidate  old-sz: 8608K new-sz: 2459K new bits offs: 19 T: 0.00
c o [rdb] cls before: 38695 after: 27943 low lbd: 500 lbd cutoff: 2 target computed: 20000 cannot be del : 90 used: 19598 rdb: 1807
c o [mem] consolidate  old-sz: 7235K new-sz: 2382K new bits offs: 19 T: 0.00
c o [rdb] cls before: 38703 after: 28107 low lbd: 501 lbd cutoff: 2 target computed: 20000 cannot be del : 63 used: 18688 rdb: 1810
c o [mem] consolidate  old-sz: 8701K new-sz: 2528K new bits offs: 19 T: 0.00
c o [rdb] cls before: 38110 after: 27725 low lbd: 501 lbd cutoff: 2 target computed: 20000 cannot be del : 75 used: 19723 rdb: 1813
c o [mem] consolidate  old-sz: 7292K new-sz: 2471K new bits offs: 19 T: 0.00
c o [rdb] cls before: 38192 after: 27926 low lbd: 501 lbd cutoff: 2 target computed: 20000 cannot be del : 75 used: 19442 rdb: 1816
c o [mem] consolidate  old-sz: 8725K new-sz: 2299K new bits offs: 19 T: 0.00
c o [rdb] cls before: 37322 after: 28532 low lbd: 503 lbd cutoff: 2 target computed: 20000 cannot be del : 58 used: 19675 rdb: 1819
c o [rdb] cls before: 38043 after: 27328 low lbd: 504 lbd cutoff: 2 target computed: 20000 cannot be del : 48 used: 18784 rdb: 1822
c o [mem] consolidate  old-sz: 8296K new-sz: 2281K new bits offs: 19 T: 0.00
c o [rdb] cls before: 37914 after: 27840 low lbd: 505 lbd cutoff: 2 target computed: 20000 cannot be del : 76 used: 18735 rdb: 1825
c o [mem] consolidate  old-sz: 8474K new-sz: 2511K new bits offs: 19 T: 0.00
c o [rdb] cls before: 37324 after: 27793 low lbd: 506 lbd cutoff: 2 target computed: 20000 cannot be del : 61 used: 18574 rdb: 1828
c o [mem] consolidate  old-sz: 7046K new-sz: 2286K new bits offs: 19 T: 0.00
c o [rdb] cls before: 38073 after: 27977 low lbd: 508 lbd cutoff: 2 target computed: 20000 cannot be del : 57 used: 20022 rdb: 1831
c o [mem] consolidate  old-sz: 8382K new-sz: 2406K new bits offs: 19 T: 0.00
c o [rdb] cls before: 37991 after: 27807 low lbd: 509 lbd cutoff: 2 target computed: 20000 cannot be del : 91 used: 19106 rdb: 1834
c o [rdb] cls before: 38235 after: 28031 low lbd: 510 lbd cutoff: 2 target computed: 20000 cannot be del : 66 used: 19729 rdb: 1837
c o [mem] consolidate  old-sz: 8739K new-sz: 2443K new bits offs: 19 T: 0.00
c o [rdb] cls before: 37449 after: 27484 low lbd: 510 lbd cutoff: 2 target computed: 20000 cannot be del : 44 used: 17788 rdb: 1840
c o [mem] consolidate  old-sz: 7098K new-sz: 2393K new bits offs: 19 T: 0.00
c o [rdb] cls before: 37716 after: 27894 low lbd: 510 lbd cutoff: 2 target computed: 20000 cannot be del : 53 used: 19617 rdb: 1843
c o [mem] consolidate  old-sz: 8550K new-sz: 2337K new bits offs: 19 T: 0.00
c o [rdb] cls before: 38130 after: 27216 low lbd: 510 lbd cutoff: 2 target computed: 20000 cannot be del : 46 used: 18430 rdb: 1846
c o [mem] consolidate  old-sz: 8531K new-sz: 2430K new bits offs: 19 T: 0.00
c o [rdb] cls before: 37971 after: 27512 low lbd: 510 lbd cutoff: 2 target computed: 20000 cannot be del : 88 used: 18169 rdb: 1849
c o [rdb] cls before: 38528 after: 28412 low lbd: 510 lbd cutoff: 2 target computed: 20000 cannot be del : 122 used: 19789 rdb: 1852
c o [mem] consolidate  old-sz: 8785K new-sz: 2513K new bits offs: 19 T: 0.00
c o [rdb] cls before: 38055 after: 27402 low lbd: 510 lbd cutoff: 2 target computed: 20000 cannot be del : 131 used: 19377 rdb: 1855
c o [mem] consolidate  old-sz: 7073K new-sz: 2325K new bits offs: 19 T: 0.00
c o [rdb] cls before: 37592 after: 27624 low lbd: 510 lbd cutoff: 2 target computed: 20000 cannot be del : 30 used: 18755 rdb: 1858
c o [mem] consolidate  old-sz: 8369K new-sz: 2408K new bits offs: 19 T: 0.00
c o [rdb] cls before: 37563 after: 27897 low lbd: 511 lbd cutoff: 2 target computed: 20000 cannot be del : 76 used: 19229 rdb: 1861
c o [mem] consolidate  old-sz: 8382K new-sz: 2361K new bits offs: 19 T: 0.00
c o [rdb] cls before: 37945 after: 27371 low lbd: 511 lbd cutoff: 2 target computed: 20000 cannot be del : 115 used: 18312 rdb: 1864
c o [rdb] cls before: 38215 after: 28046 low lbd: 511 lbd cutoff: 2 target computed: 20000 cannot be del : 117 used: 19512 rdb: 1867
c o [mem] consolidate  old-sz: 8570K new-sz: 2454K new bits offs: 19 T: 0.00
c o [rdb] cls before: 38499 after: 28717 low lbd: 511 lbd cutoff: 2 target computed: 20000 cannot be del : 100 used: 20241 rdb: 1870
c o [mem] consolidate  old-sz: 8747K new-sz: 2358K new bits offs: 19 T: 0.00
c o [rdb] cls before: 38674 after: 28280 low lbd: 512 lbd cutoff: 2 target computed: 20000 cannot be del : 85 used: 20132 rdb: 1873
c o [mem] consolidate  old-sz: 8599K new-sz: 2451K new bits offs: 19 T: 0.00
c o [rdb] cls before: 38587 after: 27831 low lbd: 513 lbd cutoff: 2 target computed: 20000 cannot be del : 104 used: 18959 rdb: 1876
c o [mem] consolidate  old-sz: 7150K new-sz: 2490K new bits offs: 19 T: 0.00
c o [rdb] cls before: 38361 after: 28398 low lbd: 514 lbd cutoff: 2 target computed: 20000 cannot be del : 63 used: 19143 rdb: 1879
c o [mem] consolidate  old-sz: 7263K new-sz: 2467K new bits offs: 19 T: 0.00
c o [rdb] cls before: 38262 after: 28642 low lbd: 514 lbd cutoff: 2 target computed: 20000 cannot be del : 84 used: 19868 rdb: 1882
c o [mem] consolidate  old-sz: 6925K new-sz: 2337K new bits offs: 19 T: 0.00
c o [rdb] cls before: 37981 after: 27981 low lbd: 515 lbd cutoff: 2 target computed: 20000 cannot be del : 68 used: 18266 rdb: 1885
c o [rdb] cls before: 38227 after: 28582 low lbd: 516 lbd cutoff: 2 target computed: 20000 cannot be del : 57 used: 20364 rdb: 1888
c o [mem] consolidate  old-sz: 8143K new-sz: 2367K new bits offs: 19 T: 0.00
c o [rdb] cls before: 38454 after: 28394 low lbd: 516 lbd cutoff: 2 target computed: 20000 cannot be del : 108 used: 18898 rdb: 1891
c o [mem] consolidate  old-sz: 6801K new-sz: 2389K new bits offs: 19 T: 0.00
c o [rdb] cls before: 38289 after: 28279 low lbd: 516 lbd cutoff: 2 target computed: 20000 cannot be del : 61 used: 19169 rdb: 1894
c o [mem] consolidate  old-sz: 6877K new-sz: 2356K new bits offs: 19 T: 0.00
c o [rdb] cls before: 38581 after: 28318 low lbd: 517 lbd cutoff: 2 target computed: 20000 cannot be del : 42 used: 19217 rdb: 1897
c o [mem] consolidate  old-sz: 8479K new-sz: 2423K new bits offs: 19 T: 0.00
c o [rdb] cls before: 37831 after: 28294 low lbd: 517 lbd cutoff: 2 target computed: 20000 cannot be del : 30 used: 18999 rdb: 1900
c o [mem] consolidate  old-sz: 6883K new-sz: 2399K new bits offs: 19 T: 0.00
c o [rdb] cls before: 38595 after: 28094 low lbd: 517 lbd cutoff: 2 target computed: 20000 cannot be del : 48 used: 19234 rdb: 1903
c o [mem] consolidate  old-sz: 8545K new-sz: 2508K new bits offs: 19 T: 0.00
c o [rdb] cls before: 38498 after: 27858 low lbd: 518 lbd cutoff: 2 target computed: 20000 cannot be del : 93 used: 18846 rdb: 1906
c o [rdb] cls before: 38502 after: 27507 low lbd: 518 lbd cutoff: 2 target computed: 20000 cannot be del : 52 used: 18026 rdb: 1909
c o [mem] consolidate  old-sz: 8647K new-sz: 2293K new bits offs: 19 T: 0.00
c o [rdb] cls before: 37878 after: 28040 low lbd: 518 lbd cutoff: 2 target computed: 20000 cannot be del : 62 used: 19659 rdb: 1912
c o [mem] consolidate  old-sz: 8396K new-sz: 2431K new bits offs: 19 T: 0.00
c o [rdb] cls before: 37939 after: 27854 low lbd: 520 lbd cutoff: 2 target computed: 20000 cannot be del : 80 used: 18799 rdb: 1915
c o [mem] consolidate  old-sz: 8720K new-sz: 2374K new bits offs: 19 T: 0.00
c o [rdb] cls before: 37414 after: 27793 low lbd: 520 lbd cutoff: 2 target computed: 20000 cannot be del : 90 used: 18441 rdb: 1918
c o [rdb] cls before: 38014 after: 27991 low lbd: 520 lbd cutoff: 2 target computed: 20000 cannot be del : 72 used: 18774 rdb: 1921
c o [mem] consolidate  old-sz: 8659K new-sz: 2431K new bits offs: 19 T: 0.00
c o [rdb] cls before: 37764 after: 27802 low lbd: 521 lbd cutoff: 2 target computed: 20000 cannot be del : 99 used: 18702 rdb: 1924
c o [mem] consolidate  old-sz: 6923K new-sz: 2315K new bits offs: 19 T: 0.00
c o [rdb] cls before: 37919 after: 28101 low lbd: 522 lbd cutoff: 2 target computed: 20000 cannot be del : 72 used: 19006 rdb: 1927
c o [mem] consolidate  old-sz: 8661K new-sz: 2420K new bits offs: 19 T: 0.00
c o [rdb] cls before: 37427 after: 26787 low lbd: 523 lbd cutoff: 2 target computed: 20000 cannot be del : 67 used: 18040 rdb: 1930
c o [mem] consolidate  old-sz: 7210K new-sz: 2381K new bits offs: 19 T: 0.00
c o [rdb] cls before: 36376 after: 26827 low lbd: 524 lbd cutoff: 2 target computed: 20000 cannot be del : 53 used: 18778 rdb: 1933
c o [mem] consolidate  old-sz: 6965K new-sz: 2338K new bits offs: 19 T: 0.00
c o [rdb] cls before: 37169 after: 27146 low lbd: 524 lbd cutoff: 2 target computed: 20000 cannot be del : 51 used: 20288 rdb: 1936
c o [mem] consolidate  old-sz: 6823K new-sz: 2264K new bits offs: 19 T: 0.00
c o [rdb] cls before: 37326 after: 27186 low lbd: 525 lbd cutoff: 2 target computed: 20000 cannot be del : 28 used: 19037 rdb: 1939
c o [mem] consolidate  old-sz: 8297K new-sz: 2359K new bits offs: 19 T: 0.00
c o [rdb] cls before: 37455 after: 27147 low lbd: 526 lbd cutoff: 2 target computed: 20000 cannot be del : 66 used: 18583 rdb: 1942
c o [mem] consolidate  old-sz: 6885K new-sz: 2369K new bits offs: 19 T: 0.00
c o [rdb] cls before: 37098 after: 27722 low lbd: 526 lbd cutoff: 2 target computed: 20000 cannot be del : 76 used: 19220 rdb: 1945
c o [rdb] cls before: 37269 after: 27832 low lbd: 527 lbd cutoff: 2 target computed: 20000 cannot be del : 87 used: 19806 rdb: 1948
c o [mem] consolidate  old-sz: 8522K new-sz: 2415K new bits offs: 19 T: 0.00
c o [rdb] cls before: 37354 after: 27315 low lbd: 527 lbd cutoff: 2 target computed: 20000 cannot be del : 109 used: 17900 rdb: 1951
c o [mem] consolidate  old-sz: 7028K new-sz: 2419K new bits offs: 19 T: 0.00
c o [rdb] cls before: 37295 after: 27187 low lbd: 527 lbd cutoff: 2 target computed: 20000 cannot be del : 47 used: 17508 rdb: 1954
c o [mem] consolidate  old-sz: 7093K new-sz: 2351K new bits offs: 19 T: 0.00
c o [rdb] cls before: 36600 after: 26960 low lbd: 527 lbd cutoff: 2 target computed: 20000 cannot be del : 83 used: 19322 rdb: 1957
c o [mem] consolidate  old-sz: 6993K new-sz: 2386K new bits offs: 19 T: 0.00
c o [rdb] cls before: 36958 after: 26745 low lbd: 528 lbd cutoff: 2 target computed: 20000 cannot be del : 35 used: 18650 rdb: 1960
c o [mem] consolidate  old-sz: 7123K new-sz: 2348K new bits offs: 19 T: 0.00
c o [rdb] cls before: 37087 after: 26969 low lbd: 528 lbd cutoff: 2 target computed: 20000 cannot be del : 88 used: 19325 rdb: 1963
c o [mem] consolidate  old-sz: 8680K new-sz: 2376K new bits offs: 19 T: 0.00
c o [rdb] cls before: 37197 after: 27069 low lbd: 530 lbd cutoff: 2 target computed: 20000 cannot be del : 42 used: 18764 rdb: 1966
c o [mem] consolidate  old-sz: 8591K new-sz: 2451K new bits offs: 19 T: 0.00
c o [rdb] cls before: 37430 after: 27548 low lbd: 530 lbd cutoff: 2 target computed: 20000 cannot be del : 51 used: 19267 rdb: 1969
c o [mem] consolidate  old-sz: 7285K new-sz: 2460K new bits offs: 19 T: 0.00
c o [rdb] cls before: 37409 after: 26964 low lbd: 530 lbd cutoff: 2 target computed: 20000 cannot be del : 49 used: 18553 rdb: 1972
c o [mem] consolidate  old-sz: 7003K new-sz: 2384K new bits offs: 19 T: 0.00
c o [rdb] cls before: 37290 after: 27122 low lbd: 531 lbd cutoff: 2 target computed: 20000 cannot be del : 60 used: 19389 rdb: 1975
c o [mem] consolidate  old-sz: 6946K new-sz: 2375K new bits offs: 19 T: 0.00
c o [rdb] cls before: 37222 after: 27169 low lbd: 531 lbd cutoff: 2 target computed: 20000 cannot be del : 93 used: 18154 rdb: 1978
c o [rdb] cls before: 37874 after: 27741 low lbd: 531 lbd cutoff: 2 target computed: 20000 cannot be del : 69 used: 19391 rdb: 1981
c o [mem] consolidate  old-sz: 8619K new-sz: 2433K new bits offs: 19 T: 0.00
c o [rdb] cls before: 37900 after: 27829 low lbd: 532 lbd cutoff: 2 target computed: 20000 cannot be del : 44 used: 18597 rdb: 1984
c o [mem] consolidate  old-sz: 8766K new-sz: 2427K new bits offs: 19 T: 0.00
c o [rdb] cls before: 37701 after: 27461 low lbd: 533 lbd cutoff: 2 target computed: 20000 cannot be del : 34 used: 19230 rdb: 1987
c o [mem] consolidate  old-sz: 6965K new-sz: 2337K new bits offs: 19 T: 0.00
c o [rdb] cls before: 37901 after: 28190 low lbd: 533 lbd cutoff: 2 target computed: 20000 cannot be del : 84 used: 19448 rdb: 1990
c o [mem] consolidate  old-sz: 6773K new-sz: 2257K new bits offs: 19 T: 0.00
c o [rdb] cls before: 38205 after: 28136 low lbd: 535 lbd cutoff: 2 target computed: 20000 cannot be del : 109 used: 18838 rdb: 1993
c o [mem] consolidate  old-sz: 8153K new-sz: 2260K new bits offs: 19 T: 0.00
c o [rdb] cls before: 37822 after: 27868 low lbd: 535 lbd cutoff: 2 target computed: 20000 cannot be del : 79 used: 18405 rdb: 1996
c o [mem] consolidate  old-sz: 6737K new-sz: 2330K new bits offs: 19 T: 0.00
c o [rdb] cls before: 37549 after: 28147 low lbd: 536 lbd cutoff: 2 target computed: 20000 cannot be del : 79 used: 18807 rdb: 1999
c o [rdb] cls before: 37620 after: 27743 low lbd: 536 lbd cutoff: 2 target computed: 20000 cannot be del : 75 used: 18145 rdb: 2002
c o [mem] consolidate  old-sz: 8338K new-sz: 2352K new bits offs: 19 T: 0.00
c o [rdb] cls before: 37893 after: 27652 low lbd: 538 lbd cutoff: 2 target computed: 20000 cannot be del : 72 used: 18436 rdb: 2005
c o [mem] consolidate  old-sz: 6986K new-sz: 2457K new bits offs: 19 T: 0.00
c o [rdb] cls before: 37030 after: 27134 low lbd: 540 lbd cutoff: 2 target computed: 20000 cannot be del : 76 used: 18419 rdb: 2008
c o [mem] consolidate  old-sz: 7006K new-sz: 2311K new bits offs: 19 T: 0.00
c o [rdb] cls before: 37251 after: 27353 low lbd: 540 lbd cutoff: 2 target computed: 20000 cannot be del : 107 used: 17965 rdb: 2011
c o [mem] consolidate  old-sz: 8437K new-sz: 2402K new bits offs: 19 T: 0.00
c o [rdb] cls before: 37710 after: 27473 low lbd: 540 lbd cutoff: 2 target computed: 20000 cannot be del : 58 used: 19609 rdb: 2014
c o [mem] consolidate  old-sz: 8378K new-sz: 2363K new bits offs: 19 T: 0.00
c o [rdb] cls before: 37708 after: 27742 low lbd: 540 lbd cutoff: 2 target computed: 20000 cannot be del : 73 used: 18513 rdb: 2017
c o [rdb] cls before: 37866 after: 27535 low lbd: 541 lbd cutoff: 2 target computed: 20000 cannot be del : 57 used: 19256 rdb: 2020
c o [mem] consolidate  old-sz: 8432K new-sz: 2319K new bits offs: 19 T: 0.00
c o [rdb] cls before: 38118 after: 28128 low lbd: 541 lbd cutoff: 2 target computed: 20000 cannot be del : 67 used: 20176 rdb: 2023
c o [mem] consolidate  old-sz: 8344K new-sz: 2364K new bits offs: 19 T: 0.00
c o [rdb] cls before: 37799 after: 27781 low lbd: 542 lbd cutoff: 2 target computed: 20000 cannot be del : 86 used: 18637 rdb: 2026
c o [mem] consolidate  old-sz: 8368K new-sz: 2229K new bits offs: 19 T: 0.00
c o [rdb] cls before: 37108 after: 27441 low lbd: 542 lbd cutoff: 2 target computed: 20000 cannot be del : 69 used: 18379 rdb: 2029
c o [rdb] cls before: 37494 after: 27908 low lbd: 542 lbd cutoff: 2 target computed: 20000 cannot be del : 53 used: 18889 rdb: 2032
c o [mem] consolidate  old-sz: 8149K new-sz: 2340K new bits offs: 19 T: 0.00
c o [rdb] cls before: 37623 after: 27618 low lbd: 542 lbd cutoff: 2 target computed: 20000 cannot be del : 100 used: 18476 rdb: 2035
c o [mem] consolidate  old-sz: 6929K new-sz: 2382K new bits offs: 19 T: 0.00
c o [rdb] cls before: 37879 after: 28313 low lbd: 542 lbd cutoff: 2 target computed: 20000 cannot be del : 41 used: 20282 rdb: 2038
c o [mem] consolidate  old-sz: 8507K new-sz: 2356K new bits offs: 19 T: 0.00
c o [rdb] cls before: 37786 after: 27835 low lbd: 542 lbd cutoff: 2 target computed: 20000 cannot be del : 87 used: 18818 rdb: 2041
c o [mem] consolidate  old-sz: 8674K new-sz: 2400K new bits offs: 19 T: 0.00
c o [rdb] cls before: 37741 after: 27437 low lbd: 542 lbd cutoff: 2 target computed: 20000 cannot be del : 99 used: 17782 rdb: 2044
c o [mem] consolidate  old-sz: 7078K new-sz: 2342K new bits offs: 19 T: 0.00
c o [rdb] cls before: 37536 after: 28037 low lbd: 543 lbd cutoff: 2 target computed: 20000 cannot be del : 110 used: 19061 rdb: 2047
c o [mem] consolidate  old-sz: 7024K new-sz: 2289K new bits offs: 19 T: 0.00
c o [rdb] cls before: 37522 after: 28031 low lbd: 543 lbd cutoff: 2 target computed: 20000 cannot be del : 109 used: 18460 rdb: 2050
c o [rdb] cls before: 37829 after: 27831 low lbd: 543 lbd cutoff: 2 target computed: 20000 cannot be del : 82 used: 18321 rdb: 2053
c o [mem] consolidate  old-sz: 8558K new-sz: 2458K new bits offs: 19 T: 0.00
c o [rdb] cls before: 37770 after: 27977 low lbd: 543 lbd cutoff: 2 target computed: 20000 cannot be del : 104 used: 19259 rdb: 2056
c o [mem] consolidate  old-sz: 8718K new-sz: 2444K new bits offs: 19 T: 0.00
c o [rdb] cls before: 37870 after: 27703 low lbd: 544 lbd cutoff: 2 target computed: 20000 cannot be del : 62 used: 19076 rdb: 2059
c o [mem] consolidate  old-sz: 8506K new-sz: 2429K new bits offs: 19 T: 0.00
c o [rdb] cls before: 38354 after: 28466 low lbd: 544 lbd cutoff: 2 target computed: 20000 cannot be del : 94 used: 20081 rdb: 2062
c o [mem] consolidate  old-sz: 7041K new-sz: 2393K new bits offs: 19 T: 0.00
c o [rdb] cls before: 37730 after: 28479 low lbd: 544 lbd cutoff: 2 target computed: 20000 cannot be del : 80 used: 19668 rdb: 2065
c o [mem] consolidate  old-sz: 6958K new-sz: 2228K new bits offs: 19 T: 0.00
c o [rdb] cls before: 37384 after: 27948 low lbd: 544 lbd cutoff: 2 target computed: 20000 cannot be del : 50 used: 19211 rdb: 2068
c o [rdb] cls before: 38241 after: 28027 low lbd: 544 lbd cutoff: 2 target computed: 20000 cannot be del : 94 used: 18379 rdb: 2071
c o [mem] consolidate  old-sz: 8112K new-sz: 2368K new bits offs: 19 T: 0.00
c o [rdb] cls before: 38625 after: 28536 low lbd: 544 lbd cutoff: 2 target computed: 20000 cannot be del : 25 used: 19690 rdb: 2074
c o [mem] consolidate  old-sz: 8362K new-sz: 2436K new bits offs: 19 T: 0.00
c o [rdb] cls before: 38681 after: 29020 low lbd: 545 lbd cutoff: 2 target computed: 20000 cannot be del : 61 used: 20471 rdb: 2077
c o [mem] consolidate  old-sz: 6895K new-sz: 2353K new bits offs: 19 T: 0.00
c o [rdb] cls before: 38528 after: 28541 low lbd: 545 lbd cutoff: 2 target computed: 20000 cannot be del : 114 used: 19330 rdb: 2080
c o [mem] consolidate  old-sz: 8496K new-sz: 2465K new bits offs: 19 T: 0.00
c o [rdb] cls before: 38936 after: 28896 low lbd: 545 lbd cutoff: 2 target computed: 20000 cannot be del : 58 used: 19610 rdb: 2083
c o [mem] consolidate  old-sz: 7104K new-sz: 2470K new bits offs: 19 T: 0.00
c o [rdb] cls before: 38734 after: 28724 low lbd: 545 lbd cutoff: 2 target computed: 20000 cannot be del : 47 used: 19506 rdb: 2086
c o [mem] consolidate  old-sz: 7162K new-sz: 2363K new bits offs: 19 T: 0.00
c o [rdb] cls before: 38409 after: 28521 low lbd: 545 lbd cutoff: 2 target computed: 20000 cannot be del : 42 used: 19532 rdb: 2089
c o [mem] consolidate  old-sz: 6907K new-sz: 2389K new bits offs: 19 T: 0.00
c o [rdb] cls before: 38305 after: 28498 low lbd: 547 lbd cutoff: 2 target computed: 20000 cannot be del : 41 used: 19475 rdb: 2092
c o [rdb] cls before: 38578 after: 28076 low lbd: 548 lbd cutoff: 2 target computed: 20000 cannot be del : 36 used: 18665 rdb: 2095
c o [mem] consolidate  old-sz: 8240K new-sz: 2271K new bits offs: 19 T: 0.00
c o [rdb] cls before: 38484 after: 28198 low lbd: 549 lbd cutoff: 2 target computed: 20000 cannot be del : 49 used: 19107 rdb: 2098
c o [mem] consolidate  old-sz: 8187K new-sz: 2427K new bits offs: 19 T: 0.00
c o [rdb] cls before: 38160 after: 28745 low lbd: 549 lbd cutoff: 2 target computed: 20000 cannot be del : 85 used: 19614 rdb: 2101
c o [mem] consolidate  old-sz: 8365K new-sz: 2367K new bits offs: 19 T: 0.00
c o [rdb] cls before: 38342 after: 28122 low lbd: 549 lbd cutoff: 2 target computed: 20000 cannot be del : 61 used: 18337 rdb: 2104
c o [rdb] cls before: 38460 after: 28577 low lbd: 551 lbd cutoff: 2 target computed: 20000 cannot be del : 77 used: 19969 rdb: 2107
c o [mem] consolidate  old-sz: 8416K new-sz: 2416K new bits offs: 19 T: 0.00
c o [rdb] cls before: 38947 after: 28725 low lbd: 552 lbd cutoff: 2 target computed: 20000 cannot be del : 86 used: 19429 rdb: 2110
c o [mem] consolidate  old-sz: 8772K new-sz: 2500K new bits offs: 19 T: 0.00
c o [rdb] cls before: 39053 after: 27984 low lbd: 553 lbd cutoff: 2 target computed: 20000 cannot be del : 58 used: 18796 rdb: 2113
c o [mem] consolidate  old-sz: 7094K new-sz: 2388K new bits offs: 19 T: 0.00
c o [rdb] cls before: 38801 after: 28262 low lbd: 554 lbd cutoff: 2 target computed: 20000 cannot be del : 72 used: 20088 rdb: 2116
c o [mem] consolidate  old-sz: 7040K new-sz: 2394K new bits offs: 19 T: 0.00
c o [rdb] cls before: 38475 after: 27971 low lbd: 557 lbd cutoff: 2 target computed: 20000 cannot be del : 80 used: 18696 rdb: 2119
c o [mem] consolidate  old-sz: 7149K new-sz: 2392K new bits offs: 19 T: 0.00
c o [rdb] cls before: 37789 after: 27253 low lbd: 559 lbd cutoff: 2 target computed: 20000 cannot be del : 104 used: 17921 rdb: 2122
c o [mem] consolidate  old-sz: 8750K new-sz: 2459K new bits offs: 19 T: 0.00
c o [rdb] cls before: 38109 after: 28629 low lbd: 560 lbd cutoff: 2 target computed: 20000 cannot be del : 42 used: 20398 rdb: 2125
c o [mem] consolidate  old-sz: 7210K new-sz: 2358K new bits offs: 19 T: 0.00
c o [rdb] cls before: 37490 after: 27531 low lbd: 560 lbd cutoff: 2 target computed: 20000 cannot be del : 88 used: 18243 rdb: 2128
c o [rdb] cls before: 38272 after: 28478 low lbd: 562 lbd cutoff: 2 target computed: 20000 cannot be del : 103 used: 19341 rdb: 2131
c o [mem] consolidate  old-sz: 8561K new-sz: 2490K new bits offs: 19 T: 0.00
c o [rdb] cls before: 38515 after: 28400 low lbd: 563 lbd cutoff: 2 target computed: 20000 cannot be del : 62 used: 19867 rdb: 2134
c o [mem] consolidate  old-sz: 7112K new-sz: 2416K new bits offs: 19 T: 0.00
c o [rdb] cls before: 38624 after: 28470 low lbd: 563 lbd cutoff: 2 target computed: 20000 cannot be del : 41 used: 20409 rdb: 2137
c o [mem] consolidate  old-sz: 8503K new-sz: 2444K new bits offs: 19 T: 0.00
c o [rdb] cls before: 38417 after: 27892 low lbd: 563 lbd cutoff: 2 target computed: 20000 cannot be del : 84 used: 18941 rdb: 2140
c o [mem] consolidate  old-sz: 7112K new-sz: 2491K new bits offs: 19 T: 0.00
c o [rdb] cls before: 38878 after: 28907 low lbd: 565 lbd cutoff: 2 target computed: 20000 cannot be del : 73 used: 19988 rdb: 2143
c o [mem] consolidate  old-sz: 8956K new-sz: 2604K new bits offs: 19 T: 0.00
c o [rdb] cls before: 38799 after: 28113 low lbd: 565 lbd cutoff: 2 target computed: 20000 cannot be del : 66 used: 18343 rdb: 2146
c o [mem] consolidate  old-sz: 7249K new-sz: 2433K new bits offs: 19 T: 0.00
c o [rdb] cls before: 38522 after: 28335 low lbd: 565 lbd cutoff: 2 target computed: 20000 cannot be del : 84 used: 18671 rdb: 2149
c o [rdb] cls before: 38799 after: 28844 low lbd: 566 lbd cutoff: 2 target computed: 20000 cannot be del : 90 used: 19643 rdb: 2152
c o [mem] consolidate  old-sz: 8691K new-sz: 2533K new bits offs: 19 T: 0.00
c o [rdb] cls before: 38921 after: 28475 low lbd: 567 lbd cutoff: 2 target computed: 20000 cannot be del : 57 used: 19114 rdb: 2155
c o [mem] consolidate  old-sz: 7092K new-sz: 2320K new bits offs: 19 T: 0.00
c o [rdb] cls before: 38465 after: 28957 low lbd: 570 lbd cutoff: 2 target computed: 20000 cannot be del : 67 used: 19483 rdb: 2158
c o [mem] consolidate  old-sz: 8112K new-sz: 2355K new bits offs: 19 T: 0.00
c o [rdb] cls before: 38371 after: 28361 low lbd: 570 lbd cutoff: 2 target computed: 20000 cannot be del : 90 used: 18752 rdb: 2161
c o [mem] consolidate  old-sz: 6798K new-sz: 2345K new bits offs: 19 T: 0.00
c o [rdb] cls before: 38907 after: 28501 low lbd: 570 lbd cutoff: 2 target computed: 20000 cannot be del : 68 used: 19014 rdb: 2164
c o [mem] consolidate  old-sz: 8371K new-sz: 2294K new bits offs: 19 T: 0.00
c o [rdb] cls before: 37957 after: 28612 low lbd: 571 lbd cutoff: 2 target computed: 20000 cannot be del : 74 used: 19273 rdb: 2167
c o [rdb] cls before: 38209 after: 28263 low lbd: 573 lbd cutoff: 2 target computed: 20000 cannot be del : 71 used: 18691 rdb: 2170
c o [mem] consolidate  old-sz: 8250K new-sz: 2343K new bits offs: 19 T: 0.00
c o [rdb] cls before: 37760 after: 28236 low lbd: 574 lbd cutoff: 2 target computed: 20000 cannot be del : 73 used: 18633 rdb: 2173
c o [mem] consolidate  old-sz: 6807K new-sz: 2396K new bits offs: 19 T: 0.00
c o [rdb] cls before: 37794 after: 28059 low lbd: 576 lbd cutoff: 2 target computed: 20000 cannot be del : 98 used: 18597 rdb: 2176
c o [mem] consolidate  old-sz: 6948K new-sz: 2401K new bits offs: 19 T: 0.00
c o [rdb] cls before: 38557 after: 28360 low lbd: 577 lbd cutoff: 2 target computed: 20000 cannot be del : 62 used: 19248 rdb: 2179
c o [mem] consolidate  old-sz: 8546K new-sz: 2440K new bits offs: 19 T: 0.00
c o [rdb] cls before: 38064 after: 27775 low lbd: 577 lbd cutoff: 2 target computed: 20000 cannot be del : 68 used: 19090 rdb: 2182
c o [mem] consolidate  old-sz: 7150K new-sz: 2456K new bits offs: 19 T: 0.00
c o [rdb] cls before: 37952 after: 28084 low lbd: 577 lbd cutoff: 2 target computed: 20000 cannot be del : 28 used: 19394 rdb: 2185
c o [mem] consolidate  old-sz: 8491K new-sz: 2334K new bits offs: 19 T: 0.00
c o [rdb] cls before: 37814 after: 28257 low lbd: 579 lbd cutoff: 2 target computed: 20000 cannot be del : 128 used: 19121 rdb: 2188
c o [rdb] cls before: 38312 after: 28130 low lbd: 580 lbd cutoff: 2 target computed: 20000 cannot be del : 66 used: 18942 rdb: 2191
c o [mem] consolidate  old-sz: 8276K new-sz: 2365K new bits offs: 19 T: 0.00
c o [rdb] cls before: 37813 after: 27754 low lbd: 581 lbd cutoff: 2 target computed: 20000 cannot be del : 89 used: 18046 rdb: 2194
c o [mem] consolidate  old-sz: 6837K new-sz: 2337K new bits offs: 19 T: 0.00
c o [rdb] cls before: 37561 after: 27591 low lbd: 582 lbd cutoff: 2 target computed: 20000 cannot be del : 57 used: 18358 rdb: 2197
c o [mem] consolidate  old-sz: 6823K new-sz: 2355K new bits offs: 19 T: 0.00
c o [rdb] cls before: 38250 after: 28650 low lbd: 585 lbd cutoff: 2 target computed: 20000 cannot be del : 123 used: 20313 rdb: 2200
c o [mem] consolidate  old-sz: 8623K new-sz: 2353K new bits offs: 19 T: 0.00
c o [rdb] cls before: 38155 after: 28576 low lbd: 585 lbd cutoff: 2 target computed: 20000 cannot be del : 47 used: 19710 rdb: 2203
c o [mem] consolidate  old-sz: 8630K new-sz: 2467K new bits offs: 19 T: 0.00
c o [rdb] cls before: 38035 after: 28283 low lbd: 587 lbd cutoff: 2 target computed: 20000 cannot be del : 55 used: 19332 rdb: 2206
c o [mem] consolidate  old-sz: 7069K new-sz: 2319K new bits offs: 19 T: 0.00
c o [rdb] cls before: 37117 after: 27982 low lbd: 589 lbd cutoff: 2 target computed: 20000 cannot be del : 86 used: 19171 rdb: 2209
c o [rdb] cls before: 37489 after: 27682 low lbd: 591 lbd cutoff: 2 target computed: 20000 cannot be del : 84 used: 18203 rdb: 2212
c o [mem] consolidate  old-sz: 8629K new-sz: 2470K new bits offs: 19 T: 0.00
c o [rdb] cls before: 38131 after: 27977 low lbd: 592 lbd cutoff: 2 target computed: 20000 cannot be del : 60 used: 19201 rdb: 2215
c o [mem] consolidate  old-sz: 8814K new-sz: 2347K new bits offs: 19 T: 0.00
c o [rdb] cls before: 37845 after: 27730 low lbd: 593 lbd cutoff: 2 target computed: 20000 cannot be del : 82 used: 18154 rdb: 2218
c o [mem] consolidate  old-sz: 8711K new-sz: 2479K new bits offs: 19 T: 0.00
c o [rdb] cls before: 37907 after: 27753 low lbd: 593 lbd cutoff: 2 target computed: 20000 cannot be del : 113 used: 19181 rdb: 2221
c o [mem] consolidate  old-sz: 7180K new-sz: 2429K new bits offs: 19 T: 0.00
c o [rdb] cls before: 37530 after: 27820 low lbd: 595 lbd cutoff: 2 target computed: 20000 cannot be del : 90 used: 19132 rdb: 2224
c o [mem] consolidate  old-sz: 7148K new-sz: 2224K new bits offs: 19 T: 0.00
c o [rdb] cls before: 36415 after: 27360 low lbd: 595 lbd cutoff: 2 target computed: 20000 cannot be del : 97 used: 19271 rdb: 2227
c o [rdb] cls before: 37797 after: 26690 low lbd: 596 lbd cutoff: 2 target computed: 20000 cannot be del : 73 used: 17545 rdb: 2230
c o [mem] consolidate  old-sz: 8545K new-sz: 2439K new bits offs: 19 T: 0.00
c o [rdb] cls before: 38059 after: 27674 low lbd: 598 lbd cutoff: 2 target computed: 20000 cannot be del : 40 used: 19342 rdb: 2233
c o [mem] consolidate  old-sz: 8875K new-sz: 2393K new bits offs: 19 T: 0.00
c o [rdb] cls before: 37671 after: 26954 low lbd: 601 lbd cutoff: 2 target computed: 20000 cannot be del : 88 used: 18179 rdb: 2236
c o [mem] consolidate  old-sz: 8407K new-sz: 2317K new bits offs: 19 T: 0.00
c o [rdb] cls before: 37471 after: 27716 low lbd: 602 lbd cutoff: 2 target computed: 20000 cannot be del : 73 used: 19284 rdb: 2239
c o [rdb] cls before: 38611 after: 27968 low lbd: 604 lbd cutoff: 2 target computed: 20000 cannot be del : 45 used: 19609 rdb: 2242
c o [mem] consolidate  old-sz: 8370K new-sz: 2363K new bits offs: 19 T: 0.00
c o [rdb] cls before: 37832 after: 28263 low lbd: 605 lbd cutoff: 2 target computed: 20000 cannot be del : 94 used: 19428 rdb: 2245
c o [mem] consolidate  old-sz: 8487K new-sz: 2373K new bits offs: 19 T: 0.00
c o [rdb] cls before: 37960 after: 28005 low lbd: 606 lbd cutoff: 2 target computed: 20000 cannot be del : 96 used: 18720 rdb: 2248
c o [mem] consolidate  old-sz: 8473K new-sz: 2403K new bits offs: 19 T: 0.00
c o [rdb] cls before: 38004 after: 28179 low lbd: 607 lbd cutoff: 2 target computed: 20000 cannot be del : 67 used: 18818 rdb: 2251
c o [rdb] cls before: 38165 after: 28520 low lbd: 608 lbd cutoff: 2 target computed: 20000 cannot be del : 90 used: 19678 rdb: 2254
c o [mem] consolidate  old-sz: 8681K new-sz: 2485K new bits offs: 19 T: 0.00
c o [rdb] cls before: 37409 after: 28100 low lbd: 608 lbd cutoff: 2 target computed: 20000 cannot be del : 104 used: 19363 rdb: 2257
c o [mem] consolidate  old-sz: 7498K new-sz: 2589K new bits offs: 19 T: 0.00
c o [rdb] cls before: 36951 after: 27634 low lbd: 610 lbd cutoff: 2 target computed: 20000 cannot be del : 106 used: 18952 rdb: 2260
c o [mem] consolidate  old-sz: 7411K new-sz: 2476K new bits offs: 19 T: 0.00
c o [rdb] cls before: 37440 after: 27158 low lbd: 611 lbd cutoff: 2 target computed: 20000 cannot be del : 65 used: 19169 rdb: 2263
c o [mem] consolidate  old-sz: 7064K new-sz: 2314K new bits offs: 19 T: 0.00
c o [rdb] cls before: 37537 after: 27381 low lbd: 614 lbd cutoff: 2 target computed: 20000 cannot be del : 88 used: 19981 rdb: 2266
c o [mem] consolidate  old-sz: 8426K new-sz: 2335K new bits offs: 19 T: 0.00
c o [rdb] cls before: 37348 after: 27754 low lbd: 615 lbd cutoff: 2 target computed: 20000 cannot be del : 32 used: 19228 rdb: 2269
c o [mem] consolidate  old-sz: 8426K new-sz: 2290K new bits offs: 19 T: 0.00
c o [rdb] cls before: 37092 after: 27418 low lbd: 617 lbd cutoff: 2 target computed: 20000 cannot be del : 84 used: 18818 rdb: 2272
c o [rdb] cls before: 37952 after: 27882 low lbd: 618 lbd cutoff: 2 target computed: 20000 cannot be del : 74 used: 20109 rdb: 2275
c o [mem] consolidate  old-sz: 8447K new-sz: 2389K new bits offs: 19 T: 0.00
c o [rdb] cls before: 38198 after: 28083 low lbd: 619 lbd cutoff: 2 target computed: 20000 cannot be del : 36 used: 19391 rdb: 2278
c o [mem] consolidate  old-sz: 8541K new-sz: 2404K new bits offs: 19 T: 0.00
c o [rdb] cls before: 37534 after: 28142 low lbd: 619 lbd cutoff: 2 target computed: 20000 cannot be del : 148 used: 19193 rdb: 2281
c o [mem] consolidate  old-sz: 7205K new-sz: 2525K new bits offs: 19 T: 0.00
c o [rdb] cls before: 38462 after: 28048 low lbd: 622 lbd cutoff: 2 target computed: 20000 cannot be del : 64 used: 18626 rdb: 2284
c o [mem] consolidate  old-sz: 7346K new-sz: 2511K new bits offs: 19 T: 0.00
c o [rdb] cls before: 38185 after: 28236 low lbd: 624 lbd cutoff: 2 target computed: 20000 cannot be del : 107 used: 19176 rdb: 2287
c o [mem] consolidate  old-sz: 7550K new-sz: 2508K new bits offs: 19 T: 0.00
c o [rdb] cls before: 37438 after: 27978 low lbd: 624 lbd cutoff: 2 target computed: 20000 cannot be del : 92 used: 18702 rdb: 2290
c o [mem] consolidate  old-sz: 7386K new-sz: 2422K new bits offs: 19 T: 0.00
c o [rdb] cls before: 37450 after: 27981 low lbd: 625 lbd cutoff: 2 target computed: 20000 cannot be del : 48 used: 18679 rdb: 2293
c o [mem] consolidate  old-sz: 8951K new-sz: 2439K new bits offs: 19 T: 0.00
c o [rdb] cls before: 37604 after: 27922 low lbd: 626 lbd cutoff: 2 target computed: 20000 cannot be del : 91 used: 19139 rdb: 2296
c o [mem] consolidate  old-sz: 7466K new-sz: 2495K new bits offs: 19 T: 0.00
c o [rdb] cls before: 37512 after: 28103 low lbd: 627 lbd cutoff: 2 target computed: 20000 cannot be del : 58 used: 19104 rdb: 2299
c o [rdb] cls before: 38533 after: 27358 low lbd: 627 lbd cutoff: 2 target computed: 20000 cannot be del : 74 used: 18817 rdb: 2302
c o [mem] consolidate  old-sz: 9031K new-sz: 2348K new bits offs: 19 T: 0.00
c o [rdb] cls before: 37672 after: 28108 low lbd: 627 lbd cutoff: 2 target computed: 20000 cannot be del : 48 used: 19265 rdb: 2305
c o [mem] consolidate  old-sz: 8850K new-sz: 2506K new bits offs: 19 T: 0.00
c o [rdb] cls before: 37296 after: 27319 low lbd: 627 lbd cutoff: 2 target computed: 20000 cannot be del : 62 used: 18535 rdb: 2308
c o [mem] consolidate  old-sz: 7469K new-sz: 2619K new bits offs: 19 T: 0.00
c o [rdb] cls before: 38017 after: 27890 low lbd: 629 lbd cutoff: 2 target computed: 20000 cannot be del : 59 used: 18857 rdb: 2311
c o [mem] consolidate  old-sz: 7645K new-sz: 2455K new bits offs: 19 T: 0.00
c o [rdb] cls before: 38322 after: 27566 low lbd: 630 lbd cutoff: 2 target computed: 20000 cannot be del : 78 used: 20168 rdb: 2314
c o [mem] consolidate  old-sz: 6975K new-sz: 2261K new bits offs: 19 T: 0.00
c o total time so far: 1481.72
c o decisions K                    23956     -- Kdec/s:     19.04    
c o conflicts                      23155301     -- confl/s:    18403.50 
c o rem lits triedK/rem lits remK  200       245       
c o shrink tried/useful%/lits rem  23155301  84.6821   130899798 
c o avg clsz/rem lits avg/finalavg 49.1650   35.0933   35.0827  
c o rdbs/low lbd/rem               2315  630    23225003
c o looks/look-computes            0/0
c o sat call/sat/unsat/confl/rst  0     0     0     0     0     
c o buddy called /unsat ratio           0     / 0.0000 
c o buddy avg num bin/long cls/vs  0.0000 / 0.0000 / 0.0000
c o buddy max num bin/long cls/vs  0     / 0     / 0    
c o orig cubes/lit-r avg/exten avg 0     / 0.00  / 0.00 
c o cubes orig/symm/final          0     / 0     / 0    
c o cubes resolved/flp-removed     0     / 0    
c o tot restarts                   0    
c o comp sortsK/avg sz             23945 / 1.00048406
c o comps recordK/non-reset ratio  24066 / 0.54
c o vivif: try/cls/clviv/litsravg  708       1548917   10607     0.89      
c o toplev subs runs/bins/long-cls 0         0         0         0         0         
c o toplevel probes/fail/bprop     0         0         0         
c o Mem used                       0.00 GB
c o cache pollutions call/removed  55690946/23952346
c o cache entries K                4
c o MB cache                       4.949
c o cache K (lookup/ stores/ hits/ dels) 24003  23956  46     0       -- Klookup/s:  19.08    
c o cache miss rate                0.998
c o avg hit/store num vars 3.287 / 309.390
c o 
c o [rdb] cls before: 37481 after: 27898 low lbd: 630 lbd cutoff: 2 target computed: 20000 cannot be del : 74 used: 18941 rdb: 2317
c o [mem] consolidate  old-sz: 7980K new-sz: 2225K new bits offs: 19 T: 0.00
c o [rdb] cls before: 37326 after: 27752 low lbd: 632 lbd cutoff: 2 target computed: 20000 cannot be del : 86 used: 19341 rdb: 2320
c o [rdb] cls before: 37956 after: 27863 low lbd: 634 lbd cutoff: 2 target computed: 20000 cannot be del : 59 used: 18850 rdb: 2323
c o [mem] consolidate  old-sz: 8142K new-sz: 2360K new bits offs: 19 T: 0.00
c o [rdb] cls before: 38019 after: 27396 low lbd: 634 lbd cutoff: 2 target computed: 20000 cannot be del : 40 used: 18495 rdb: 2326
c o [mem] consolidate  old-sz: 6833K new-sz: 2252K new bits offs: 19 T: 0.00
c o [rdb] cls before: 37861 after: 28166 low lbd: 634 lbd cutoff: 2 target computed: 20000 cannot be del : 81 used: 19525 rdb: 2329
c o [mem] consolidate  old-sz: 8249K new-sz: 2305K new bits offs: 19 T: 0.00
c o [rdb] cls before: 37408 after: 27547 low lbd: 634 lbd cutoff: 2 target computed: 20000 cannot be del : 75 used: 18488 rdb: 2332
c o [mem] consolidate  old-sz: 8399K new-sz: 2377K new bits offs: 19 T: 0.00
c o [rdb] cls before: 37546 after: 27572 low lbd: 635 lbd cutoff: 2 target computed: 20000 cannot be del : 85 used: 19104 rdb: 2335
c o [rdb] cls before: 37676 after: 27526 low lbd: 637 lbd cutoff: 2 target computed: 20000 cannot be del : 49 used: 18275 rdb: 2338
c o [mem] consolidate  old-sz: 8555K new-sz: 2421K new bits offs: 19 T: 0.00
c o [rdb] cls before: 37361 after: 26995 low lbd: 640 lbd cutoff: 2 target computed: 20000 cannot be del : 127 used: 17742 rdb: 2341
c o [mem] consolidate  old-sz: 6920K new-sz: 2268K new bits offs: 19 T: 0.00
c o [rdb] cls before: 37576 after: 27720 low lbd: 640 lbd cutoff: 2 target computed: 20000 cannot be del : 82 used: 18896 rdb: 2344
c o [mem] consolidate  old-sz: 8197K new-sz: 2288K new bits offs: 19 T: 0.00
c o [rdb] cls before: 37704 after: 28356 low lbd: 640 lbd cutoff: 2 target computed: 20000 cannot be del : 34 used: 19573 rdb: 2347
c o [mem] consolidate  old-sz: 8435K new-sz: 2362K new bits offs: 19 T: 0.00
c o [rdb] cls before: 37366 after: 27768 low lbd: 640 lbd cutoff: 2 target computed: 20000 cannot be del : 81 used: 18718 rdb: 2350
c o [mem] consolidate  old-sz: 7090K new-sz: 2335K new bits offs: 19 T: 0.00
c o [rdb] cls before: 36927 after: 26994 low lbd: 640 lbd cutoff: 2 target computed: 20000 cannot be del : 53 used: 18434 rdb: 2353
c o [rdb] cls before: 37465 after: 26899 low lbd: 641 lbd cutoff: 2 target computed: 20000 cannot be del : 59 used: 18011 rdb: 2356
c o [mem] consolidate  old-sz: 8403K new-sz: 2333K new bits offs: 19 T: 0.00
c o [rdb] cls before: 37788 after: 27504 low lbd: 641 lbd cutoff: 2 target computed: 20000 cannot be del : 77 used: 19171 rdb: 2359
c o [mem] consolidate  old-sz: 8477K new-sz: 2353K new bits offs: 19 T: 0.00
c o [rdb] cls before: 37778 after: 27384 low lbd: 643 lbd cutoff: 2 target computed: 20000 cannot be del : 101 used: 18565 rdb: 2362
c o [mem] consolidate  old-sz: 8513K new-sz: 2336K new bits offs: 19 T: 0.00
c o [rdb] cls before: 37454 after: 27704 low lbd: 647 lbd cutoff: 2 target computed: 20000 cannot be del : 83 used: 18460 rdb: 2365
c o [mem] consolidate  old-sz: 6917K new-sz: 2331K new bits offs: 19 T: 0.00
c o [rdb] cls before: 37269 after: 27725 low lbd: 650 lbd cutoff: 2 target computed: 20000 cannot be del : 59 used: 19142 rdb: 2368
c o [rdb] cls before: 37970 after: 28238 low lbd: 651 lbd cutoff: 2 target computed: 20000 cannot be del : 42 used: 19416 rdb: 2371
c o [mem] consolidate  old-sz: 8486K new-sz: 2513K new bits offs: 19 T: 0.00
c o [rdb] cls before: 37876 after: 27709 low lbd: 651 lbd cutoff: 2 target computed: 20000 cannot be del : 93 used: 18190 rdb: 2374
c o [mem] consolidate  old-sz: 7135K new-sz: 2401K new bits offs: 19 T: 0.00
c o [rdb] cls before: 37807 after: 27616 low lbd: 653 lbd cutoff: 2 target computed: 20000 cannot be del : 77 used: 18835 rdb: 2377
c o [mem] consolidate  old-sz: 7092K new-sz: 2393K new bits offs: 19 T: 0.00
c o [rdb] cls before: 38170 after: 27392 low lbd: 654 lbd cutoff: 2 target computed: 20000 cannot be del : 71 used: 18160 rdb: 2380
c o [mem] consolidate  old-sz: 7026K new-sz: 2316K new bits offs: 19 T: 0.00
c o [rdb] cls before: 37921 after: 28382 low lbd: 655 lbd cutoff: 2 target computed: 20000 cannot be del : 92 used: 19307 rdb: 2383
c o [mem] consolidate  old-sz: 8491K new-sz: 2442K new bits offs: 19 T: 0.00
c o [rdb] cls before: 38220 after: 27806 low lbd: 655 lbd cutoff: 2 target computed: 20000 cannot be del : 62 used: 18514 rdb: 2386
c o [mem] consolidate  old-sz: 8675K new-sz: 2506K new bits offs: 19 T: 0.00
c o [rdb] cls before: 38693 after: 28516 low lbd: 657 lbd cutoff: 2 target computed: 20000 cannot be del : 90 used: 19876 rdb: 2389
c o [rdb] cls before: 38781 after: 28379 low lbd: 657 lbd cutoff: 2 target computed: 20000 cannot be del : 47 used: 19787 rdb: 2392
c o [mem] consolidate  old-sz: 8823K new-sz: 2475K new bits offs: 19 T: 0.00
c o [rdb] cls before: 37948 after: 28102 low lbd: 658 lbd cutoff: 2 target computed: 20000 cannot be del : 97 used: 19318 rdb: 2395
c o [mem] consolidate  old-sz: 7267K new-sz: 2488K new bits offs: 19 T: 0.00
c o [rdb] cls before: 38263 after: 27944 low lbd: 658 lbd cutoff: 2 target computed: 20000 cannot be del : 85 used: 18303 rdb: 2398
c o [mem] consolidate  old-sz: 7279K new-sz: 2511K new bits offs: 19 T: 0.00
c o [rdb] cls before: 37906 after: 28657 low lbd: 659 lbd cutoff: 2 target computed: 20000 cannot be del : 31 used: 20689 rdb: 2401
c o [mem] consolidate  old-sz: 8830K new-sz: 2500K new bits offs: 19 T: 0.00
c o [rdb] cls before: 37648 after: 28372 low lbd: 659 lbd cutoff: 2 target computed: 20000 cannot be del : 45 used: 19329 rdb: 2404
c o [mem] consolidate  old-sz: 7337K new-sz: 2419K new bits offs: 19 T: 0.00
c o [rdb] cls before: 37710 after: 28173 low lbd: 660 lbd cutoff: 2 target computed: 20000 cannot be del : 57 used: 18956 rdb: 2407
c o [mem] consolidate  old-sz: 9085K new-sz: 2550K new bits offs: 19 T: 0.00
c o [rdb] cls before: 38233 after: 28508 low lbd: 662 lbd cutoff: 2 target computed: 20000 cannot be del : 99 used: 20439 rdb: 2410
c o [mem] consolidate  old-sz: 7423K new-sz: 2460K new bits offs: 19 T: 0.00
c o [rdb] cls before: 37487 after: 27878 low lbd: 663 lbd cutoff: 2 target computed: 20000 cannot be del : 109 used: 18559 rdb: 2413
c o [rdb] cls before: 38084 after: 27949 low lbd: 664 lbd cutoff: 2 target computed: 20000 cannot be del : 112 used: 18419 rdb: 2416
c o [mem] consolidate  old-sz: 9104K new-sz: 2529K new bits offs: 19 T: 0.00
c o [rdb] cls before: 37977 after: 28100 low lbd: 665 lbd cutoff: 2 target computed: 20000 cannot be del : 72 used: 19217 rdb: 2419
c o [mem] consolidate  old-sz: 9092K new-sz: 2576K new bits offs: 19 T: 0.00
c o [rdb] cls before: 38204 after: 27814 low lbd: 667 lbd cutoff: 2 target computed: 20000 cannot be del : 96 used: 18058 rdb: 2422
c o [mem] consolidate  old-sz: 9227K new-sz: 2530K new bits offs: 19 T: 0.00
c o [rdb] cls before: 38077 after: 28453 low lbd: 668 lbd cutoff: 2 target computed: 20000 cannot be del : 71 used: 19253 rdb: 2425
c o [rdb] cls before: 38209 after: 28830 low lbd: 668 lbd cutoff: 2 target computed: 20000 cannot be del : 62 used: 20630 rdb: 2428
c o [mem] consolidate  old-sz: 9288K new-sz: 2652K new bits offs: 19 T: 0.00
c o [rdb] cls before: 38086 after: 27978 low lbd: 669 lbd cutoff: 2 target computed: 20000 cannot be del : 124 used: 18194 rdb: 2431
c o [mem] consolidate  old-sz: 7405K new-sz: 2463K new bits offs: 19 T: 0.00
c o [rdb] cls before: 38375 after: 27978 low lbd: 671 lbd cutoff: 2 target computed: 20000 cannot be del : 39 used: 18331 rdb: 2434
c o [mem] consolidate  old-sz: 7369K new-sz: 2507K new bits offs: 19 T: 0.00
c o [rdb] cls before: 37884 after: 27712 low lbd: 672 lbd cutoff: 2 target computed: 20000 cannot be del : 89 used: 18282 rdb: 2437
c o [mem] consolidate  old-sz: 7280K new-sz: 2394K new bits offs: 19 T: 0.00
c o [rdb] cls before: 38148 after: 28133 low lbd: 675 lbd cutoff: 2 target computed: 20000 cannot be del : 67 used: 18876 rdb: 2440
c o [mem] consolidate  old-sz: 8988K new-sz: 2547K new bits offs: 19 T: 0.00
c o [rdb] cls before: 37492 after: 27044 low lbd: 676 lbd cutoff: 2 target computed: 20000 cannot be del : 70 used: 18655 rdb: 2443
c o [mem] consolidate  old-sz: 8850K new-sz: 2298K new bits offs: 19 T: 0.00
c o [rdb] cls before: 36790 after: 27014 low lbd: 679 lbd cutoff: 2 target computed: 20000 cannot be del : 67 used: 18474 rdb: 2446
c o [rdb] cls before: 37495 after: 27464 low lbd: 679 lbd cutoff: 2 target computed: 20000 cannot be del : 98 used: 18792 rdb: 2449
c o [mem] consolidate  old-sz: 8607K new-sz: 2426K new bits offs: 19 T: 0.00
c o [rdb] cls before: 37280 after: 27680 low lbd: 680 lbd cutoff: 2 target computed: 20000 cannot be del : 59 used: 19195 rdb: 2452
c o [mem] consolidate  old-sz: 8655K new-sz: 2385K new bits offs: 19 T: 0.00
c o [rdb] cls before: 37407 after: 27598 low lbd: 681 lbd cutoff: 2 target computed: 20000 cannot be del : 57 used: 19406 rdb: 2455
c o [mem] consolidate  old-sz: 7162K new-sz: 2419K new bits offs: 19 T: 0.00
c o [rdb] cls before: 37808 after: 28065 low lbd: 682 lbd cutoff: 2 target computed: 20000 cannot be del : 104 used: 19456 rdb: 2458
c o [mem] consolidate  old-sz: 9104K new-sz: 2560K new bits offs: 19 T: 0.00
c o [rdb] cls before: 37374 after: 27975 low lbd: 682 lbd cutoff: 2 target computed: 20000 cannot be del : 115 used: 18859 rdb: 2461
c o [rdb] cls before: 37557 after: 28076 low lbd: 683 lbd cutoff: 2 target computed: 20000 cannot be del : 111 used: 19222 rdb: 2464
c o [mem] consolidate  old-sz: 9280K new-sz: 2585K new bits offs: 19 T: 0.00
c o [rdb] cls before: 37515 after: 27949 low lbd: 684 lbd cutoff: 2 target computed: 20000 cannot be del : 70 used: 19537 rdb: 2467
c o [mem] consolidate  old-sz: 7464K new-sz: 2452K new bits offs: 19 T: 0.00
c o [rdb] cls before: 38293 after: 28664 low lbd: 686 lbd cutoff: 2 target computed: 20000 cannot be del : 76 used: 19895 rdb: 2470
c o [mem] consolidate  old-sz: 9041K new-sz: 2663K new bits offs: 19 T: 0.00
c o [rdb] cls before: 37760 after: 28028 low lbd: 686 lbd cutoff: 2 target computed: 20000 cannot be del : 62 used: 19235 rdb: 2473
c o [mem] consolidate  old-sz: 7354K new-sz: 2487K new bits offs: 19 T: 0.00
c o [rdb] cls before: 38629 after: 27957 low lbd: 686 lbd cutoff: 2 target computed: 20000 cannot be del : 65 used: 19506 rdb: 2476
c o [mem] consolidate  old-sz: 7257K new-sz: 2453K new bits offs: 19 T: 0.00
c o [rdb] cls before: 38676 after: 28315 low lbd: 686 lbd cutoff: 2 target computed: 20000 cannot be del : 69 used: 19601 rdb: 2479
c o [mem] consolidate  old-sz: 9100K new-sz: 2549K new bits offs: 19 T: 0.00
c o [rdb] cls before: 38387 after: 28357 low lbd: 687 lbd cutoff: 2 target computed: 20000 cannot be del : 77 used: 19595 rdb: 2482
c o [rdb] cls before: 38918 after: 28114 low lbd: 688 lbd cutoff: 2 target computed: 20000 cannot be del : 44 used: 19739 rdb: 2485
c o [mem] consolidate  old-sz: 9082K new-sz: 2449K new bits offs: 19 T: 0.00
c o [rdb] cls before: 38704 after: 28066 low lbd: 689 lbd cutoff: 2 target computed: 20000 cannot be del : 64 used: 19258 rdb: 2488
c o [mem] consolidate  old-sz: 7256K new-sz: 2393K new bits offs: 19 T: 0.00
c o [rdb] cls before: 37970 after: 28465 low lbd: 689 lbd cutoff: 2 target computed: 20000 cannot be del : 108 used: 19056 rdb: 2491
c o [mem] consolidate  old-sz: 8380K new-sz: 2415K new bits offs: 19 T: 0.00
c o [rdb] cls before: 38507 after: 27714 low lbd: 689 lbd cutoff: 2 target computed: 20000 cannot be del : 43 used: 17848 rdb: 2494
c o [mem] consolidate  old-sz: 7052K new-sz: 2431K new bits offs: 19 T: 0.00
c o [rdb] cls before: 37870 after: 27898 low lbd: 692 lbd cutoff: 2 target computed: 20000 cannot be del : 79 used: 19244 rdb: 2497
c o [mem] consolidate  old-sz: 7024K new-sz: 2351K new bits offs: 19 T: 0.00
c o [rdb] cls before: 37629 after: 27672 low lbd: 693 lbd cutoff: 2 target computed: 20000 cannot be del : 46 used: 18137 rdb: 2500
c o [mem] consolidate  old-sz: 8526K new-sz: 2352K new bits offs: 19 T: 0.00
c o [rdb] cls before: 37179 after: 27841 low lbd: 694 lbd cutoff: 2 target computed: 20000 cannot be del : 56 used: 18617 rdb: 2503
c o [rdb] cls before: 37772 after: 26946 low lbd: 694 lbd cutoff: 2 target computed: 20000 cannot be del : 86 used: 17205 rdb: 2506
c o [mem] consolidate  old-sz: 8539K new-sz: 2324K new bits offs: 19 T: 0.00
c o [rdb] cls before: 37905 after: 28232 low lbd: 695 lbd cutoff: 2 target computed: 20000 cannot be del : 77 used: 19453 rdb: 2509
c o [mem] consolidate  old-sz: 8406K new-sz: 2349K new bits offs: 19 T: 0.00
c o [rdb] cls before: 37827 after: 27983 low lbd: 695 lbd cutoff: 2 target computed: 20000 cannot be del : 96 used: 18656 rdb: 2512
c o [mem] consolidate  old-sz: 8646K new-sz: 2481K new bits offs: 19 T: 0.00
c o [rdb] cls before: 38019 after: 27293 low lbd: 696 lbd cutoff: 2 target computed: 20000 cannot be del : 56 used: 17728 rdb: 2515
c o [rdb] cls before: 38214 after: 27813 low lbd: 696 lbd cutoff: 2 target computed: 20000 cannot be del : 71 used: 18470 rdb: 2518
c o [mem] consolidate  old-sz: 8735K new-sz: 2463K new bits offs: 19 T: 0.00
c o [rdb] cls before: 37621 after: 28066 low lbd: 699 lbd cutoff: 2 target computed: 20000 cannot be del : 89 used: 18921 rdb: 2521
c o [mem] consolidate  old-sz: 8534K new-sz: 2216K new bits offs: 19 T: 0.00
c o [rdb] cls before: 37699 after: 27792 low lbd: 700 lbd cutoff: 2 target computed: 20000 cannot be del : 59 used: 19253 rdb: 2524
c o [mem] consolidate  old-sz: 8191K new-sz: 2352K new bits offs: 19 T: 0.00
c o [rdb] cls before: 37614 after: 27510 low lbd: 700 lbd cutoff: 2 target computed: 20000 cannot be del : 66 used: 18438 rdb: 2527
c o [rdb] cls before: 38055 after: 28417 low lbd: 700 lbd cutoff: 2 target computed: 20000 cannot be del : 60 used: 20145 rdb: 2530
c o [mem] consolidate  old-sz: 8383K new-sz: 2433K new bits offs: 19 T: 0.00
c o [rdb] cls before: 38227 after: 27570 low lbd: 700 lbd cutoff: 2 target computed: 20000 cannot be del : 49 used: 18329 rdb: 2533
c o [mem] consolidate  old-sz: 7052K new-sz: 2324K new bits offs: 19 T: 0.00
c o [rdb] cls before: 38203 after: 28213 low lbd: 700 lbd cutoff: 2 target computed: 20000 cannot be del : 62 used: 19400 rdb: 2536
c o [mem] consolidate  old-sz: 8422K new-sz: 2495K new bits offs: 19 T: 0.00
c o [rdb] cls before: 38437 after: 28140 low lbd: 702 lbd cutoff: 2 target computed: 20000 cannot be del : 85 used: 18958 rdb: 2539
c o [mem] consolidate  old-sz: 7104K new-sz: 2456K new bits offs: 19 T: 0.00
c o [rdb] cls before: 38385 after: 27594 low lbd: 702 lbd cutoff: 2 target computed: 20000 cannot be del : 59 used: 18218 rdb: 2542
c o [mem] consolidate  old-sz: 6878K new-sz: 2330K new bits offs: 19 T: 0.00
c o [rdb] cls before: 37846 after: 28428 low lbd: 703 lbd cutoff: 2 target computed: 20000 cannot be del : 57 used: 19592 rdb: 2545
c o [mem] consolidate  old-sz: 6623K new-sz: 2302K new bits offs: 19 T: 0.00
c o [rdb] cls before: 38491 after: 28312 low lbd: 706 lbd cutoff: 2 target computed: 20000 cannot be del : 40 used: 18797 rdb: 2548
c o [mem] consolidate  old-sz: 6829K new-sz: 2320K new bits offs: 19 T: 0.00
c o [rdb] cls before: 38332 after: 28530 low lbd: 706 lbd cutoff: 2 target computed: 20000 cannot be del : 90 used: 19581 rdb: 2551
c o [mem] consolidate  old-sz: 8395K new-sz: 2475K new bits offs: 19 T: 0.00
c o [rdb] cls before: 38853 after: 28322 low lbd: 707 lbd cutoff: 2 target computed: 20000 cannot be del : 73 used: 18693 rdb: 2554
c o [mem] consolidate  old-sz: 7075K new-sz: 2361K new bits offs: 19 T: 0.00
c o [rdb] cls before: 37990 after: 28035 low lbd: 707 lbd cutoff: 2 target computed: 20000 cannot be del : 82 used: 18801 rdb: 2557
c o [rdb] cls before: 38172 after: 28682 low lbd: 707 lbd cutoff: 2 target computed: 20000 cannot be del : 53 used: 19440 rdb: 2560
c o [mem] consolidate  old-sz: 8461K new-sz: 2506K new bits offs: 19 T: 0.00
c o [rdb] cls before: 38108 after: 28360 low lbd: 707 lbd cutoff: 2 target computed: 20000 cannot be del : 63 used: 18733 rdb: 2563
c o [mem] consolidate  old-sz: 7070K new-sz: 2416K new bits offs: 19 T: 0.00
c o [rdb] cls before: 38289 after: 27850 low lbd: 708 lbd cutoff: 2 target computed: 20000 cannot be del : 29 used: 18561 rdb: 2566
c o [mem] consolidate  old-sz: 7082K new-sz: 2352K new bits offs: 19 T: 0.00
c o [rdb] cls before: 38107 after: 28597 low lbd: 709 lbd cutoff: 2 target computed: 20000 cannot be del : 66 used: 19616 rdb: 2569
c o [mem] consolidate  old-sz: 8531K new-sz: 2492K new bits offs: 19 T: 0.00
c o [rdb] cls before: 38663 after: 28589 low lbd: 709 lbd cutoff: 2 target computed: 20000 cannot be del : 36 used: 19433 rdb: 2572
c o [mem] consolidate  old-sz: 8789K new-sz: 2488K new bits offs: 19 T: 0.00
c o [rdb] cls before: 38172 after: 28342 low lbd: 710 lbd cutoff: 2 target computed: 20000 cannot be del : 54 used: 20584 rdb: 2575
c o [mem] consolidate  old-sz: 7102K new-sz: 2445K new bits offs: 19 T: 0.00
c o [rdb] cls before: 37706 after: 28100 low lbd: 711 lbd cutoff: 2 target computed: 20000 cannot be del : 62 used: 18750 rdb: 2578
c o [rdb] cls before: 38195 after: 28280 low lbd: 716 lbd cutoff: 2 target computed: 20000 cannot be del : 95 used: 19734 rdb: 2581
c o [mem] consolidate  old-sz: 8545K new-sz: 2385K new bits offs: 19 T: 0.00
c o [rdb] cls before: 38654 after: 28853 low lbd: 716 lbd cutoff: 2 target computed: 20000 cannot be del : 69 used: 19820 rdb: 2584
c o [mem] consolidate  old-sz: 8687K new-sz: 2499K new bits offs: 19 T: 0.00
c o [rdb] cls before: 38108 after: 28821 low lbd: 716 lbd cutoff: 2 target computed: 20000 cannot be del : 100 used: 19722 rdb: 2587
c o [mem] consolidate  old-sz: 7157K new-sz: 2495K new bits offs: 19 T: 0.00
c o [rdb] cls before: 37943 after: 27740 low lbd: 716 lbd cutoff: 2 target computed: 20000 cannot be del : 96 used: 18828 rdb: 2590
c o [mem] consolidate  old-sz: 7391K new-sz: 2530K new bits offs: 19 T: 0.00
c o [rdb] cls before: 37909 after: 27635 low lbd: 716 lbd cutoff: 2 target computed: 20000 cannot be del : 69 used: 18119 rdb: 2593
c o [mem] consolidate  old-sz: 7318K new-sz: 2429K new bits offs: 19 T: 0.00
c o [rdb] cls before: 37999 after: 27954 low lbd: 716 lbd cutoff: 2 target computed: 20000 cannot be del : 45 used: 18776 rdb: 2596
c o [mem] consolidate  old-sz: 8607K new-sz: 2384K new bits offs: 19 T: 0.00
c o [rdb] cls before: 37995 after: 27755 low lbd: 717 lbd cutoff: 2 target computed: 20000 cannot be del : 84 used: 18243 rdb: 2599
c o [rdb] cls before: 38456 after: 28018 low lbd: 717 lbd cutoff: 2 target computed: 20000 cannot be del : 110 used: 18368 rdb: 2602
c o [mem] consolidate  old-sz: 8677K new-sz: 2486K new bits offs: 19 T: 0.00
c o [rdb] cls before: 38132 after: 28492 low lbd: 718 lbd cutoff: 2 target computed: 20000 cannot be del : 93 used: 19580 rdb: 2605
c o [mem] consolidate  old-sz: 8882K new-sz: 2550K new bits offs: 19 T: 0.00
c o [rdb] cls before: 38267 after: 28031 low lbd: 719 lbd cutoff: 2 target computed: 20000 cannot be del : 101 used: 18612 rdb: 2608
c o [mem] consolidate  old-sz: 8739K new-sz: 2428K new bits offs: 19 T: 0.00
c o [rdb] cls before: 38048 after: 28693 low lbd: 721 lbd cutoff: 2 target computed: 20000 cannot be del : 61 used: 19579 rdb: 2611
c o [rdb] cls before: 38219 after: 28370 low lbd: 723 lbd cutoff: 2 target computed: 20000 cannot be del : 66 used: 19565 rdb: 2614
c o [mem] consolidate  old-sz: 8871K new-sz: 2470K new bits offs: 19 T: 0.00
c o [rdb] cls before: 38896 after: 28814 low lbd: 726 lbd cutoff: 2 target computed: 20000 cannot be del : 64 used: 20220 rdb: 2617
c o [mem] consolidate  old-sz: 8861K new-sz: 2359K new bits offs: 19 T: 0.00
c o [rdb] cls before: 38189 after: 27982 low lbd: 727 lbd cutoff: 2 target computed: 20000 cannot be del : 88 used: 17971 rdb: 2620
c o [mem] consolidate  old-sz: 8631K new-sz: 2458K new bits offs: 19 T: 0.00
c o [rdb] cls before: 38425 after: 27923 low lbd: 727 lbd cutoff: 2 target computed: 20000 cannot be del : 108 used: 18151 rdb: 2623
c o [mem] consolidate  old-sz: 7120K new-sz: 2419K new bits offs: 19 T: 0.00
c o [rdb] cls before: 38291 after: 27685 low lbd: 727 lbd cutoff: 2 target computed: 20000 cannot be del : 67 used: 18183 rdb: 2626
c o [rdb] cls before: 38382 after: 28413 low lbd: 730 lbd cutoff: 2 target computed: 20000 cannot be del : 60 used: 19541 rdb: 2629
c o [mem] consolidate  old-sz: 8554K new-sz: 2459K new bits offs: 19 T: 0.00
c o [rdb] cls before: 37525 after: 28088 low lbd: 730 lbd cutoff: 2 target computed: 20000 cannot be del : 61 used: 18559 rdb: 2632
c o [mem] consolidate  old-sz: 7018K new-sz: 2398K new bits offs: 19 T: 0.00
c o [rdb] cls before: 38438 after: 28111 low lbd: 732 lbd cutoff: 2 target computed: 20000 cannot be del : 85 used: 18299 rdb: 2635
c o [mem] consolidate  old-sz: 8817K new-sz: 2505K new bits offs: 19 T: 0.00
c o [rdb] cls before: 38269 after: 28010 low lbd: 732 lbd cutoff: 2 target computed: 20000 cannot be del : 63 used: 19115 rdb: 2638
c o [mem] consolidate  old-sz: 7244K new-sz: 2410K new bits offs: 19 T: 0.00
c o [rdb] cls before: 38564 after: 28454 low lbd: 732 lbd cutoff: 2 target computed: 20000 cannot be del : 88 used: 19242 rdb: 2641
c o [mem] consolidate  old-sz: 8560K new-sz: 2509K new bits offs: 19 T: 0.00
c o [rdb] cls before: 39142 after: 28526 low lbd: 733 lbd cutoff: 2 target computed: 20000 cannot be del : 89 used: 20207 rdb: 2644
c o [mem] consolidate  old-sz: 7055K new-sz: 2445K new bits offs: 19 T: 0.00
c o [rdb] cls before: 38517 after: 28195 low lbd: 735 lbd cutoff: 2 target computed: 20000 cannot be del : 61 used: 19049 rdb: 2647
c o [mem] consolidate  old-sz: 7141K new-sz: 2443K new bits offs: 19 T: 0.00
c o [rdb] cls before: 38448 after: 28926 low lbd: 736 lbd cutoff: 2 target computed: 20000 cannot be del : 66 used: 19683 rdb: 2650
c o [rdb] cls before: 38740 after: 28595 low lbd: 736 lbd cutoff: 2 target computed: 20000 cannot be del : 21 used: 19183 rdb: 2653
c o [mem] consolidate  old-sz: 8779K new-sz: 2426K new bits offs: 19 T: 0.00
c o [rdb] cls before: 38238 after: 28698 low lbd: 738 lbd cutoff: 2 target computed: 20000 cannot be del : 84 used: 19959 rdb: 2656
c o [mem] consolidate  old-sz: 8613K new-sz: 2454K new bits offs: 19 T: 0.00
c o [rdb] cls before: 38746 after: 28912 low lbd: 740 lbd cutoff: 2 target computed: 20000 cannot be del : 80 used: 19809 rdb: 2659
c o [mem] consolidate  old-sz: 8564K new-sz: 2474K new bits offs: 19 T: 0.00
c o [rdb] cls before: 39157 after: 28733 low lbd: 741 lbd cutoff: 2 target computed: 20000 cannot be del : 104 used: 19690 rdb: 2662
c o [mem] consolidate  old-sz: 7101K new-sz: 2461K new bits offs: 19 T: 0.00
c o [rdb] cls before: 38994 after: 28984 low lbd: 742 lbd cutoff: 2 target computed: 20000 cannot be del : 80 used: 19448 rdb: 2665
c o [rdb] cls before: 39377 after: 27865 low lbd: 743 lbd cutoff: 2 target computed: 20000 cannot be del : 63 used: 17495 rdb: 2668
c o [mem] consolidate  old-sz: 8823K new-sz: 2365K new bits offs: 19 T: 0.00
c o [rdb] cls before: 38599 after: 28734 low lbd: 743 lbd cutoff: 2 target computed: 20000 cannot be del : 64 used: 18957 rdb: 2671
c o [mem] consolidate  old-sz: 8632K new-sz: 2415K new bits offs: 19 T: 0.00
c o [rdb] cls before: 38669 after: 28424 low lbd: 744 lbd cutoff: 2 target computed: 20000 cannot be del : 119 used: 18866 rdb: 2674
c o [mem] consolidate  old-sz: 8634K new-sz: 2478K new bits offs: 19 T: 0.00
c o [rdb] cls before: 39083 after: 28671 low lbd: 744 lbd cutoff: 2 target computed: 20000 cannot be del : 78 used: 20199 rdb: 2677
c o [mem] consolidate  old-sz: 7186K new-sz: 2546K new bits offs: 19 T: 0.00
c o [rdb] cls before: 38572 after: 28453 low lbd: 744 lbd cutoff: 2 target computed: 20000 cannot be del : 93 used: 19211 rdb: 2680
c o [mem] consolidate  old-sz: 7151K new-sz: 2415K new bits offs: 19 T: 0.00
c o [rdb] cls before: 38457 after: 28575 low lbd: 744 lbd cutoff: 2 target computed: 20000 cannot be del : 41 used: 19379 rdb: 2683
c o [rdb] cls before: 38857 after: 27784 low lbd: 745 lbd cutoff: 2 target computed: 20000 cannot be del : 74 used: 17552 rdb: 2686
c o [mem] consolidate  old-sz: 8593K new-sz: 2372K new bits offs: 19 T: 0.00
c o [rdb] cls before: 38996 after: 28811 low lbd: 746 lbd cutoff: 2 target computed: 20000 cannot be del : 78 used: 20124 rdb: 2689
c o [mem] consolidate  old-sz: 8777K new-sz: 2595K new bits offs: 19 T: 0.00
c o [rdb] cls before: 38841 after: 28694 low lbd: 748 lbd cutoff: 2 target computed: 20000 cannot be del : 50 used: 19607 rdb: 2692
c o [mem] consolidate  old-sz: 7253K new-sz: 2472K new bits offs: 19 T: 0.00
c o [rdb] cls before: 38515 after: 28337 low lbd: 748 lbd cutoff: 2 target computed: 20000 cannot be del : 113 used: 18945 rdb: 2695
c o [mem] consolidate  old-sz: 6872K new-sz: 2400K new bits offs: 19 T: 0.00
c o [rdb] cls before: 38533 after: 28694 low lbd: 750 lbd cutoff: 2 target computed: 20000 cannot be del : 66 used: 19199 rdb: 2698
c o [mem] consolidate  old-sz: 8153K new-sz: 2344K new bits offs: 19 T: 0.00
c o [rdb] cls before: 38651 after: 28594 low lbd: 751 lbd cutoff: 2 target computed: 20000 cannot be del : 65 used: 19019 rdb: 2701
c o [mem] consolidate  old-sz: 6768K new-sz: 2369K new bits offs: 19 T: 0.00
c o [rdb] cls before: 38618 after: 28496 low lbd: 751 lbd cutoff: 2 target computed: 20000 cannot be del : 50 used: 20102 rdb: 2704
c o [rdb] cls before: 38693 after: 28754 low lbd: 751 lbd cutoff: 2 target computed: 20000 cannot be del : 83 used: 19224 rdb: 2707
c o [mem] consolidate  old-sz: 8191K new-sz: 2373K new bits offs: 19 T: 0.00
c o [rdb] cls before: 37997 after: 28702 low lbd: 752 lbd cutoff: 2 target computed: 20000 cannot be del : 76 used: 19389 rdb: 2710
c o [mem] consolidate  old-sz: 6937K new-sz: 2474K new bits offs: 19 T: 0.00
c o [rdb] cls before: 38401 after: 28228 low lbd: 752 lbd cutoff: 2 target computed: 20000 cannot be del : 53 used: 18681 rdb: 2713
c o [mem] consolidate  old-sz: 7075K new-sz: 2417K new bits offs: 19 T: 0.00
c o [rdb] cls before: 38079 after: 28119 low lbd: 752 lbd cutoff: 2 target computed: 20000 cannot be del : 58 used: 20049 rdb: 2716
c o [mem] consolidate  old-sz: 7166K new-sz: 2483K new bits offs: 19 T: 0.00
c o [rdb] cls before: 37874 after: 27769 low lbd: 753 lbd cutoff: 2 target computed: 20000 cannot be del : 88 used: 18313 rdb: 2719
c o [mem] consolidate  old-sz: 6949K new-sz: 2426K new bits offs: 19 T: 0.00
c o [rdb] cls before: 37632 after: 27743 low lbd: 753 lbd cutoff: 2 target computed: 20000 cannot be del : 87 used: 19311 rdb: 2722
c o [mem] consolidate  old-sz: 6917K new-sz: 2320K new bits offs: 19 T: 0.00
c o [rdb] cls before: 38155 after: 27986 low lbd: 753 lbd cutoff: 2 target computed: 20000 cannot be del : 69 used: 18668 rdb: 2725
c o [mem] consolidate  old-sz: 8407K new-sz: 2394K new bits offs: 19 T: 0.00
c o [rdb] cls before: 38237 after: 28467 low lbd: 753 lbd cutoff: 2 target computed: 20000 cannot be del : 86 used: 20293 rdb: 2728
c o [mem] consolidate  old-sz: 6882K new-sz: 2237K new bits offs: 19 T: 0.00
c o [rdb] cls before: 37799 after: 27248 low lbd: 753 lbd cutoff: 2 target computed: 20000 cannot be del : 60 used: 17482 rdb: 2731
c o [mem] consolidate  old-sz: 8278K new-sz: 2379K new bits offs: 19 T: 0.00
c o [rdb] cls before: 37698 after: 27755 low lbd: 753 lbd cutoff: 2 target computed: 20000 cannot be del : 45 used: 19427 rdb: 2734
c o [mem] consolidate  old-sz: 6787K new-sz: 2298K new bits offs: 19 T: 0.00
c o [rdb] cls before: 37584 after: 27868 low lbd: 753 lbd cutoff: 2 target computed: 20000 cannot be del : 103 used: 18560 rdb: 2737
c o [rdb] cls before: 38220 after: 28140 low lbd: 755 lbd cutoff: 2 target computed: 20000 cannot be del : 68 used: 19503 rdb: 2740
c o [mem] consolidate  old-sz: 8521K new-sz: 2357K new bits offs: 19 T: 0.00
c o [rdb] cls before: 37810 after: 28288 low lbd: 756 lbd cutoff: 2 target computed: 20000 cannot be del : 64 used: 19117 rdb: 2743
c o [mem] consolidate  old-sz: 8650K new-sz: 2465K new bits offs: 19 T: 0.00
c o [rdb] cls before: 37978 after: 28114 low lbd: 758 lbd cutoff: 2 target computed: 20000 cannot be del : 94 used: 19910 rdb: 2746
c o [mem] consolidate  old-sz: 7091K new-sz: 2341K new bits offs: 19 T: 0.00
c o [rdb] cls before: 38215 after: 28085 low lbd: 759 lbd cutoff: 2 target computed: 20000 cannot be del : 48 used: 19202 rdb: 2749
c o [mem] consolidate  old-sz: 6950K new-sz: 2331K new bits offs: 19 T: 0.00
c o [rdb] cls before: 38168 after: 27729 low lbd: 761 lbd cutoff: 2 target computed: 20000 cannot be del : 88 used: 18196 rdb: 2752
c o [mem] consolidate  old-sz: 8310K new-sz: 2391K new bits offs: 19 T: 0.00
c o [rdb] cls before: 37892 after: 28549 low lbd: 761 lbd cutoff: 2 target computed: 20000 cannot be del : 75 used: 19477 rdb: 2755
c o [rdb] cls before: 38305 after: 28205 low lbd: 762 lbd cutoff: 2 target computed: 20000 cannot be del : 59 used: 18894 rdb: 2758
c o [mem] consolidate  old-sz: 8545K new-sz: 2423K new bits offs: 19 T: 0.00
c o [rdb] cls before: 38330 after: 27856 low lbd: 762 lbd cutoff: 2 target computed: 20000 cannot be del : 35 used: 18624 rdb: 2761
c o [mem] consolidate  old-sz: 7044K new-sz: 2376K new bits offs: 19 T: 0.00
c o [rdb] cls before: 38668 after: 27443 low lbd: 763 lbd cutoff: 2 target computed: 20000 cannot be del : 40 used: 18493 rdb: 2764
c o [mem] consolidate  old-sz: 6818K new-sz: 2211K new bits offs: 19 T: 0.00
c o [rdb] cls before: 38165 after: 28246 low lbd: 764 lbd cutoff: 2 target computed: 20000 cannot be del : 49 used: 18466 rdb: 2767
c o [mem] consolidate  old-sz: 8072K new-sz: 2353K new bits offs: 19 T: 0.00
c o [rdb] cls before: 38207 after: 27990 low lbd: 765 lbd cutoff: 2 target computed: 20000 cannot be del : 42 used: 18782 rdb: 2770
c o [mem] consolidate  old-sz: 7000K new-sz: 2444K new bits offs: 19 T: 0.00
c o [rdb] cls before: 38226 after: 27844 low lbd: 768 lbd cutoff: 2 target computed: 20000 cannot be del : 84 used: 18236 rdb: 2773
c o [mem] consolidate  old-sz: 8637K new-sz: 2409K new bits offs: 19 T: 0.00
c o [rdb] cls before: 38135 after: 28404 low lbd: 768 lbd cutoff: 2 target computed: 20000 cannot be del : 47 used: 19620 rdb: 2776
c o [rdb] cls before: 38484 after: 28620 low lbd: 769 lbd cutoff: 2 target computed: 20000 cannot be del : 40 used: 19424 rdb: 2779
c o [mem] consolidate  old-sz: 8399K new-sz: 2422K new bits offs: 19 T: 0.00
c o [rdb] cls before: 38771 after: 28229 low lbd: 769 lbd cutoff: 2 target computed: 20000 cannot be del : 101 used: 18677 rdb: 2782
c o [mem] consolidate  old-sz: 7190K new-sz: 2533K new bits offs: 19 T: 0.00
c o [rdb] cls before: 37255 after: 27625 low lbd: 771 lbd cutoff: 2 target computed: 20000 cannot be del : 52 used: 18685 rdb: 2785
c o [mem] consolidate  old-sz: 7121K new-sz: 2331K new bits offs: 19 T: 0.00
c o [rdb] cls before: 37705 after: 28212 low lbd: 773 lbd cutoff: 2 target computed: 20000 cannot be del : 116 used: 19242 rdb: 2788
c o [mem] consolidate  old-sz: 8495K new-sz: 2419K new bits offs: 19 T: 0.00
c o [rdb] cls before: 38165 after: 28293 low lbd: 773 lbd cutoff: 2 target computed: 20000 cannot be del : 67 used: 18831 rdb: 2791
c o [mem] consolidate  old-sz: 8601K new-sz: 2446K new bits offs: 19 T: 0.00
c o [rdb] cls before: 38318 after: 27752 low lbd: 773 lbd cutoff: 2 target computed: 20000 cannot be del : 90 used: 17643 rdb: 2794
c o [rdb] cls before: 38376 after: 27954 low lbd: 775 lbd cutoff: 2 target computed: 20000 cannot be del : 90 used: 18258 rdb: 2797
c o [mem] consolidate  old-sz: 8970K new-sz: 2551K new bits offs: 19 T: 0.00
c o [rdb] cls before: 37749 after: 27823 low lbd: 775 lbd cutoff: 2 target computed: 20000 cannot be del : 85 used: 18850 rdb: 2800
c o [mem] consolidate  old-sz: 7557K new-sz: 2492K new bits offs: 19 T: 0.00
c o [rdb] cls before: 36870 after: 27552 low lbd: 779 lbd cutoff: 2 target computed: 20000 cannot be del : 101 used: 18582 rdb: 2803
c o [mem] consolidate  old-sz: 7066K new-sz: 2373K new bits offs: 19 T: 0.00
c o [rdb] cls before: 37619 after: 27721 low lbd: 779 lbd cutoff: 2 target computed: 20000 cannot be del : 87 used: 17935 rdb: 2806
c o [mem] consolidate  old-sz: 8700K new-sz: 2295K new bits offs: 19 T: 0.00
c o [rdb] cls before: 37330 after: 27860 low lbd: 780 lbd cutoff: 2 target computed: 20000 cannot be del : 76 used: 18846 rdb: 2809
c o [mem] consolidate  old-sz: 8789K new-sz: 2516K new bits offs: 19 T: 0.00
c o [rdb] cls before: 37184 after: 27608 low lbd: 782 lbd cutoff: 2 target computed: 20000 cannot be del : 45 used: 18653 rdb: 2812
c o [mem] consolidate  old-sz: 7563K new-sz: 2537K new bits offs: 19 T: 0.00
c o [rdb] cls before: 37180 after: 27340 low lbd: 783 lbd cutoff: 2 target computed: 20000 cannot be del : 84 used: 18201 rdb: 2815
c o [mem] consolidate  old-sz: 7339K new-sz: 2240K new bits offs: 19 T: 0.00
c o [rdb] cls before: 36253 after: 26392 low lbd: 784 lbd cutoff: 2 target computed: 20000 cannot be del : 93 used: 18204 rdb: 2818
c o [rdb] cls before: 37514 after: 27431 low lbd: 784 lbd cutoff: 2 target computed: 20000 cannot be del : 91 used: 19182 rdb: 2821
c o [mem] consolidate  old-sz: 8562K new-sz: 2411K new bits offs: 19 T: 0.00
c o [rdb] cls before: 37436 after: 26930 low lbd: 786 lbd cutoff: 2 target computed: 20000 cannot be del : 58 used: 18438 rdb: 2824
c o [mem] consolidate  old-sz: 7205K new-sz: 2375K new bits offs: 19 T: 0.00
c o [rdb] cls before: 37408 after: 27184 low lbd: 787 lbd cutoff: 2 target computed: 20000 cannot be del : 47 used: 19043 rdb: 2827
c o [mem] consolidate  old-sz: 8791K new-sz: 2310K new bits offs: 19 T: 0.00
c o [rdb] cls before: 37086 after: 26883 low lbd: 788 lbd cutoff: 2 target computed: 20000 cannot be del : 74 used: 17295 rdb: 2830
c o [mem] consolidate  old-sz: 8383K new-sz: 2316K new bits offs: 19 T: 0.00
c o [rdb] cls before: 37300 after: 27187 low lbd: 788 lbd cutoff: 2 target computed: 20000 cannot be del : 95 used: 19056 rdb: 2833
c o [rdb] cls before: 37305 after: 27584 low lbd: 789 lbd cutoff: 2 target computed: 20000 cannot be del : 90 used: 18924 rdb: 2836
c o [mem] consolidate  old-sz: 8437K new-sz: 2413K new bits offs: 19 T: 0.00
c o [rdb] cls before: 37439 after: 27057 low lbd: 789 lbd cutoff: 2 target computed: 20000 cannot be del : 30 used: 17783 rdb: 2839
c o [mem] consolidate  old-sz: 6863K new-sz: 2286K new bits offs: 19 T: 0.00
c o [rdb] cls before: 37685 after: 27756 low lbd: 793 lbd cutoff: 2 target computed: 20000 cannot be del : 83 used: 19644 rdb: 2842
c o [mem] consolidate  old-sz: 8323K new-sz: 2330K new bits offs: 19 T: 0.00
c o [rdb] cls before: 37765 after: 27810 low lbd: 794 lbd cutoff: 2 target computed: 20000 cannot be del : 64 used: 18227 rdb: 2845
c o [mem] consolidate  old-sz: 8673K new-sz: 2444K new bits offs: 19 T: 0.00
c o [rdb] cls before: 37717 after: 27534 low lbd: 795 lbd cutoff: 2 target computed: 20000 cannot be del : 80 used: 17706 rdb: 2848
c o [mem] consolidate  old-sz: 7299K new-sz: 2393K new bits offs: 19 T: 0.00
c o [rdb] cls before: 37611 after: 27646 low lbd: 797 lbd cutoff: 2 target computed: 20000 cannot be del : 92 used: 18512 rdb: 2851
c o [rdb] cls before: 38082 after: 27325 low lbd: 797 lbd cutoff: 2 target computed: 20000 cannot be del : 118 used: 18544 rdb: 2854
c o [mem] consolidate  old-sz: 8671K new-sz: 2293K new bits offs: 19 T: 0.00
c o [rdb] cls before: 37865 after: 28305 low lbd: 800 lbd cutoff: 2 target computed: 20000 cannot be del : 70 used: 19385 rdb: 2857
c o [mem] consolidate  old-sz: 8609K new-sz: 2267K new bits offs: 19 T: 0.00
c o [rdb] cls before: 37502 after: 27730 low lbd: 800 lbd cutoff: 2 target computed: 20000 cannot be del : 47 used: 17701 rdb: 2860
c o [mem] consolidate  old-sz: 8524K new-sz: 2422K new bits offs: 19 T: 0.00
c o [rdb] cls before: 38251 after: 27793 low lbd: 803 lbd cutoff: 2 target computed: 20000 cannot be del : 78 used: 17918 rdb: 2863
c o [mem] consolidate  old-sz: 7220K new-sz: 2399K new bits offs: 19 T: 0.00
c o [rdb] cls before: 37856 after: 27531 low lbd: 804 lbd cutoff: 2 target computed: 20000 cannot be del : 61 used: 18468 rdb: 2866
c o [mem] consolidate  old-sz: 7053K new-sz: 2429K new bits offs: 19 T: 0.00
c o [rdb] cls before: 37822 after: 27883 low lbd: 804 lbd cutoff: 2 target computed: 20000 cannot be del : 67 used: 18353 rdb: 2869
c o [rdb] cls before: 38117 after: 27249 low lbd: 806 lbd cutoff: 2 target computed: 20000 cannot be del : 112 used: 18405 rdb: 2872
c o [mem] consolidate  old-sz: 8678K new-sz: 2320K new bits offs: 19 T: 0.00
c o [rdb] cls before: 37404 after: 27778 low lbd: 807 lbd cutoff: 2 target computed: 20000 cannot be del : 31 used: 18837 rdb: 2875
c o [mem] consolidate  old-sz: 8335K new-sz: 2368K new bits offs: 19 T: 0.00
c o [rdb] cls before: 38086 after: 28312 low lbd: 809 lbd cutoff: 2 target computed: 20000 cannot be del : 101 used: 20400 rdb: 2878
c o [mem] consolidate  old-sz: 6979K new-sz: 2371K new bits offs: 19 T: 0.00
c o [rdb] cls before: 37820 after: 27960 low lbd: 810 lbd cutoff: 2 target computed: 20000 cannot be del : 117 used: 18169 rdb: 2881
c o [mem] consolidate  old-sz: 8804K new-sz: 2480K new bits offs: 19 T: 0.00
c o [rdb] cls before: 38150 after: 28685 low lbd: 811 lbd cutoff: 2 target computed: 20000 cannot be del : 83 used: 19537 rdb: 2884
c o [mem] consolidate  old-sz: 7177K new-sz: 2432K new bits offs: 19 T: 0.00
c o [rdb] cls before: 38029 after: 28367 low lbd: 813 lbd cutoff: 2 target computed: 20000 cannot be del : 94 used: 19120 rdb: 2887
c o [rdb] cls before: 38259 after: 28323 low lbd: 813 lbd cutoff: 2 target computed: 20000 cannot be del : 108 used: 18502 rdb: 2890
c o [mem] consolidate  old-sz: 8387K new-sz: 2394K new bits offs: 19 T: 0.00
c o [rdb] cls before: 38300 after: 28293 low lbd: 814 lbd cutoff: 2 target computed: 20000 cannot be del : 111 used: 18458 rdb: 2893
c o [mem] consolidate  old-sz: 6782K new-sz: 2384K new bits offs: 19 T: 0.00
c o [rdb] cls before: 38202 after: 27705 low lbd: 815 lbd cutoff: 2 target computed: 20000 cannot be del : 56 used: 18007 rdb: 2896
c o [mem] consolidate  old-sz: 6888K new-sz: 2340K new bits offs: 19 T: 0.00
c o [rdb] cls before: 38115 after: 28416 low lbd: 819 lbd cutoff: 2 target computed: 20000 cannot be del : 43 used: 19109 rdb: 2899
c o [mem] consolidate  old-sz: 8583K new-sz: 2423K new bits offs: 19 T: 0.00
c o [rdb] cls before: 37751 after: 28073 low lbd: 819 lbd cutoff: 2 target computed: 20000 cannot be del : 105 used: 18238 rdb: 2902
c o [mem] consolidate  old-sz: 8752K new-sz: 2418K new bits offs: 19 T: 0.00
c o [rdb] cls before: 38135 after: 28735 low lbd: 820 lbd cutoff: 2 target computed: 20000 cannot be del : 44 used: 20095 rdb: 2905
c o [rdb] cls before: 38492 after: 27807 low lbd: 821 lbd cutoff: 2 target computed: 20000 cannot be del : 73 used: 18352 rdb: 2908
c o [mem] consolidate  old-sz: 8175K new-sz: 2274K new bits offs: 19 T: 0.00
c o [rdb] cls before: 38156 after: 28609 low lbd: 822 lbd cutoff: 2 target computed: 20000 cannot be del : 111 used: 19054 rdb: 2911
c o [mem] consolidate  old-sz: 8233K new-sz: 2359K new bits offs: 19 T: 0.00
c o [rdb] cls before: 38667 after: 28370 low lbd: 823 lbd cutoff: 2 target computed: 20000 cannot be del : 86 used: 18870 rdb: 2914
c o [mem] consolidate  old-sz: 6831K new-sz: 2382K new bits offs: 19 T: 0.00
c o [rdb] cls before: 38076 after: 28089 low lbd: 825 lbd cutoff: 2 target computed: 20000 cannot be del : 94 used: 18196 rdb: 2917
c o [mem] consolidate  old-sz: 7015K new-sz: 2452K new bits offs: 19 T: 0.00
c o [rdb] cls before: 37444 after: 27343 low lbd: 828 lbd cutoff: 2 target computed: 20000 cannot be del : 36 used: 17563 rdb: 2920
c o [mem] consolidate  old-sz: 6884K new-sz: 2291K new bits offs: 19 T: 0.00
c o [rdb] cls before: 37934 after: 27500 low lbd: 828 lbd cutoff: 2 target computed: 20000 cannot be del : 63 used: 18192 rdb: 2923
c o [mem] consolidate  old-sz: 8464K new-sz: 2379K new bits offs: 19 T: 0.00
c o [rdb] cls before: 37784 after: 27381 low lbd: 828 lbd cutoff: 2 target computed: 20000 cannot be del : 31 used: 17948 rdb: 2926
c o [rdb] cls before: 38093 after: 27766 low lbd: 829 lbd cutoff: 2 target computed: 20000 cannot be del : 36 used: 18760 rdb: 2929
c o [mem] consolidate  old-sz: 8269K new-sz: 2325K new bits offs: 19 T: 0.00
c o [rdb] cls before: 38082 after: 28153 low lbd: 830 lbd cutoff: 2 target computed: 20000 cannot be del : 92 used: 19332 rdb: 2932
c o [mem] consolidate  old-sz: 8226K new-sz: 2278K new bits offs: 19 T: 0.00
c o [rdb] cls before: 37781 after: 28418 low lbd: 830 lbd cutoff: 2 target computed: 20000 cannot be del : 114 used: 19538 rdb: 2935
c o [mem] consolidate  old-sz: 8485K new-sz: 2484K new bits offs: 19 T: 0.00
c o [rdb] cls before: 38514 after: 27453 low lbd: 832 lbd cutoff: 2 target computed: 20000 cannot be del : 97 used: 17903 rdb: 2938
c o [mem] consolidate  old-sz: 7227K new-sz: 2413K new bits offs: 19 T: 0.00
c o [rdb] cls before: 38079 after: 28941 low lbd: 835 lbd cutoff: 2 target computed: 20000 cannot be del : 85 used: 20372 rdb: 2941
c o [mem] consolidate  old-sz: 6910K new-sz: 2403K new bits offs: 19 T: 0.00
c o [rdb] cls before: 37899 after: 27886 low lbd: 836 lbd cutoff: 2 target computed: 20000 cannot be del : 67 used: 18072 rdb: 2944
c o [rdb] cls before: 38044 after: 28077 low lbd: 837 lbd cutoff: 2 target computed: 20000 cannot be del : 45 used: 18601 rdb: 2947
c o [mem] consolidate  old-sz: 8759K new-sz: 2614K new bits offs: 19 T: 0.00
c o [rdb] cls before: 37694 after: 27967 low lbd: 839 lbd cutoff: 2 target computed: 20000 cannot be del : 45 used: 19516 rdb: 2950
c o [mem] consolidate  old-sz: 7383K new-sz: 2494K new bits offs: 19 T: 0.00
c o [rdb] cls before: 37534 after: 27876 low lbd: 841 lbd cutoff: 2 target computed: 20000 cannot be del : 87 used: 18821 rdb: 2953
c o [mem] consolidate  old-sz: 7229K new-sz: 2461K new bits offs: 19 T: 0.00
c o [rdb] cls before: 38418 after: 27649 low lbd: 845 lbd cutoff: 2 target computed: 20000 cannot be del : 72 used: 18512 rdb: 2956
c o [mem] consolidate  old-sz: 7208K new-sz: 2403K new bits offs: 19 T: 0.00
c o [rdb] cls before: 37925 after: 28116 low lbd: 845 lbd cutoff: 2 target computed: 20000 cannot be del : 86 used: 18692 rdb: 2959
c o [mem] consolidate  old-sz: 8973K new-sz: 2468K new bits offs: 19 T: 0.00
c o [rdb] cls before: 38437 after: 27944 low lbd: 845 lbd cutoff: 2 target computed: 20000 cannot be del : 51 used: 18924 rdb: 2962
c o [mem] consolidate  old-sz: 8792K new-sz: 2320K new bits offs: 19 T: 0.00
c o [rdb] cls before: 37088 after: 28135 low lbd: 846 lbd cutoff: 2 target computed: 20000 cannot be del : 74 used: 18659 rdb: 2965
c o [rdb] cls before: 38326 after: 28010 low lbd: 849 lbd cutoff: 2 target computed: 20000 cannot be del : 60 used: 18756 rdb: 2968
c o [mem] consolidate  old-sz: 8591K new-sz: 2438K new bits offs: 19 T: 0.00
c o [rdb] cls before: 38192 after: 28355 low lbd: 849 lbd cutoff: 2 target computed: 20000 cannot be del : 69 used: 18864 rdb: 2971
c o [mem] consolidate  old-sz: 8592K new-sz: 2442K new bits offs: 19 T: 0.00
c o [rdb] cls before: 37503 after: 28245 low lbd: 850 lbd cutoff: 2 target computed: 20000 cannot be del : 99 used: 18908 rdb: 2974
c o [mem] consolidate  old-sz: 8728K new-sz: 2465K new bits offs: 19 T: 0.00
c o [rdb] cls before: 38005 after: 28390 low lbd: 850 lbd cutoff: 2 target computed: 20000 cannot be del : 59 used: 18972 rdb: 2977
c o [rdb] cls before: 38030 after: 28531 low lbd: 851 lbd cutoff: 2 target computed: 20000 cannot be del : 44 used: 20297 rdb: 2980
c o [mem] consolidate  old-sz: 8956K new-sz: 2538K new bits offs: 19 T: 0.00
c o [rdb] cls before: 37950 after: 28035 low lbd: 852 lbd cutoff: 2 target computed: 20000 cannot be del : 60 used: 19481 rdb: 2983
c o [mem] consolidate  old-sz: 7205K new-sz: 2443K new bits offs: 19 T: 0.00
c o [rdb] cls before: 38032 after: 27458 low lbd: 856 lbd cutoff: 2 target computed: 20000 cannot be del : 57 used: 17727 rdb: 2986
c o [mem] consolidate  old-sz: 7278K new-sz: 2407K new bits offs: 19 T: 0.00
c o [rdb] cls before: 38345 after: 28235 low lbd: 856 lbd cutoff: 2 target computed: 20000 cannot be del : 114 used: 18822 rdb: 2989
c o [mem] consolidate  old-sz: 8613K new-sz: 2460K new bits offs: 19 T: 0.00
c o [rdb] cls before: 38195 after: 28504 low lbd: 857 lbd cutoff: 2 target computed: 20000 cannot be del : 69 used: 19465 rdb: 2992
c o [mem] consolidate  old-sz: 7088K new-sz: 2426K new bits offs: 19 T: 0.00
c o [rdb] cls before: 37920 after: 28217 low lbd: 857 lbd cutoff: 2 target computed: 20000 cannot be del : 67 used: 18974 rdb: 2995
c o [mem] consolidate  old-sz: 6990K new-sz: 2391K new bits offs: 19 T: 0.00
c o [rdb] cls before: 39168 after: 28871 low lbd: 858 lbd cutoff: 2 target computed: 20000 cannot be del : 78 used: 19475 rdb: 2998
c o [mem] consolidate  old-sz: 7107K new-sz: 2488K new bits offs: 19 T: 0.00
c o [rdb] cls before: 38137 after: 28247 low lbd: 858 lbd cutoff: 2 target computed: 20000 cannot be del : 97 used: 18565 rdb: 3001
c o [mem] consolidate  old-sz: 8808K new-sz: 2458K new bits offs: 19 T: 0.00
c o [rdb] cls before: 38310 after: 28207 low lbd: 859 lbd cutoff: 2 target computed: 20000 cannot be del : 118 used: 18951 rdb: 3004
c o [rdb] cls before: 38860 after: 27948 low lbd: 860 lbd cutoff: 2 target computed: 20000 cannot be del : 99 used: 19355 rdb: 3007
c o [mem] consolidate  old-sz: 8841K new-sz: 2397K new bits offs: 19 T: 0.00
c o [rdb] cls before: 38315 after: 28875 low lbd: 861 lbd cutoff: 2 target computed: 20000 cannot be del : 106 used: 19980 rdb: 3010
c o [mem] consolidate  old-sz: 8751K new-sz: 2432K new bits offs: 19 T: 0.00
c o [rdb] cls before: 38438 after: 28128 low lbd: 864 lbd cutoff: 2 target computed: 20000 cannot be del : 55 used: 18793 rdb: 3013
c o [mem] consolidate  old-sz: 7206K new-sz: 2412K new bits offs: 19 T: 0.00
c o [rdb] cls before: 38475 after: 28670 low lbd: 865 lbd cutoff: 2 target computed: 20000 cannot be del : 90 used: 19234 rdb: 3016
c o [mem] consolidate  old-sz: 8769K new-sz: 2521K new bits offs: 19 T: 0.00
c o [rdb] cls before: 38593 after: 28381 low lbd: 868 lbd cutoff: 2 target computed: 20000 cannot be del : 75 used: 18740 rdb: 3019
c o [mem] consolidate  old-sz: 7462K new-sz: 2476K new bits offs: 19 T: 0.00
c o [rdb] cls before: 38186 after: 28659 low lbd: 870 lbd cutoff: 2 target computed: 20000 cannot be del : 77 used: 19357 rdb: 3022
c o [mem] consolidate  old-sz: 7352K new-sz: 2424K new bits offs: 19 T: 0.00
c o [rdb] cls before: 37781 after: 28192 low lbd: 871 lbd cutoff: 2 target computed: 20000 cannot be del : 84 used: 18518 rdb: 3025
c o [rdb] cls before: 38200 after: 27987 low lbd: 871 lbd cutoff: 2 target computed: 20000 cannot be del : 91 used: 18439 rdb: 3028
c o [mem] consolidate  old-sz: 8957K new-sz: 2478K new bits offs: 19 T: 0.00
c o [rdb] cls before: 37897 after: 27928 low lbd: 873 lbd cutoff: 2 target computed: 20000 cannot be del : 64 used: 19986 rdb: 3031
c o [mem] consolidate  old-sz: 7231K new-sz: 2453K new bits offs: 19 T: 0.00
c o [rdb] cls before: 38242 after: 28105 low lbd: 874 lbd cutoff: 2 target computed: 20000 cannot be del : 72 used: 19135 rdb: 3034
c o [mem] consolidate  old-sz: 8641K new-sz: 2467K new bits offs: 19 T: 0.00
c o [rdb] cls before: 37993 after: 28195 low lbd: 876 lbd cutoff: 2 target computed: 20000 cannot be del : 65 used: 19822 rdb: 3037
c o [mem] consolidate  old-sz: 7106K new-sz: 2353K new bits offs: 19 T: 0.00
c o [rdb] cls before: 38334 after: 27957 low lbd: 877 lbd cutoff: 2 target computed: 20000 cannot be del : 112 used: 18460 rdb: 3040
c o [mem] consolidate  old-sz: 8687K new-sz: 2484K new bits offs: 19 T: 0.00
c o [rdb] cls before: 38476 after: 28753 low lbd: 877 lbd cutoff: 2 target computed: 20000 cannot be del : 59 used: 20305 rdb: 3043
c o [rdb] cls before: 38911 after: 28728 low lbd: 877 lbd cutoff: 2 target computed: 20000 cannot be del : 55 used: 20186 rdb: 3046
c o [mem] consolidate  old-sz: 8811K new-sz: 2521K new bits offs: 19 T: 0.00
c o [rdb] cls before: 38611 after: 28407 low lbd: 878 lbd cutoff: 2 target computed: 20000 cannot be del : 35 used: 19697 rdb: 3049
c o [mem] consolidate  old-sz: 7374K new-sz: 2516K new bits offs: 19 T: 0.00
c o [rdb] cls before: 38442 after: 28594 low lbd: 879 lbd cutoff: 2 target computed: 20000 cannot be del : 87 used: 19560 rdb: 3052
c o [mem] consolidate  old-sz: 8821K new-sz: 2508K new bits offs: 19 T: 0.00
c o [rdb] cls before: 38899 after: 29216 low lbd: 880 lbd cutoff: 2 target computed: 20000 cannot be del : 61 used: 20113 rdb: 3055
c o [mem] consolidate  old-sz: 9035K new-sz: 2590K new bits offs: 19 T: 0.00
c o [rdb] cls before: 39365 after: 28928 low lbd: 880 lbd cutoff: 2 target computed: 20000 cannot be del : 128 used: 19466 rdb: 3058
c o [mem] consolidate  old-sz: 7630K new-sz: 2642K new bits offs: 19 T: 0.00
c o [rdb] cls before: 38701 after: 27622 low lbd: 881 lbd cutoff: 2 target computed: 20000 cannot be del : 58 used: 18722 rdb: 3061
c o [mem] consolidate  old-sz: 7393K new-sz: 2482K new bits offs: 19 T: 0.00
c o [rdb] cls before: 38115 after: 28136 low lbd: 881 lbd cutoff: 2 target computed: 20000 cannot be del : 87 used: 18899 rdb: 3064
c o [rdb] cls before: 38144 after: 28096 low lbd: 882 lbd cutoff: 2 target computed: 20000 cannot be del : 49 used: 19182 rdb: 3067
c o [mem] consolidate  old-sz: 8962K new-sz: 2471K new bits offs: 19 T: 0.00
c o [rdb] cls before: 38492 after: 28083 low lbd: 884 lbd cutoff: 2 target computed: 20000 cannot be del : 115 used: 18565 rdb: 3070
c o [mem] consolidate  old-sz: 7337K new-sz: 2513K new bits offs: 19 T: 0.00
c o [rdb] cls before: 37684 after: 28270 low lbd: 887 lbd cutoff: 2 target computed: 20000 cannot be del : 92 used: 18571 rdb: 3073
c o [mem] consolidate  old-sz: 8928K new-sz: 2498K new bits offs: 19 T: 0.00
c o [rdb] cls before: 38179 after: 28496 low lbd: 887 lbd cutoff: 2 target computed: 20000 cannot be del : 87 used: 19245 rdb: 3076
c o [mem] consolidate  old-sz: 9008K new-sz: 2575K new bits offs: 19 T: 0.00
c o [rdb] cls before: 38833 after: 28795 low lbd: 888 lbd cutoff: 2 target computed: 20000 cannot be del : 117 used: 19999 rdb: 3079
c o [mem] consolidate  old-sz: 7395K new-sz: 2540K new bits offs: 19 T: 0.00
c o [rdb] cls before: 38814 after: 28661 low lbd: 891 lbd cutoff: 2 target computed: 20000 cannot be del : 111 used: 19076 rdb: 3082
c o [mem] consolidate  old-sz: 7407K new-sz: 2549K new bits offs: 19 T: 0.00
c o [rdb] cls before: 38575 after: 28527 low lbd: 892 lbd cutoff: 2 target computed: 20000 cannot be del : 84 used: 19512 rdb: 3085
c o [rdb] cls before: 39008 after: 28765 low lbd: 892 lbd cutoff: 2 target computed: 20000 cannot be del : 75 used: 19246 rdb: 3088
c o [mem] consolidate  old-sz: 9016K new-sz: 2562K new bits offs: 19 T: 0.00
c o [rdb] cls before: 38165 after: 28188 low lbd: 892 lbd cutoff: 2 target computed: 20000 cannot be del : 70 used: 18428 rdb: 3091
c o [mem] consolidate  old-sz: 7511K new-sz: 2544K new bits offs: 19 T: 0.00
c o [rdb] cls before: 38406 after: 28284 low lbd: 894 lbd cutoff: 2 target computed: 20000 cannot be del : 90 used: 18671 rdb: 3094
c o [mem] consolidate  old-sz: 9129K new-sz: 2614K new bits offs: 19 T: 0.00
c o [rdb] cls before: 38460 after: 27464 low lbd: 896 lbd cutoff: 2 target computed: 20000 cannot be del : 63 used: 18410 rdb: 3097
c o [mem] consolidate  old-sz: 7451K new-sz: 2514K new bits offs: 19 T: 0.00
c o [rdb] cls before: 37694 after: 27695 low lbd: 896 lbd cutoff: 2 target computed: 20000 cannot be del : 57 used: 18437 rdb: 3100
c o [mem] consolidate  old-sz: 9056K new-sz: 2461K new bits offs: 19 T: 0.00
c o [rdb] cls before: 38071 after: 27747 low lbd: 901 lbd cutoff: 2 target computed: 20000 cannot be del : 84 used: 18844 rdb: 3103
c o [mem] consolidate  old-sz: 7277K new-sz: 2482K new bits offs: 19 T: 0.00
c o [rdb] cls before: 37889 after: 28784 low lbd: 903 lbd cutoff: 2 target computed: 20000 cannot be del : 80 used: 20155 rdb: 3106
c o [rdb] cls before: 37913 after: 28010 low lbd: 905 lbd cutoff: 2 target computed: 20000 cannot be del : 79 used: 18962 rdb: 3109
c o [mem] consolidate  old-sz: 8945K new-sz: 2515K new bits offs: 19 T: 0.00
c o [rdb] cls before: 38332 after: 28134 low lbd: 906 lbd cutoff: 2 target computed: 20000 cannot be del : 90 used: 18353 rdb: 3112
c o [mem] consolidate  old-sz: 9145K new-sz: 2552K new bits offs: 19 T: 0.00
c o [rdb] cls before: 38544 after: 28040 low lbd: 906 lbd cutoff: 2 target computed: 20000 cannot be del : 81 used: 18947 rdb: 3115
c o [mem] consolidate  old-sz: 7581K new-sz: 2599K new bits offs: 19 T: 0.00
c o [rdb] cls before: 38512 after: 27821 low lbd: 907 lbd cutoff: 2 target computed: 20000 cannot be del : 91 used: 18281 rdb: 3118
c o [mem] consolidate  old-sz: 9253K new-sz: 2601K new bits offs: 19 T: 0.00
c o [rdb] cls before: 38734 after: 27825 low lbd: 907 lbd cutoff: 2 target computed: 20000 cannot be del : 72 used: 17891 rdb: 3121
c o [mem] consolidate  old-sz: 7540K new-sz: 2491K new bits offs: 19 T: 0.00
c o [rdb] cls before: 38277 after: 28957 low lbd: 909 lbd cutoff: 2 target computed: 20000 cannot be del : 89 used: 19871 rdb: 3124
c o [mem] consolidate  old-sz: 7462K new-sz: 2463K new bits offs: 19 T: 0.00
c o [rdb] cls before: 38099 after: 28809 low lbd: 911 lbd cutoff: 2 target computed: 20000 cannot be del : 114 used: 19591 rdb: 3127
c o [rdb] cls before: 38725 after: 28274 low lbd: 912 lbd cutoff: 2 target computed: 20000 cannot be del : 53 used: 18194 rdb: 3130
c o [mem] consolidate  old-sz: 9188K new-sz: 2537K new bits offs: 19 T: 0.00
c o [rdb] cls before: 38930 after: 28358 low lbd: 914 lbd cutoff: 2 target computed: 20000 cannot be del : 52 used: 19181 rdb: 3133
c o [mem] consolidate  old-sz: 9145K new-sz: 2534K new bits offs: 19 T: 0.00
c o [rdb] cls before: 37500 after: 27596 low lbd: 915 lbd cutoff: 2 target computed: 20000 cannot be del : 98 used: 18408 rdb: 3136
c o [mem] consolidate  old-sz: 7165K new-sz: 2423K new bits offs: 19 T: 0.00
c o [rdb] cls before: 37087 after: 28161 low lbd: 917 lbd cutoff: 2 target computed: 20000 cannot be del : 101 used: 19109 rdb: 3139
c o [mem] consolidate  old-sz: 7123K new-sz: 2453K new bits offs: 19 T: 0.00
c o [rdb] cls before: 37730 after: 28528 low lbd: 917 lbd cutoff: 2 target computed: 20000 cannot be del : 70 used: 19524 rdb: 3142
c o [mem] consolidate  old-sz: 7359K new-sz: 2508K new bits offs: 19 T: 0.00
c o [rdb] cls before: 38467 after: 28163 low lbd: 917 lbd cutoff: 2 target computed: 20000 cannot be del : 125 used: 18559 rdb: 3145
c o [mem] consolidate  old-sz: 9294K new-sz: 2632K new bits offs: 19 T: 0.00
c o [rdb] cls before: 38486 after: 27923 low lbd: 918 lbd cutoff: 2 target computed: 20000 cannot be del : 89 used: 19190 rdb: 3148
c o [mem] consolidate  old-sz: 7427K new-sz: 2449K new bits offs: 19 T: 0.00
c o [rdb] cls before: 37912 after: 27741 low lbd: 919 lbd cutoff: 2 target computed: 20000 cannot be del : 105 used: 19140 rdb: 3151
c o [rdb] cls before: 38061 after: 28018 low lbd: 920 lbd cutoff: 2 target computed: 20000 cannot be del : 118 used: 18359 rdb: 3154
c o [mem] consolidate  old-sz: 8889K new-sz: 2524K new bits offs: 19 T: 0.00
c o [rdb] cls before: 37552 after: 28090 low lbd: 921 lbd cutoff: 2 target computed: 20000 cannot be del : 103 used: 19075 rdb: 3157
c o [mem] consolidate  old-sz: 9081K new-sz: 2566K new bits offs: 19 T: 0.00
c o [rdb] cls before: 38518 after: 27487 low lbd: 923 lbd cutoff: 2 target computed: 20000 cannot be del : 80 used: 18384 rdb: 3160
c o [mem] consolidate  old-sz: 9070K new-sz: 2568K new bits offs: 19 T: 0.00
c o [rdb] cls before: 38554 after: 28786 low lbd: 925 lbd cutoff: 2 target computed: 20000 cannot be del : 109 used: 19948 rdb: 3163
c o [mem] consolidate  old-sz: 7486K new-sz: 2579K new bits offs: 19 T: 0.00
c o [rdb] cls before: 38491 after: 28251 low lbd: 926 lbd cutoff: 2 target computed: 20000 cannot be del : 115 used: 18457 rdb: 3166
c o [mem] consolidate  old-sz: 7490K new-sz: 2396K new bits offs: 19 T: 0.00
c o [rdb] cls before: 37769 after: 28376 low lbd: 929 lbd cutoff: 2 target computed: 20000 cannot be del : 114 used: 18849 rdb: 3169
c o [rdb] cls before: 38188 after: 28648 low lbd: 931 lbd cutoff: 2 target computed: 20000 cannot be del : 81 used: 18983 rdb: 3172
c o [mem] consolidate  old-sz: 8784K new-sz: 2563K new bits offs: 19 T: 0.00
c o [rdb] cls before: 38545 after: 28555 low lbd: 931 lbd cutoff: 2 target computed: 20000 cannot be del : 62 used: 18798 rdb: 3175
c o [mem] consolidate  old-sz: 7300K new-sz: 2510K new bits offs: 19 T: 0.00
c o [rdb] cls before: 38781 after: 28145 low lbd: 931 lbd cutoff: 2 target computed: 20000 cannot be del : 93 used: 19060 rdb: 3178
c o [mem] consolidate  old-sz: 7443K new-sz: 2488K new bits offs: 19 T: 0.00
c o [rdb] cls before: 38582 after: 28472 low lbd: 932 lbd cutoff: 2 target computed: 20000 cannot be del : 66 used: 20296 rdb: 3181
c o [mem] consolidate  old-sz: 8865K new-sz: 2414K new bits offs: 19 T: 0.00
c o [rdb] cls before: 38616 after: 28547 low lbd: 934 lbd cutoff: 2 target computed: 20000 cannot be del : 84 used: 18787 rdb: 3184
c o [mem] consolidate  old-sz: 8991K new-sz: 2585K new bits offs: 19 T: 0.00
c o [rdb] cls before: 38851 after: 28422 low lbd: 935 lbd cutoff: 2 target computed: 20000 cannot be del : 112 used: 18748 rdb: 3187
c o [mem] consolidate  old-sz: 7466K new-sz: 2478K new bits offs: 19 T: 0.00
c o [rdb] cls before: 38470 after: 27982 low lbd: 935 lbd cutoff: 2 target computed: 20000 cannot be del : 99 used: 17943 rdb: 3190
c o [mem] consolidate  old-sz: 7498K new-sz: 2614K new bits offs: 19 T: 0.00
c o [rdb] cls before: 38080 after: 27902 low lbd: 935 lbd cutoff: 2 target computed: 20000 cannot be del : 104 used: 19562 rdb: 3193
c o [mem] consolidate  old-sz: 7511K new-sz: 2518K new bits offs: 19 T: 0.00
c o [rdb] cls before: 38021 after: 27329 low lbd: 937 lbd cutoff: 2 target computed: 20000 cannot be del : 99 used: 17448 rdb: 3196
c o [rdb] cls before: 38280 after: 28418 low lbd: 938 lbd cutoff: 2 target computed: 20000 cannot be del : 41 used: 19836 rdb: 3199
c o [mem] consolidate  old-sz: 9100K new-sz: 2596K new bits offs: 19 T: 0.00
c o [rdb] cls before: 38911 after: 28318 low lbd: 938 lbd cutoff: 2 target computed: 20000 cannot be del : 78 used: 20286 rdb: 3202
c o [mem] consolidate  old-sz: 7532K new-sz: 2530K new bits offs: 19 T: 0.00
c o [rdb] cls before: 37769 after: 28137 low lbd: 940 lbd cutoff: 2 target computed: 20000 cannot be del : 88 used: 18762 rdb: 3205
c o [mem] consolidate  old-sz: 7180K new-sz: 2443K new bits offs: 19 T: 0.00
c o [rdb] cls before: 37570 after: 28208 low lbd: 942 lbd cutoff: 2 target computed: 20000 cannot be del : 52 used: 18874 rdb: 3208
c o [mem] consolidate  old-sz: 8941K new-sz: 2561K new bits offs: 19 T: 0.00
c o [rdb] cls before: 38617 after: 28116 low lbd: 942 lbd cutoff: 2 target computed: 20000 cannot be del : 105 used: 18501 rdb: 3211
c o [mem] consolidate  old-sz: 9096K new-sz: 2487K new bits offs: 19 T: 0.00
c o [rdb] cls before: 38118 after: 28102 low lbd: 943 lbd cutoff: 2 target computed: 20000 cannot be del : 82 used: 18170 rdb: 3214
c o [mem] consolidate  old-sz: 7407K new-sz: 2499K new bits offs: 19 T: 0.00
c o [rdb] cls before: 38086 after: 28032 low lbd: 946 lbd cutoff: 2 target computed: 20000 cannot be del : 67 used: 18795 rdb: 3217
c o [mem] consolidate  old-sz: 7317K new-sz: 2422K new bits offs: 19 T: 0.00
c o [rdb] cls before: 37494 after: 27916 low lbd: 947 lbd cutoff: 2 target computed: 20000 cannot be del : 82 used: 19130 rdb: 3220
c o [rdb] cls before: 38082 after: 27837 low lbd: 947 lbd cutoff: 2 target computed: 20000 cannot be del : 60 used: 18119 rdb: 3223
c o [mem] consolidate  old-sz: 8998K new-sz: 2527K new bits offs: 19 T: 0.00
c o [rdb] cls before: 38634 after: 28548 low lbd: 950 lbd cutoff: 2 target computed: 20000 cannot be del : 64 used: 19037 rdb: 3226
c o [mem] consolidate  old-sz: 9238K new-sz: 2549K new bits offs: 19 T: 0.00
c o [rdb] cls before: 37640 after: 28661 low lbd: 953 lbd cutoff: 2 target computed: 20000 cannot be del : 112 used: 19635 rdb: 3229
c o [mem] consolidate  old-sz: 7363K new-sz: 2503K new bits offs: 19 T: 0.00
c o [rdb] cls before: 38688 after: 27900 low lbd: 954 lbd cutoff: 2 target computed: 20000 cannot be del : 81 used: 17721 rdb: 3232
c o [mem] consolidate  old-sz: 9197K new-sz: 2602K new bits offs: 19 T: 0.00
c o [rdb] cls before: 38666 after: 28970 low lbd: 955 lbd cutoff: 2 target computed: 20000 cannot be del : 82 used: 19589 rdb: 3235
c o [mem] consolidate  old-sz: 7602K new-sz: 2443K new bits offs: 19 T: 0.00
c o [rdb] cls before: 38150 after: 28261 low lbd: 956 lbd cutoff: 2 target computed: 20000 cannot be del : 86 used: 18925 rdb: 3238
c o [rdb] cls before: 38801 after: 28543 low lbd: 957 lbd cutoff: 2 target computed: 20000 cannot be del : 49 used: 19876 rdb: 3241
c o [mem] consolidate  old-sz: 8891K new-sz: 2421K new bits offs: 19 T: 0.00
c o [rdb] cls before: 39174 after: 28906 low lbd: 957 lbd cutoff: 2 target computed: 20000 cannot be del : 92 used: 19307 rdb: 3244
c o [mem] consolidate  old-sz: 9070K new-sz: 2685K new bits offs: 19 T: 0.00
c o [rdb] cls before: 38739 after: 28831 low lbd: 959 lbd cutoff: 2 target computed: 20000 cannot be del : 70 used: 19010 rdb: 3247
c o [mem] consolidate  old-sz: 9270K new-sz: 2446K new bits offs: 19 T: 0.00
c o [rdb] cls before: 38613 after: 28958 low lbd: 960 lbd cutoff: 2 target computed: 20000 cannot be del : 107 used: 19016 rdb: 3250
c o [rdb] cls before: 39553 after: 28940 low lbd: 962 lbd cutoff: 2 target computed: 20000 cannot be del : 27 used: 19003 rdb: 3253
c o [mem] consolidate  old-sz: 8968K new-sz: 2556K new bits offs: 19 T: 0.00
c o [rdb] cls before: 38719 after: 28810 low lbd: 964 lbd cutoff: 2 target computed: 20000 cannot be del : 113 used: 19904 rdb: 3256
c o [mem] consolidate  old-sz: 7344K new-sz: 2473K new bits offs: 19 T: 0.00
c o [rdb] cls before: 38621 after: 29267 low lbd: 967 lbd cutoff: 2 target computed: 20000 cannot be del : 84 used: 19771 rdb: 3259
c o [mem] consolidate  old-sz: 9076K new-sz: 2553K new bits offs: 19 T: 0.00
c o [rdb] cls before: 38379 after: 27907 low lbd: 967 lbd cutoff: 2 target computed: 20000 cannot be del : 43 used: 18885 rdb: 3262
c o [mem] consolidate  old-sz: 7563K new-sz: 2582K new bits offs: 19 T: 0.00
c o [rdb] cls before: 38915 after: 28673 low lbd: 967 lbd cutoff: 2 target computed: 20000 cannot be del : 120 used: 20654 rdb: 3265
c o [mem] consolidate  old-sz: 7527K new-sz: 2525K new bits offs: 19 T: 0.00
c o [rdb] cls before: 38143 after: 28463 low lbd: 969 lbd cutoff: 2 target computed: 20000 cannot be del : 46 used: 19998 rdb: 3268
c o [mem] consolidate  old-sz: 9151K new-sz: 2522K new bits offs: 19 T: 0.00
c o [rdb] cls before: 38631 after: 28715 low lbd: 969 lbd cutoff: 2 target computed: 20000 cannot be del : 72 used: 19895 rdb: 3271
c o [mem] consolidate  old-sz: 7116K new-sz: 2380K new bits offs: 19 T: 0.00
c o [rdb] cls before: 38494 after: 28822 low lbd: 971 lbd cutoff: 2 target computed: 20000 cannot be del : 56 used: 20009 rdb: 3274
c o [rdb] cls before: 38668 after: 29013 low lbd: 975 lbd cutoff: 2 target computed: 20000 cannot be del : 69 used: 19454 rdb: 3277
c o [mem] consolidate  old-sz: 8498K new-sz: 2554K new bits offs: 19 T: 0.00
c o [rdb] cls before: 38925 after: 28225 low lbd: 977 lbd cutoff: 2 target computed: 20000 cannot be del : 133 used: 17906 rdb: 3280
c o [mem] consolidate  old-sz: 7188K new-sz: 2441K new bits offs: 19 T: 0.00
c o [rdb] cls before: 38592 after: 28229 low lbd: 978 lbd cutoff: 2 target computed: 20000 cannot be del : 78 used: 18905 rdb: 3283
c o [mem] consolidate  old-sz: 8425K new-sz: 2356K new bits offs: 19 T: 0.00
c o [rdb] cls before: 39059 after: 28687 low lbd: 979 lbd cutoff: 2 target computed: 20000 cannot be del : 70 used: 19229 rdb: 3286
c o [mem] consolidate  old-sz: 6914K new-sz: 2462K new bits offs: 19 T: 0.00
c o [rdb] cls before: 38492 after: 28388 low lbd: 979 lbd cutoff: 2 target computed: 20000 cannot be del : 78 used: 18375 rdb: 3289
c o [mem] consolidate  old-sz: 7030K new-sz: 2342K new bits offs: 19 T: 0.00
c o [rdb] cls before: 38534 after: 28461 low lbd: 979 lbd cutoff: 2 target computed: 20000 cannot be del : 85 used: 18504 rdb: 3292
c o [mem] consolidate  old-sz: 8628K new-sz: 2392K new bits offs: 19 T: 0.00
c o [rdb] cls before: 38137 after: 28285 low lbd: 979 lbd cutoff: 2 target computed: 20000 cannot be del : 69 used: 18315 rdb: 3295
c o [rdb] cls before: 38273 after: 27999 low lbd: 980 lbd cutoff: 2 target computed: 20000 cannot be del : 57 used: 18766 rdb: 3298
c o [mem] consolidate  old-sz: 8701K new-sz: 2473K new bits offs: 19 T: 0.00
c o [rdb] cls before: 38198 after: 28141 low lbd: 983 lbd cutoff: 2 target computed: 20000 cannot be del : 79 used: 19706 rdb: 3301
c o [mem] consolidate  old-sz: 8765K new-sz: 2358K new bits offs: 19 T: 0.00
c o [rdb] cls before: 38118 after: 28255 low lbd: 984 lbd cutoff: 2 target computed: 20000 cannot be del : 47 used: 19282 rdb: 3304
c o [mem] consolidate  old-sz: 8503K new-sz: 2292K new bits offs: 19 T: 0.00
c o [rdb] cls before: 37199 after: 27779 low lbd: 987 lbd cutoff: 2 target computed: 20000 cannot be del : 102 used: 18714 rdb: 3307
c o [rdb] cls before: 38342 after: 27612 low lbd: 988 lbd cutoff: 2 target computed: 20000 cannot be del : 53 used: 18535 rdb: 3310
c o [mem] consolidate  old-sz: 8576K new-sz: 2374K new bits offs: 19 T: 0.00
c o [rdb] cls before: 37789 after: 28529 low lbd: 988 lbd cutoff: 2 target computed: 20000 cannot be del : 59 used: 19318 rdb: 3313
c o [mem] consolidate  old-sz: 8838K new-sz: 2553K new bits offs: 19 T: 0.00
c o [rdb] cls before: 38377 after: 28103 low lbd: 988 lbd cutoff: 2 target computed: 20000 cannot be del : 150 used: 18331 rdb: 3316
c o [mem] consolidate  old-sz: 8948K new-sz: 2495K new bits offs: 19 T: 0.00
c o [rdb] cls before: 37753 after: 28069 low lbd: 988 lbd cutoff: 2 target computed: 20000 cannot be del : 64 used: 18861 rdb: 3319
c o [rdb] cls before: 37973 after: 28329 low lbd: 988 lbd cutoff: 2 target computed: 20000 cannot be del : 61 used: 19824 rdb: 3322
c o [mem] consolidate  old-sz: 9057K new-sz: 2674K new bits offs: 19 T: 0.00
c o [rdb] cls before: 36538 after: 27043 low lbd: 988 lbd cutoff: 2 target computed: 20000 cannot be del : 79 used: 18543 rdb: 3325
c o [mem] consolidate  old-sz: 7359K new-sz: 2358K new bits offs: 19 T: 0.00
c o [rdb] cls before: 36886 after: 27188 low lbd: 988 lbd cutoff: 2 target computed: 20000 cannot be del : 98 used: 18745 rdb: 3328
c o [mem] consolidate  old-sz: 8530K new-sz: 2322K new bits offs: 19 T: 0.00
c o [rdb] cls before: 36938 after: 27425 low lbd: 988 lbd cutoff: 2 target computed: 20000 cannot be del : 65 used: 18133 rdb: 3331
c o [mem] consolidate  old-sz: 8809K new-sz: 2507K new bits offs: 19 T: 0.00
c o [rdb] cls before: 38098 after: 27265 low lbd: 988 lbd cutoff: 2 target computed: 20000 cannot be del : 59 used: 18179 rdb: 3334
c o [mem] consolidate  old-sz: 7155K new-sz: 2420K new bits offs: 19 T: 0.00
c o [rdb] cls before: 37393 after: 27489 low lbd: 988 lbd cutoff: 2 target computed: 20000 cannot be del : 87 used: 18833 rdb: 3337
c o [rdb] cls before: 37797 after: 27620 low lbd: 988 lbd cutoff: 2 target computed: 20000 cannot be del : 67 used: 20152 rdb: 3340
c o [mem] consolidate  old-sz: 8591K new-sz: 2312K new bits offs: 19 T: 0.00
c o [rdb] cls before: 37913 after: 28115 low lbd: 988 lbd cutoff: 2 target computed: 20000 cannot be del : 85 used: 19019 rdb: 3343
c o [mem] consolidate  old-sz: 8331K new-sz: 2356K new bits offs: 19 T: 0.00
c o [rdb] cls before: 37829 after: 28029 low lbd: 991 lbd cutoff: 2 target computed: 20000 cannot be del : 77 used: 18434 rdb: 3346
c o [mem] consolidate  old-sz: 6977K new-sz: 2415K new bits offs: 19 T: 0.00
c o [rdb] cls before: 38486 after: 27638 low lbd: 993 lbd cutoff: 2 target computed: 20000 cannot be del : 63 used: 18088 rdb: 3349
c o [mem] consolidate  old-sz: 8486K new-sz: 2424K new bits offs: 19 T: 0.00
c o [rdb] cls before: 38363 after: 28559 low lbd: 994 lbd cutoff: 2 target computed: 20000 cannot be del : 39 used: 19251 rdb: 3352
c o [mem] consolidate  old-sz: 6959K new-sz: 2405K new bits offs: 19 T: 0.00
c o [rdb] cls before: 38345 after: 28468 low lbd: 995 lbd cutoff: 2 target computed: 20000 cannot be del : 42 used: 18838 rdb: 3355
c o [mem] consolidate  old-sz: 6899K new-sz: 2364K new bits offs: 19 T: 0.00
c o [rdb] cls before: 38210 after: 28205 low lbd: 995 lbd cutoff: 2 target computed: 20000 cannot be del : 98 used: 19046 rdb: 3358
c o [mem] consolidate  old-sz: 6944K new-sz: 2384K new bits offs: 19 T: 0.00
c o [rdb] cls before: 38045 after: 28370 low lbd: 996 lbd cutoff: 2 target computed: 20000 cannot be del : 50 used: 18506 rdb: 3361
c o [mem] consolidate  old-sz: 7091K new-sz: 2387K new bits offs: 19 T: 0.00
c o [rdb] cls before: 37844 after: 28230 low lbd: 996 lbd cutoff: 2 target computed: 20000 cannot be del : 62 used: 18635 rdb: 3364
c o [mem] consolidate  old-sz: 7117K new-sz: 2410K new bits offs: 19 T: 0.00
c o [rdb] cls before: 37781 after: 27763 low lbd: 999 lbd cutoff: 2 target computed: 20000 cannot be del : 86 used: 19481 rdb: 3367
c o [rdb] cls before: 37910 after: 27618 low lbd: 999 lbd cutoff: 2 target computed: 20000 cannot be del : 92 used: 18407 rdb: 3370
c o [mem] consolidate  old-sz: 8705K new-sz: 2395K new bits offs: 19 T: 0.00
c o [rdb] cls before: 38161 after: 27996 low lbd: 1000 lbd cutoff: 2 target computed: 20000 cannot be del : 77 used: 18952 rdb: 3373
c o [mem] consolidate  old-sz: 8762K new-sz: 2432K new bits offs: 19 T: 0.00
c o [rdb] cls before: 38600 after: 28466 low lbd: 1000 lbd cutoff: 2 target computed: 20000 cannot be del : 72 used: 20180 rdb: 3376
c o [mem] consolidate  old-sz: 6994K new-sz: 2318K new bits offs: 19 T: 0.00
c o [rdb] cls before: 38377 after: 28566 low lbd: 1001 lbd cutoff: 2 target computed: 20000 cannot be del : 49 used: 19292 rdb: 3379
c o [mem] consolidate  old-sz: 8630K new-sz: 2536K new bits offs: 19 T: 0.00
c o [rdb] cls before: 39108 after: 29015 low lbd: 1001 lbd cutoff: 2 target computed: 20000 cannot be del : 38 used: 19970 rdb: 3382
c o [mem] consolidate  old-sz: 7292K new-sz: 2412K new bits offs: 19 T: 0.00
c o [rdb] cls before: 38037 after: 28340 low lbd: 1002 lbd cutoff: 2 target computed: 20000 cannot be del : 55 used: 19028 rdb: 3385
c o [rdb] cls before: 38874 after: 28461 low lbd: 1003 lbd cutoff: 2 target computed: 20000 cannot be del : 103 used: 19612 rdb: 3388
c o [mem] consolidate  old-sz: 8607K new-sz: 2397K new bits offs: 19 T: 0.00
c o [rdb] cls before: 38463 after: 28467 low lbd: 1004 lbd cutoff: 2 target computed: 20000 cannot be del : 92 used: 19424 rdb: 3391
c o [mem] consolidate  old-sz: 8583K new-sz: 2481K new bits offs: 19 T: 0.00
c o [rdb] cls before: 38264 after: 28466 low lbd: 1008 lbd cutoff: 2 target computed: 20000 cannot be del : 64 used: 19783 rdb: 3394
c o [mem] consolidate  old-sz: 7133K new-sz: 2424K new bits offs: 19 T: 0.00
c o [rdb] cls before: 38766 after: 28743 low lbd: 1008 lbd cutoff: 2 target computed: 20000 cannot be del : 60 used: 19095 rdb: 3397
c o [mem] consolidate  old-sz: 8569K new-sz: 2412K new bits offs: 19 T: 0.00
c o [rdb] cls before: 38126 after: 27939 low lbd: 1010 lbd cutoff: 2 target computed: 20000 cannot be del : 89 used: 17960 rdb: 3400
c o [mem] consolidate  old-sz: 6989K new-sz: 2373K new bits offs: 19 T: 0.00
c o [rdb] cls before: 37940 after: 28614 low lbd: 1010 lbd cutoff: 2 target computed: 20000 cannot be del : 88 used: 19264 rdb: 3403
c o [rdb] cls before: 38162 after: 28315 low lbd: 1010 lbd cutoff: 2 target computed: 20000 cannot be del : 66 used: 18838 rdb: 3406
c o [mem] consolidate  old-sz: 8503K new-sz: 2390K new bits offs: 19 T: 0.00
c o [rdb] cls before: 38257 after: 28517 low lbd: 1014 lbd cutoff: 2 target computed: 20000 cannot be del : 75 used: 18738 rdb: 3409
c o [mem] consolidate  old-sz: 8446K new-sz: 2355K new bits offs: 19 T: 0.00
c o [rdb] cls before: 38893 after: 28055 low lbd: 1017 lbd cutoff: 2 target computed: 20000 cannot be del : 101 used: 17505 rdb: 3412
c o [mem] consolidate  old-sz: 8510K new-sz: 2437K new bits offs: 19 T: 0.00
c o [rdb] cls before: 38495 after: 28460 low lbd: 1017 lbd cutoff: 2 target computed: 20000 cannot be del : 88 used: 18301 rdb: 3415
c o [rdb] cls before: 39025 after: 28399 low lbd: 1021 lbd cutoff: 2 target computed: 20000 cannot be del : 114 used: 18582 rdb: 3418
c o [mem] consolidate  old-sz: 8601K new-sz: 2410K new bits offs: 19 T: 0.00
c o [rdb] cls before: 37798 after: 27295 low lbd: 1023 lbd cutoff: 2 target computed: 20000 cannot be del : 84 used: 18154 rdb: 3421
c o [mem] consolidate  old-sz: 7153K new-sz: 2311K new bits offs: 19 T: 0.00
c o [rdb] cls before: 37670 after: 27158 low lbd: 1024 lbd cutoff: 2 target computed: 20000 cannot be del : 68 used: 17481 rdb: 3424
c o [mem] consolidate  old-sz: 6961K new-sz: 2331K new bits offs: 19 T: 0.00
c o [rdb] cls before: 38057 after: 28090 low lbd: 1025 lbd cutoff: 2 target computed: 20000 cannot be del : 21 used: 18486 rdb: 3427
c o [mem] consolidate  old-sz: 8421K new-sz: 2398K new bits offs: 19 T: 0.00
c o [rdb] cls before: 38272 after: 27353 low lbd: 1027 lbd cutoff: 2 target computed: 20000 cannot be del : 90 used: 17699 rdb: 3430
c o [mem] consolidate  old-sz: 7079K new-sz: 2495K new bits offs: 19 T: 0.00
c o [rdb] cls before: 37796 after: 26930 low lbd: 1028 lbd cutoff: 2 target computed: 20000 cannot be del : 61 used: 17576 rdb: 3433
c o [mem] consolidate  old-sz: 8702K new-sz: 2380K new bits offs: 19 T: 0.00
c o [rdb] cls before: 37077 after: 27769 low lbd: 1028 lbd cutoff: 2 target computed: 20000 cannot be del : 86 used: 18924 rdb: 3436
c o [rdb] cls before: 37983 after: 27948 low lbd: 1031 lbd cutoff: 2 target computed: 20000 cannot be del : 94 used: 18782 rdb: 3439
c o [mem] consolidate  old-sz: 8834K new-sz: 2496K new bits offs: 19 T: 0.00
c o [rdb] cls before: 37210 after: 27616 low lbd: 1032 lbd cutoff: 2 target computed: 20000 cannot be del : 52 used: 18297 rdb: 3442
c o [mem] consolidate  old-sz: 7157K new-sz: 2407K new bits offs: 19 T: 0.00
c o [rdb] cls before: 37476 after: 27682 low lbd: 1033 lbd cutoff: 2 target computed: 20000 cannot be del : 74 used: 18974 rdb: 3445
c o [mem] consolidate  old-sz: 8653K new-sz: 2397K new bits offs: 19 T: 0.00
c o [rdb] cls before: 37976 after: 27965 low lbd: 1035 lbd cutoff: 2 target computed: 20000 cannot be del : 109 used: 18724 rdb: 3448
c o [mem] consolidate  old-sz: 8713K new-sz: 2474K new bits offs: 19 T: 0.00
c o [rdb] cls before: 37895 after: 27697 low lbd: 1037 lbd cutoff: 2 target computed: 20000 cannot be del : 101 used: 18078 rdb: 3451
c o [rdb] cls before: 38019 after: 27580 low lbd: 1037 lbd cutoff: 2 target computed: 20000 cannot be del : 84 used: 17908 rdb: 3454
c o [mem] consolidate  old-sz: 9053K new-sz: 2412K new bits offs: 19 T: 0.00
c o [rdb] cls before: 37724 after: 28050 low lbd: 1038 lbd cutoff: 2 target computed: 20000 cannot be del : 75 used: 19116 rdb: 3457
c o [mem] consolidate  old-sz: 8803K new-sz: 2254K new bits offs: 19 T: 0.00
c o [rdb] cls before: 37630 after: 28071 low lbd: 1041 lbd cutoff: 2 target computed: 20000 cannot be del : 94 used: 18637 rdb: 3460
c o [mem] consolidate  old-sz: 8380K new-sz: 2414K new bits offs: 19 T: 0.00
c o [rdb] cls before: 37972 after: 27898 low lbd: 1043 lbd cutoff: 2 target computed: 20000 cannot be del : 80 used: 18353 rdb: 3463
c o [mem] consolidate  old-sz: 7104K new-sz: 2349K new bits offs: 19 T: 0.00
c o [rdb] cls before: 37285 after: 27695 low lbd: 1043 lbd cutoff: 2 target computed: 20000 cannot be del : 57 used: 18284 rdb: 3466
c o [rdb] cls before: 38189 after: 27875 low lbd: 1045 lbd cutoff: 2 target computed: 20000 cannot be del : 93 used: 18765 rdb: 3469
c o [mem] consolidate  old-sz: 8688K new-sz: 2434K new bits offs: 19 T: 0.00
c o [rdb] cls before: 38114 after: 28467 low lbd: 1047 lbd cutoff: 2 target computed: 20000 cannot be del : 77 used: 19364 rdb: 3472
c o [mem] consolidate  old-sz: 8851K new-sz: 2562K new bits offs: 19 T: 0.00
c o [rdb] cls before: 38123 after: 28201 low lbd: 1049 lbd cutoff: 2 target computed: 20000 cannot be del : 84 used: 19228 rdb: 3475
c o [mem] consolidate  old-sz: 8941K new-sz: 2509K new bits offs: 19 T: 0.00
c o [rdb] cls before: 38411 after: 28259 low lbd: 1049 lbd cutoff: 2 target computed: 20000 cannot be del : 101 used: 18758 rdb: 3478
c o [mem] consolidate  old-sz: 7081K new-sz: 2363K new bits offs: 19 T: 0.00
c o [rdb] cls before: 37704 after: 28052 low lbd: 1050 lbd cutoff: 2 target computed: 20000 cannot be del : 31 used: 19727 rdb: 3481
c o [rdb] cls before: 38130 after: 28111 low lbd: 1052 lbd cutoff: 2 target computed: 20000 cannot be del : 92 used: 19528 rdb: 3484
c o [mem] consolidate  old-sz: 8373K new-sz: 2358K new bits offs: 19 T: 0.00
c o [rdb] cls before: 38353 after: 28282 low lbd: 1054 lbd cutoff: 2 target computed: 20000 cannot be del : 58 used: 18889 rdb: 3487
c o [mem] consolidate  old-sz: 8480K new-sz: 2416K new bits offs: 19 T: 0.00
c o [rdb] cls before: 38362 after: 28302 low lbd: 1056 lbd cutoff: 2 target computed: 20000 cannot be del : 71 used: 18466 rdb: 3490
c o [mem] consolidate  old-sz: 8641K new-sz: 2416K new bits offs: 19 T: 0.00
c o [rdb] cls before: 37667 after: 27430 low lbd: 1058 lbd cutoff: 2 target computed: 20000 cannot be del : 88 used: 18216 rdb: 3493
c o [rdb] cls before: 38280 after: 28131 low lbd: 1059 lbd cutoff: 2 target computed: 20000 cannot be del : 89 used: 19768 rdb: 3496
c o [mem] consolidate  old-sz: 8427K new-sz: 2328K new bits offs: 19 T: 0.00
c o [rdb] cls before: 38210 after: 27979 low lbd: 1062 lbd cutoff: 2 target computed: 20000 cannot be del : 42 used: 18733 rdb: 3499
c o [mem] consolidate  old-sz: 6919K new-sz: 2372K new bits offs: 19 T: 0.00
c o [rdb] cls before: 38348 after: 27837 low lbd: 1064 lbd cutoff: 2 target computed: 20000 cannot be del : 87 used: 19813 rdb: 3502
c o [mem] consolidate  old-sz: 6938K new-sz: 2254K new bits offs: 19 T: 0.00
c o [rdb] cls before: 38229 after: 28129 low lbd: 1067 lbd cutoff: 2 target computed: 20000 cannot be del : 106 used: 19409 rdb: 3505
c o [mem] consolidate  old-sz: 8359K new-sz: 2354K new bits offs: 19 T: 0.00
c o [rdb] cls before: 38617 after: 28385 low lbd: 1069 lbd cutoff: 2 target computed: 20000 cannot be del : 48 used: 20251 rdb: 3508
c o [mem] consolidate  old-sz: 8477K new-sz: 2427K new bits offs: 19 T: 0.00
c o [rdb] cls before: 38696 after: 28848 low lbd: 1071 lbd cutoff: 2 target computed: 20000 cannot be del : 79 used: 20255 rdb: 3511
c o [mem] consolidate  old-sz: 7237K new-sz: 2513K new bits offs: 19 T: 0.00
c o [rdb] cls before: 38689 after: 28544 low lbd: 1072 lbd cutoff: 2 target computed: 20000 cannot be del : 108 used: 18418 rdb: 3514
c o [mem] consolidate  old-sz: 7014K new-sz: 2315K new bits offs: 19 T: 0.00
c o [rdb] cls before: 38301 after: 28574 low lbd: 1075 lbd cutoff: 2 target computed: 20000 cannot be del : 104 used: 18406 rdb: 3517
c o [rdb] cls before: 38608 after: 28521 low lbd: 1077 lbd cutoff: 2 target computed: 20000 cannot be del : 115 used: 18933 rdb: 3520
c o [mem] consolidate  old-sz: 8433K new-sz: 2369K new bits offs: 19 T: 0.00
c o [rdb] cls before: 39025 after: 28638 low lbd: 1078 lbd cutoff: 2 target computed: 20000 cannot be del : 53 used: 19644 rdb: 3523
c o [mem] consolidate  old-sz: 8451K new-sz: 2412K new bits offs: 19 T: 0.00
c o [rdb] cls before: 38700 after: 28737 low lbd: 1081 lbd cutoff: 2 target computed: 20000 cannot be del : 97 used: 18818 rdb: 3526
c o [mem] consolidate  old-sz: 8637K new-sz: 2439K new bits offs: 19 T: 0.00
c o [rdb] cls before: 38731 after: 28992 low lbd: 1082 lbd cutoff: 2 target computed: 20000 cannot be del : 78 used: 19479 rdb: 3529
c o [mem] consolidate  old-sz: 7159K new-sz: 2488K new bits offs: 19 T: 0.00
c o [rdb] cls before: 38526 after: 28769 low lbd: 1084 lbd cutoff: 2 target computed: 20000 cannot be del : 57 used: 19596 rdb: 3532
c o [mem] consolidate  old-sz: 7282K new-sz: 2501K new bits offs: 19 T: 0.00
c o [rdb] cls before: 38469 after: 28691 low lbd: 1084 lbd cutoff: 2 target computed: 20000 cannot be del : 101 used: 18958 rdb: 3535
c o [rdb] cls before: 38565 after: 28188 low lbd: 1086 lbd cutoff: 2 target computed: 20000 cannot be del : 66 used: 18353 rdb: 3538
c o [mem] consolidate  old-sz: 9050K new-sz: 2550K new bits offs: 19 T: 0.00
c o [rdb] cls before: 37988 after: 28175 low lbd: 1089 lbd cutoff: 2 target computed: 20000 cannot be del : 114 used: 18518 rdb: 3541
c o [mem] consolidate  old-sz: 7559K new-sz: 2524K new bits offs: 19 T: 0.00
c o [rdb] cls before: 37831 after: 26774 low lbd: 1089 lbd cutoff: 2 target computed: 20000 cannot be del : 62 used: 17146 rdb: 3544
c o [mem] consolidate  old-sz: 7333K new-sz: 2258K new bits offs: 19 T: 0.00
c o [rdb] cls before: 37926 after: 27565 low lbd: 1090 lbd cutoff: 2 target computed: 20000 cannot be del : 67 used: 18329 rdb: 3547
c o [mem] consolidate  old-sz: 8447K new-sz: 2393K new bits offs: 19 T: 0.00
c o [rdb] cls before: 38138 after: 28077 low lbd: 1092 lbd cutoff: 2 target computed: 20000 cannot be del : 69 used: 19208 rdb: 3550
c o [mem] consolidate  old-sz: 8735K new-sz: 2475K new bits offs: 19 T: 0.00
c o [rdb] cls before: 38352 after: 27565 low lbd: 1094 lbd cutoff: 2 target computed: 20000 cannot be del : 108 used: 17449 rdb: 3553
c o [mem] consolidate  old-sz: 7333K new-sz: 2530K new bits offs: 19 T: 0.00
c o [rdb] cls before: 38285 after: 26918 low lbd: 1095 lbd cutoff: 2 target computed: 20000 cannot be del : 64 used: 16733 rdb: 3556
c o [mem] consolidate  old-sz: 7486K new-sz: 2488K new bits offs: 19 T: 0.00
c o [rdb] cls before: 37259 after: 26977 low lbd: 1097 lbd cutoff: 2 target computed: 20000 cannot be del : 23 used: 17958 rdb: 3559
c o [rdb] cls before: 37926 after: 26958 low lbd: 1097 lbd cutoff: 2 target computed: 20000 cannot be del : 65 used: 18501 rdb: 3562
c o [mem] consolidate  old-sz: 9106K new-sz: 2396K new bits offs: 19 T: 0.00
c o [rdb] cls before: 38181 after: 27060 low lbd: 1098 lbd cutoff: 2 target computed: 20000 cannot be del : 70 used: 18759 rdb: 3565
c o [mem] consolidate  old-sz: 8863K new-sz: 2392K new bits offs: 19 T: 0.00
c o [rdb] cls before: 37541 after: 27420 low lbd: 1099 lbd cutoff: 2 target computed: 20000 cannot be del : 46 used: 17776 rdb: 3568
c o [mem] consolidate  old-sz: 8540K new-sz: 2349K new bits offs: 19 T: 0.00
c o [rdb] cls before: 37699 after: 28007 low lbd: 1101 lbd cutoff: 2 target computed: 20000 cannot be del : 73 used: 18782 rdb: 3571
c o [rdb] cls before: 37813 after: 27876 low lbd: 1102 lbd cutoff: 2 target computed: 20000 cannot be del : 93 used: 18532 rdb: 3574
c o [mem] consolidate  old-sz: 8633K new-sz: 2461K new bits offs: 19 T: 0.00
c o [rdb] cls before: 38009 after: 28190 low lbd: 1104 lbd cutoff: 2 target computed: 20000 cannot be del : 96 used: 18460 rdb: 3577
c o [mem] consolidate  old-sz: 8861K new-sz: 2428K new bits offs: 19 T: 0.00
c o [rdb] cls before: 37728 after: 27404 low lbd: 1104 lbd cutoff: 2 target computed: 20000 cannot be del : 92 used: 17598 rdb: 3580
c o [mem] consolidate  old-sz: 8850K new-sz: 2431K new bits offs: 19 T: 0.00
c o [rdb] cls before: 37730 after: 28098 low lbd: 1106 lbd cutoff: 2 target computed: 20000 cannot be del : 111 used: 18451 rdb: 3583
c o [mem] consolidate  old-sz: 7254K new-sz: 2427K new bits offs: 19 T: 0.00
c o [rdb] cls before: 37685 after: 27730 low lbd: 1106 lbd cutoff: 2 target computed: 20000 cannot be del : 139 used: 17896 rdb: 3586
c o [rdb] cls before: 37860 after: 28211 low lbd: 1106 lbd cutoff: 2 target computed: 20000 cannot be del : 74 used: 19386 rdb: 3589
c o [mem] consolidate  old-sz: 8773K new-sz: 2478K new bits offs: 19 T: 0.00
c o [rdb] cls before: 38931 after: 27736 low lbd: 1106 lbd cutoff: 2 target computed: 20000 cannot be del : 88 used: 17652 rdb: 3592
c o [mem] consolidate  old-sz: 7417K new-sz: 2469K new bits offs: 19 T: 0.00
c o [rdb] cls before: 37888 after: 28190 low lbd: 1107 lbd cutoff: 2 target computed: 20000 cannot be del : 41 used: 19523 rdb: 3595
c o [mem] consolidate  old-sz: 8912K new-sz: 2330K new bits offs: 19 T: 0.00
c o [rdb] cls before: 37536 after: 28330 low lbd: 1108 lbd cutoff: 2 target computed: 20000 cannot be del : 101 used: 18887 rdb: 3598
c o [mem] consolidate  old-sz: 8707K new-sz: 2523K new bits offs: 19 T: 0.00
c o [rdb] cls before: 38609 after: 28527 low lbd: 1110 lbd cutoff: 2 target computed: 20000 cannot be del : 102 used: 19963 rdb: 3601
c o [mem] consolidate  old-sz: 7179K new-sz: 2487K new bits offs: 19 T: 0.00
c o [rdb] cls before: 38534 after: 28212 low lbd: 1110 lbd cutoff: 2 target computed: 20000 cannot be del : 31 used: 19135 rdb: 3604
c o [rdb] cls before: 38904 after: 28340 low lbd: 1110 lbd cutoff: 2 target computed: 20000 cannot be del : 55 used: 19849 rdb: 3607
c o [mem] consolidate  old-sz: 8751K new-sz: 2378K new bits offs: 19 T: 0.00
c o [rdb] cls before: 38942 after: 29007 low lbd: 1111 lbd cutoff: 2 target computed: 20000 cannot be del : 94 used: 20351 rdb: 3610
c o [mem] consolidate  old-sz: 8684K new-sz: 2478K new bits offs: 19 T: 0.00
c o [rdb] cls before: 38926 after: 29006 low lbd: 1111 lbd cutoff: 2 target computed: 20000 cannot be del : 128 used: 19522 rdb: 3613
c o [mem] consolidate  old-sz: 8936K new-sz: 2590K new bits offs: 19 T: 0.00
c o [rdb] cls before: 39204 after: 29030 low lbd: 1111 lbd cutoff: 2 target computed: 20000 cannot be del : 76 used: 19884 rdb: 3616
c o [mem] consolidate  old-sz: 7328K new-sz: 2338K new bits offs: 19 T: 0.00
c o [rdb] cls before: 37722 after: 28566 low lbd: 1111 lbd cutoff: 2 target computed: 20000 cannot be del : 67 used: 18685 rdb: 3619
c o [rdb] cls before: 38534 after: 28749 low lbd: 1112 lbd cutoff: 2 target computed: 20000 cannot be del : 90 used: 19329 rdb: 3622
c o [mem] consolidate  old-sz: 8632K new-sz: 2483K new bits offs: 19 T: 0.00
c o [rdb] cls before: 38400 after: 28936 low lbd: 1113 lbd cutoff: 2 target computed: 20000 cannot be del : 63 used: 19267 rdb: 3625
c o [mem] consolidate  old-sz: 8788K new-sz: 2595K new bits offs: 19 T: 0.00
c o [rdb] cls before: 39155 after: 29229 low lbd: 1113 lbd cutoff: 2 target computed: 20000 cannot be del : 94 used: 20009 rdb: 3628
c o [mem] consolidate  old-sz: 7348K new-sz: 2422K new bits offs: 19 T: 0.00
c o [rdb] cls before: 38403 after: 28862 low lbd: 1115 lbd cutoff: 2 target computed: 20000 cannot be del : 53 used: 19100 rdb: 3631
c o [mem] consolidate  old-sz: 8834K new-sz: 2511K new bits offs: 19 T: 0.00
c o [rdb] cls before: 38898 after: 28762 low lbd: 1117 lbd cutoff: 2 target computed: 20000 cannot be del : 79 used: 18919 rdb: 3634
c o [mem] consolidate  old-sz: 7366K new-sz: 2523K new bits offs: 19 T: 0.00
c o [rdb] cls before: 38307 after: 27540 low lbd: 1117 lbd cutoff: 2 target computed: 20000 cannot be del : 113 used: 17229 rdb: 3637
c o [mem] consolidate  old-sz: 7458K new-sz: 2500K new bits offs: 19 T: 0.00
c o [rdb] cls before: 37881 after: 27303 low lbd: 1117 lbd cutoff: 2 target computed: 20000 cannot be del : 104 used: 17132 rdb: 3640
c o [mem] consolidate  old-sz: 7295K new-sz: 2434K new bits offs: 19 T: 0.00
c o [rdb] cls before: 37494 after: 27484 low lbd: 1117 lbd cutoff: 2 target computed: 20000 cannot be del : 45 used: 17598 rdb: 3643
c o [rdb] cls before: 37739 after: 27751 low lbd: 1117 lbd cutoff: 2 target computed: 20000 cannot be del : 77 used: 18490 rdb: 3646
c o [mem] consolidate  old-sz: 9013K new-sz: 2516K new bits offs: 19 T: 0.00
c o [rdb] cls before: 37714 after: 27706 low lbd: 1117 lbd cutoff: 2 target computed: 20000 cannot be del : 98 used: 18289 rdb: 3649
c o [mem] consolidate  old-sz: 7462K new-sz: 2544K new bits offs: 19 T: 0.00
c o [rdb] cls before: 37785 after: 27578 low lbd: 1117 lbd cutoff: 2 target computed: 20000 cannot be del : 94 used: 18244 rdb: 3652
c o [mem] consolidate  old-sz: 7465K new-sz: 2506K new bits offs: 19 T: 0.00
c o [rdb] cls before: 37381 after: 27303 low lbd: 1117 lbd cutoff: 2 target computed: 20000 cannot be del : 36 used: 18972 rdb: 3655
c o [mem] consolidate  old-sz: 7197K new-sz: 2391K new bits offs: 19 T: 0.00
c o [rdb] cls before: 37233 after: 27577 low lbd: 1119 lbd cutoff: 2 target computed: 20000 cannot be del : 106 used: 18617 rdb: 3658
c o [mem] consolidate  old-sz: 8753K new-sz: 2369K new bits offs: 19 T: 0.00
c o [rdb] cls before: 37637 after: 27598 low lbd: 1123 lbd cutoff: 2 target computed: 20000 cannot be del : 61 used: 18763 rdb: 3661
c o [mem] consolidate  old-sz: 8753K new-sz: 2555K new bits offs: 19 T: 0.00
c o [rdb] cls before: 37847 after: 27875 low lbd: 1124 lbd cutoff: 2 target computed: 20000 cannot be del : 63 used: 19522 rdb: 3664
c o [rdb] cls before: 38197 after: 27465 low lbd: 1124 lbd cutoff: 2 target computed: 20000 cannot be del : 91 used: 17410 rdb: 3667
c o [mem] consolidate  old-sz: 9012K new-sz: 2453K new bits offs: 19 T: 0.00
c o [rdb] cls before: 38042 after: 28562 low lbd: 1126 lbd cutoff: 2 target computed: 20000 cannot be del : 65 used: 19158 rdb: 3670
c o [mem] consolidate  old-sz: 9010K new-sz: 2320K new bits offs: 19 T: 0.00
c o [rdb] cls before: 38457 after: 28540 low lbd: 1126 lbd cutoff: 2 target computed: 20000 cannot be del : 41 used: 19344 rdb: 3673
c o [mem] consolidate  old-sz: 8780K new-sz: 2464K new bits offs: 19 T: 0.00
c o [rdb] cls before: 37960 after: 28389 low lbd: 1127 lbd cutoff: 2 target computed: 20000 cannot be del : 92 used: 18841 rdb: 3676
c o [rdb] cls before: 38673 after: 28593 low lbd: 1131 lbd cutoff: 2 target computed: 20000 cannot be del : 92 used: 19061 rdb: 3679
c o [mem] consolidate  old-sz: 8985K new-sz: 2542K new bits offs: 19 T: 0.00
c o [rdb] cls before: 38295 after: 28353 low lbd: 1134 lbd cutoff: 2 target computed: 20000 cannot be del : 85 used: 19236 rdb: 3682
c o [mem] consolidate  old-sz: 7617K new-sz: 2583K new bits offs: 19 T: 0.00
c o [rdb] cls before: 38247 after: 27276 low lbd: 1137 lbd cutoff: 2 target computed: 20000 cannot be del : 83 used: 16975 rdb: 3685
c o [mem] consolidate  old-sz: 7653K new-sz: 2474K new bits offs: 19 T: 0.00
c o [rdb] cls before: 38034 after: 27589 low lbd: 1138 lbd cutoff: 2 target computed: 20000 cannot be del : 86 used: 17366 rdb: 3688
c o [mem] consolidate  old-sz: 9140K new-sz: 2610K new bits offs: 19 T: 0.00
c o [rdb] cls before: 38097 after: 28437 low lbd: 1138 lbd cutoff: 2 target computed: 20000 cannot be del : 70 used: 19505 rdb: 3691
c o [mem] consolidate  old-sz: 7614K new-sz: 2414K new bits offs: 19 T: 0.00
c o [rdb] cls before: 38164 after: 27569 low lbd: 1140 lbd cutoff: 2 target computed: 20000 cannot be del : 123 used: 17394 rdb: 3694
c o [mem] consolidate  old-sz: 9058K new-sz: 2575K new bits offs: 19 T: 0.00
c o [rdb] cls before: 38102 after: 28360 low lbd: 1144 lbd cutoff: 2 target computed: 20000 cannot be del : 92 used: 18888 rdb: 3697
c o [mem] consolidate  old-sz: 7635K new-sz: 2424K new bits offs: 19 T: 0.00
c o [rdb] cls before: 37288 after: 28309 low lbd: 1144 lbd cutoff: 2 target computed: 20000 cannot be del : 94 used: 19372 rdb: 3700
c o [rdb] cls before: 38417 after: 28672 low lbd: 1145 lbd cutoff: 2 target computed: 20000 cannot be del : 82 used: 19921 rdb: 3703
c o [mem] consolidate  old-sz: 9068K new-sz: 2642K new bits offs: 19 T: 0.00
c o [rdb] cls before: 37863 after: 28250 low lbd: 1146 lbd cutoff: 2 target computed: 20000 cannot be del : 110 used: 18977 rdb: 3706
c o [mem] consolidate  old-sz: 7386K new-sz: 2436K new bits offs: 19 T: 0.00
c o [rdb] cls before: 37883 after: 27881 low lbd: 1148 lbd cutoff: 2 target computed: 20000 cannot be del : 78 used: 19304 rdb: 3709
c o [mem] consolidate  old-sz: 7294K new-sz: 2463K new bits offs: 19 T: 0.00
c o [rdb] cls before: 38650 after: 28562 low lbd: 1149 lbd cutoff: 2 target computed: 20000 cannot be del : 49 used: 19421 rdb: 3712
c o [mem] consolidate  old-sz: 8893K new-sz: 2507K new bits offs: 19 T: 0.00
c o [rdb] cls before: 38100 after: 28393 low lbd: 1149 lbd cutoff: 2 target computed: 20000 cannot be del : 50 used: 19566 rdb: 3715
c o [mem] consolidate  old-sz: 8869K new-sz: 2567K new bits offs: 19 T: 0.00
c o [rdb] cls before: 38747 after: 28858 low lbd: 1149 lbd cutoff: 2 target computed: 20000 cannot be del : 90 used: 20496 rdb: 3718
c o [mem] consolidate  old-sz: 7254K new-sz: 2497K new bits offs: 19 T: 0.00
c o [rdb] cls before: 38671 after: 28114 low lbd: 1151 lbd cutoff: 2 target computed: 20000 cannot be del : 57 used: 19054 rdb: 3721
c o [mem] consolidate  old-sz: 7280K new-sz: 2486K new bits offs: 19 T: 0.00
c o [rdb] cls before: 38625 after: 28669 low lbd: 1154 lbd cutoff: 2 target computed: 20000 cannot be del : 38 used: 19629 rdb: 3724
c o [rdb] cls before: 38954 after: 29069 low lbd: 1156 lbd cutoff: 2 target computed: 20000 cannot be del : 107 used: 21112 rdb: 3727
c o [mem] consolidate  old-sz: 8881K new-sz: 2502K new bits offs: 19 T: 0.00
c o [rdb] cls before: 38697 after: 28733 low lbd: 1160 lbd cutoff: 2 target computed: 20000 cannot be del : 36 used: 19360 rdb: 3730
c o [mem] consolidate  old-sz: 6960K new-sz: 2420K new bits offs: 19 T: 0.00
c o [rdb] cls before: 38212 after: 28578 low lbd: 1161 lbd cutoff: 2 target computed: 20000 cannot be del : 60 used: 18826 rdb: 3733
c o [mem] consolidate  old-sz: 7022K new-sz: 2454K new bits offs: 19 T: 0.00
c o [rdb] cls before: 38620 after: 28185 low lbd: 1161 lbd cutoff: 2 target computed: 20000 cannot be del : 102 used: 17942 rdb: 3736
c o [mem] consolidate  old-sz: 6934K new-sz: 2394K new bits offs: 19 T: 0.00
c o [rdb] cls before: 39130 after: 29073 low lbd: 1161 lbd cutoff: 2 target computed: 20000 cannot be del : 89 used: 19209 rdb: 3739
c o [mem] consolidate  old-sz: 8456K new-sz: 2399K new bits offs: 19 T: 0.00
c o [rdb] cls before: 38835 after: 29311 low lbd: 1163 lbd cutoff: 2 target computed: 20000 cannot be del : 73 used: 20123 rdb: 3742
c o [mem] consolidate  old-sz: 8409K new-sz: 2428K new bits offs: 19 T: 0.00
c o [rdb] cls before: 38657 after: 28907 low lbd: 1164 lbd cutoff: 2 target computed: 20000 cannot be del : 63 used: 18878 rdb: 3745
c o [mem] consolidate  old-sz: 7052K new-sz: 2447K new bits offs: 19 T: 0.00
c o [rdb] cls before: 38301 after: 28419 low lbd: 1164 lbd cutoff: 2 target computed: 20000 cannot be del : 89 used: 18022 rdb: 3748
c o [rdb] cls before: 38359 after: 27769 low lbd: 1165 lbd cutoff: 2 target computed: 20000 cannot be del : 105 used: 17283 rdb: 3751
c o [mem] consolidate  old-sz: 8835K new-sz: 2442K new bits offs: 19 T: 0.00
c o [rdb] cls before: 38033 after: 27483 low lbd: 1165 lbd cutoff: 2 target computed: 20000 cannot be del : 46 used: 17756 rdb: 3754
c o [mem] consolidate  old-sz: 7179K new-sz: 2364K new bits offs: 19 T: 0.00
c o [rdb] cls before: 38568 after: 28072 low lbd: 1167 lbd cutoff: 2 target computed: 20000 cannot be del : 71 used: 17979 rdb: 3757
c o [mem] consolidate  old-sz: 8707K new-sz: 2460K new bits offs: 19 T: 0.00
c o [rdb] cls before: 38485 after: 28347 low lbd: 1167 lbd cutoff: 2 target computed: 20000 cannot be del : 111 used: 18840 rdb: 3760
c o [mem] consolidate  old-sz: 8572K new-sz: 2463K new bits offs: 19 T: 0.00
c o [rdb] cls before: 38992 after: 28338 low lbd: 1169 lbd cutoff: 2 target computed: 20000 cannot be del : 102 used: 18133 rdb: 3763
c o [mem] consolidate  old-sz: 7165K new-sz: 2420K new bits offs: 19 T: 0.00
c o [rdb] cls before: 38366 after: 28705 low lbd: 1170 lbd cutoff: 2 target computed: 20000 cannot be del : 115 used: 19527 rdb: 3766
c o [mem] consolidate  old-sz: 6958K new-sz: 2338K new bits offs: 19 T: 0.00
c o [rdb] cls before: 37741 after: 28078 low lbd: 1172 lbd cutoff: 2 target computed: 20000 cannot be del : 101 used: 18773 rdb: 3769
c o [rdb] cls before: 38620 after: 28008 low lbd: 1172 lbd cutoff: 2 target computed: 20000 cannot be del : 86 used: 18072 rdb: 3772
c o [mem] consolidate  old-sz: 8498K new-sz: 2396K new bits offs: 19 T: 0.00
c o [rdb] cls before: 38229 after: 28144 low lbd: 1173 lbd cutoff: 2 target computed: 20000 cannot be del : 79 used: 19824 rdb: 3775
c o [mem] consolidate  old-sz: 8526K new-sz: 2363K new bits offs: 19 T: 0.00
c o [rdb] cls before: 38672 after: 27713 low lbd: 1174 lbd cutoff: 2 target computed: 20000 cannot be del : 76 used: 17361 rdb: 3778
c o [mem] consolidate  old-sz: 8417K new-sz: 2483K new bits offs: 19 T: 0.00
c o [rdb] cls before: 38865 after: 28568 low lbd: 1175 lbd cutoff: 2 target computed: 20000 cannot be del : 76 used: 19218 rdb: 3781
c o [mem] consolidate  old-sz: 7005K new-sz: 2360K new bits offs: 19 T: 0.00
c o [rdb] cls before: 38166 after: 28130 low lbd: 1175 lbd cutoff: 2 target computed: 20000 cannot be del : 41 used: 18035 rdb: 3784
c o [mem] consolidate  old-sz: 7133K new-sz: 2510K new bits offs: 19 T: 0.00
c o [rdb] cls before: 37787 after: 27579 low lbd: 1178 lbd cutoff: 2 target computed: 20000 cannot be del : 70 used: 17737 rdb: 3787
c o [mem] consolidate  old-sz: 7296K new-sz: 2495K new bits offs: 19 T: 0.00
c o [rdb] cls before: 37599 after: 27584 low lbd: 1178 lbd cutoff: 2 target computed: 20000 cannot be del : 58 used: 17995 rdb: 3790
c o [rdb] cls before: 37628 after: 27520 low lbd: 1178 lbd cutoff: 2 target computed: 20000 cannot be del : 83 used: 17923 rdb: 3793
c o [mem] consolidate  old-sz: 9002K new-sz: 2474K new bits offs: 19 T: 0.00
c o [rdb] cls before: 37284 after: 26459 low lbd: 1179 lbd cutoff: 2 target computed: 20000 cannot be del : 60 used: 17126 rdb: 3796
c o [mem] consolidate  old-sz: 7255K new-sz: 2314K new bits offs: 19 T: 0.00
c o [rdb] cls before: 36985 after: 26773 low lbd: 1180 lbd cutoff: 2 target computed: 20000 cannot be del : 60 used: 18330 rdb: 3799
c o [mem] consolidate  old-sz: 8439K new-sz: 2400K new bits offs: 19 T: 0.00
c o [rdb] cls before: 37230 after: 26516 low lbd: 1181 lbd cutoff: 2 target computed: 20000 cannot be del : 89 used: 17311 rdb: 3802
c o [mem] consolidate  old-sz: 6948K new-sz: 2348K new bits offs: 19 T: 0.00
c o [rdb] cls before: 37747 after: 27456 low lbd: 1182 lbd cutoff: 2 target computed: 20000 cannot be del : 57 used: 18099 rdb: 3805
c o [mem] consolidate  old-sz: 8579K new-sz: 2408K new bits offs: 19 T: 0.00
c o [rdb] cls before: 37558 after: 26993 low lbd: 1183 lbd cutoff: 2 target computed: 20000 cannot be del : 41 used: 17618 rdb: 3808
c o [mem] consolidate  old-sz: 7038K new-sz: 2372K new bits offs: 19 T: 0.00
c o [rdb] cls before: 37116 after: 27825 low lbd: 1185 lbd cutoff: 2 target computed: 20000 cannot be del : 104 used: 18575 rdb: 3811
c o [mem] consolidate  old-sz: 7085K new-sz: 2332K new bits offs: 19 T: 0.00
c o [rdb] cls before: 36894 after: 27382 low lbd: 1185 lbd cutoff: 2 target computed: 20000 cannot be del : 72 used: 18134 rdb: 3814
c o [rdb] cls before: 37061 after: 26918 low lbd: 1185 lbd cutoff: 2 target computed: 20000 cannot be del : 82 used: 16993 rdb: 3817
c o [mem] consolidate  old-sz: 8529K new-sz: 2396K new bits offs: 19 T: 0.00
c o [rdb] cls before: 37234 after: 27782 low lbd: 1188 lbd cutoff: 2 target computed: 20000 cannot be del : 75 used: 18293 rdb: 3820
c o [mem] consolidate  old-sz: 8720K new-sz: 2424K new bits offs: 19 T: 0.00
c o [rdb] cls before: 37511 after: 27475 low lbd: 1190 lbd cutoff: 2 target computed: 20000 cannot be del : 135 used: 17772 rdb: 3823
c o [mem] consolidate  old-sz: 9028K new-sz: 2598K new bits offs: 19 T: 0.00
c o [rdb] cls before: 37900 after: 28154 low lbd: 1191 lbd cutoff: 2 target computed: 20000 cannot be del : 69 used: 19101 rdb: 3826
c o [mem] consolidate  old-sz: 7339K new-sz: 2244K new bits offs: 19 T: 0.00
c o [rdb] cls before: 36597 after: 27649 low lbd: 1192 lbd cutoff: 2 target computed: 20000 cannot be del : 110 used: 18740 rdb: 3829
c o [rdb] cls before: 37400 after: 27703 low lbd: 1195 lbd cutoff: 2 target computed: 20000 cannot be del : 54 used: 17980 rdb: 3832
c o [mem] consolidate  old-sz: 8361K new-sz: 2450K new bits offs: 19 T: 0.00
c o [rdb] cls before: 37613 after: 28086 low lbd: 1195 lbd cutoff: 2 target computed: 20000 cannot be del : 67 used: 18588 rdb: 3835
c o [mem] consolidate  old-sz: 8649K new-sz: 2406K new bits offs: 19 T: 0.00
c o [rdb] cls before: 37082 after: 27124 low lbd: 1195 lbd cutoff: 2 target computed: 20000 cannot be del : 73 used: 18149 rdb: 3838
c o [mem] consolidate  old-sz: 8708K new-sz: 2379K new bits offs: 19 T: 0.00
c o [rdb] cls before: 37265 after: 27546 low lbd: 1197 lbd cutoff: 2 target computed: 20000 cannot be del : 58 used: 18767 rdb: 3841
c o [rdb] cls before: 37441 after: 27716 low lbd: 1197 lbd cutoff: 2 target computed: 20000 cannot be del : 97 used: 18403 rdb: 3844
c o [mem] consolidate  old-sz: 8363K new-sz: 2387K new bits offs: 19 T: 0.00
c o [rdb] cls before: 37367 after: 27319 low lbd: 1200 lbd cutoff: 2 target computed: 20000 cannot be del : 36 used: 17886 rdb: 3847
c o [mem] consolidate  old-sz: 6961K new-sz: 2389K new bits offs: 19 T: 0.00
c o [rdb] cls before: 37857 after: 27886 low lbd: 1201 lbd cutoff: 2 target computed: 20000 cannot be del : 73 used: 18972 rdb: 3850
c o [mem] consolidate  old-sz: 8717K new-sz: 2429K new bits offs: 19 T: 0.00
c o [rdb] cls before: 37042 after: 26493 low lbd: 1201 lbd cutoff: 2 target computed: 20000 cannot be del : 37 used: 17365 rdb: 3853
c o [mem] consolidate  old-sz: 6927K new-sz: 2335K new bits offs: 19 T: 0.00
c o [rdb] cls before: 36742 after: 27072 low lbd: 1202 lbd cutoff: 2 target computed: 20000 cannot be del : 94 used: 17577 rdb: 3856
c o [mem] consolidate  old-sz: 8500K new-sz: 2323K new bits offs: 19 T: 0.00
c o [rdb] cls before: 36636 after: 26596 low lbd: 1202 lbd cutoff: 2 target computed: 20000 cannot be del : 91 used: 17698 rdb: 3859
c o [rdb] cls before: 36930 after: 27006 low lbd: 1204 lbd cutoff: 2 target computed: 20000 cannot be del : 106 used: 17646 rdb: 3862
c o [mem] consolidate  old-sz: 8576K new-sz: 2456K new bits offs: 19 T: 0.00
c o [rdb] cls before: 36952 after: 26899 low lbd: 1205 lbd cutoff: 2 target computed: 20000 cannot be del : 89 used: 17653 rdb: 3865
c o [mem] consolidate  old-sz: 7133K new-sz: 2387K new bits offs: 19 T: 0.00
c o [rdb] cls before: 36929 after: 27343 low lbd: 1206 lbd cutoff: 2 target computed: 20000 cannot be del : 53 used: 18593 rdb: 3868
c o [mem] consolidate  old-sz: 8464K new-sz: 2470K new bits offs: 19 T: 0.00
c o [rdb] cls before: 37130 after: 26283 low lbd: 1208 lbd cutoff: 2 target computed: 20000 cannot be del : 66 used: 17627 rdb: 3871
c o [mem] consolidate  old-sz: 6875K new-sz: 2247K new bits offs: 19 T: 0.00
c o [rdb] cls before: 36793 after: 26919 low lbd: 1210 lbd cutoff: 2 target computed: 20000 cannot be del : 100 used: 16995 rdb: 3874
c o [mem] consolidate  old-sz: 8265K new-sz: 2355K new bits offs: 19 T: 0.00
c o [rdb] cls before: 36962 after: 26420 low lbd: 1210 lbd cutoff: 2 target computed: 20000 cannot be del : 90 used: 17581 rdb: 3877
c o [rdb] cls before: 37637 after: 27925 low lbd: 1211 lbd cutoff: 2 target computed: 20000 cannot be del : 64 used: 18807 rdb: 3880
c o [mem] consolidate  old-sz: 8261K new-sz: 2392K new bits offs: 19 T: 0.00
c o [rdb] cls before: 37513 after: 27478 low lbd: 1213 lbd cutoff: 2 target computed: 20000 cannot be del : 61 used: 17816 rdb: 3883
c o [mem] consolidate  old-sz: 6829K new-sz: 2374K new bits offs: 19 T: 0.00
c o [rdb] cls before: 38134 after: 27163 low lbd: 1214 lbd cutoff: 2 target computed: 20000 cannot be del : 91 used: 17071 rdb: 3886
c o [mem] consolidate  old-sz: 6839K new-sz: 2286K new bits offs: 19 T: 0.00
c o [rdb] cls before: 38167 after: 28121 low lbd: 1217 lbd cutoff: 2 target computed: 20000 cannot be del : 60 used: 19243 rdb: 3889
c o [mem] consolidate  old-sz: 8261K new-sz: 2388K new bits offs: 19 T: 0.00
c o [rdb] cls before: 37829 after: 28081 low lbd: 1218 lbd cutoff: 2 target computed: 20000 cannot be del : 64 used: 20158 rdb: 3892
c o [mem] consolidate  old-sz: 6860K new-sz: 2312K new bits offs: 19 T: 0.00
c o [rdb] cls before: 37782 after: 27776 low lbd: 1221 lbd cutoff: 2 target computed: 20000 cannot be del : 73 used: 18057 rdb: 3895
c o [mem] consolidate  old-sz: 6779K new-sz: 2386K new bits offs: 19 T: 0.00
c o [rdb] cls before: 37661 after: 28146 low lbd: 1222 lbd cutoff: 2 target computed: 20000 cannot be del : 50 used: 18385 rdb: 3898
c o [mem] consolidate  old-sz: 8421K new-sz: 2315K new bits offs: 19 T: 0.00
c o [rdb] cls before: 37553 after: 27793 low lbd: 1225 lbd cutoff: 2 target computed: 20000 cannot be del : 69 used: 17710 rdb: 3901
c o [rdb] cls before: 38259 after: 28179 low lbd: 1227 lbd cutoff: 2 target computed: 20000 cannot be del : 79 used: 18255 rdb: 3904
c o [mem] consolidate  old-sz: 8571K new-sz: 2482K new bits offs: 19 T: 0.00
c o [rdb] cls before: 38265 after: 28274 low lbd: 1228 lbd cutoff: 2 target computed: 20000 cannot be del : 59 used: 18407 rdb: 3907
c o [mem] consolidate  old-sz: 8591K new-sz: 2443K new bits offs: 19 T: 0.00
c o [rdb] cls before: 38336 after: 28111 low lbd: 1231 lbd cutoff: 2 target computed: 20000 cannot be del : 65 used: 18221 rdb: 3910
c o [mem] consolidate  old-sz: 7038K new-sz: 2370K new bits offs: 19 T: 0.00
c o [rdb] cls before: 37546 after: 28044 low lbd: 1235 lbd cutoff: 2 target computed: 20000 cannot be del : 80 used: 18105 rdb: 3913
c o [mem] consolidate  old-sz: 8284K new-sz: 2275K new bits offs: 19 T: 0.00
c o [rdb] cls before: 37047 after: 27560 low lbd: 1236 lbd cutoff: 2 target computed: 20000 cannot be del : 63 used: 18769 rdb: 3916
c o [rdb] cls before: 37937 after: 28333 low lbd: 1238 lbd cutoff: 2 target computed: 20000 cannot be del : 45 used: 19091 rdb: 3919
c o [mem] consolidate  old-sz: 8361K new-sz: 2505K new bits offs: 19 T: 0.00
c o [rdb] cls before: 37965 after: 28322 low lbd: 1238 lbd cutoff: 2 target computed: 20000 cannot be del : 119 used: 19081 rdb: 3922
c o [mem] consolidate  old-sz: 6996K new-sz: 2438K new bits offs: 19 T: 0.00
c o [rdb] cls before: 37473 after: 27912 low lbd: 1238 lbd cutoff: 2 target computed: 20000 cannot be del : 93 used: 18323 rdb: 3925
c o [mem] consolidate  old-sz: 6984K new-sz: 2344K new bits offs: 19 T: 0.00
c o [rdb] cls before: 38246 after: 28002 low lbd: 1239 lbd cutoff: 2 target computed: 20000 cannot be del : 69 used: 18055 rdb: 3928
c o [mem] consolidate  old-sz: 8258K new-sz: 2244K new bits offs: 19 T: 0.00
c o [rdb] cls before: 37780 after: 27917 low lbd: 1239 lbd cutoff: 2 target computed: 20000 cannot be del : 55 used: 18993 rdb: 3931
c o [mem] consolidate  old-sz: 8163K new-sz: 2321K new bits offs: 19 T: 0.00
c o [rdb] cls before: 37800 after: 27845 low lbd: 1240 lbd cutoff: 2 target computed: 20000 cannot be del : 61 used: 19051 rdb: 3934
c o [rdb] cls before: 38115 after: 28030 low lbd: 1241 lbd cutoff: 2 target computed: 20000 cannot be del : 103 used: 18240 rdb: 3937
c o [mem] consolidate  old-sz: 8421K new-sz: 2369K new bits offs: 19 T: 0.00
c o [rdb] cls before: 38088 after: 27817 low lbd: 1243 lbd cutoff: 2 target computed: 20000 cannot be del : 115 used: 17710 rdb: 3940
c o [mem] consolidate  old-sz: 7060K new-sz: 2379K new bits offs: 19 T: 0.00
c o [rdb] cls before: 38222 after: 27909 low lbd: 1244 lbd cutoff: 2 target computed: 20000 cannot be del : 80 used: 17642 rdb: 3943
c o [mem] consolidate  old-sz: 8419K new-sz: 2352K new bits offs: 19 T: 0.00
c o [rdb] cls before: 37847 after: 28563 low lbd: 1246 lbd cutoff: 2 target computed: 20000 cannot be del : 105 used: 19287 rdb: 3946
c o [mem] consolidate  old-sz: 8547K new-sz: 2459K new bits offs: 19 T: 0.00
c o [rdb] cls before: 38021 after: 27297 low lbd: 1247 lbd cutoff: 2 target computed: 20000 cannot be del : 87 used: 17305 rdb: 3949
c o [rdb] cls before: 38521 after: 28584 low lbd: 1249 lbd cutoff: 2 target computed: 20000 cannot be del : 126 used: 18763 rdb: 3952
c o [mem] consolidate  old-sz: 8663K new-sz: 2475K new bits offs: 19 T: 0.00
c o [rdb] cls before: 38241 after: 28881 low lbd: 1249 lbd cutoff: 2 target computed: 20000 cannot be del : 104 used: 19481 rdb: 3955
c o [mem] consolidate  old-sz: 8610K new-sz: 2402K new bits offs: 19 T: 0.00
c o [rdb] cls before: 38954 after: 27654 low lbd: 1252 lbd cutoff: 2 target computed: 20000 cannot be del : 68 used: 17470 rdb: 3958
c o [mem] consolidate  old-sz: 8503K new-sz: 2377K new bits offs: 19 T: 0.00
c o [rdb] cls before: 38407 after: 28775 low lbd: 1253 lbd cutoff: 2 target computed: 20000 cannot be del : 79 used: 19079 rdb: 3961
c o [rdb] cls before: 38659 after: 28781 low lbd: 1255 lbd cutoff: 2 target computed: 20000 cannot be del : 105 used: 18704 rdb: 3964
c o [mem] consolidate  old-sz: 8363K new-sz: 2408K new bits offs: 19 T: 0.00
c o [rdb] cls before: 39358 after: 29397 low lbd: 1258 lbd cutoff: 2 target computed: 20000 cannot be del : 83 used: 20685 rdb: 3967
c o [mem] consolidate  old-sz: 8478K new-sz: 2408K new bits offs: 19 T: 0.00
c o [rdb] cls before: 38966 after: 29069 low lbd: 1260 lbd cutoff: 2 target computed: 20000 cannot be del : 73 used: 19220 rdb: 3970
c o [mem] consolidate  old-sz: 8546K new-sz: 2469K new bits offs: 19 T: 0.00
c o [rdb] cls before: 38806 after: 28437 low lbd: 1262 lbd cutoff: 2 target computed: 20000 cannot be del : 66 used: 18060 rdb: 3973
c o [mem] consolidate  old-sz: 7204K new-sz: 2521K new bits offs: 19 T: 0.00
c o [rdb] cls before: 38375 after: 27497 low lbd: 1265 lbd cutoff: 2 target computed: 20000 cannot be del : 83 used: 18999 rdb: 3976
c o [mem] consolidate  old-sz: 7098K new-sz: 2377K new bits offs: 19 T: 0.00
c o [rdb] cls before: 37608 after: 27744 low lbd: 1266 lbd cutoff: 2 target computed: 20000 cannot be del : 112 used: 18154 rdb: 3979
c o [rdb] cls before: 38158 after: 27726 low lbd: 1268 lbd cutoff: 2 target computed: 20000 cannot be del : 90 used: 18366 rdb: 3982
c o [mem] consolidate  old-sz: 8623K new-sz: 2313K new bits offs: 19 T: 0.00
c o [rdb] cls before: 38269 after: 28168 low lbd: 1271 lbd cutoff: 2 target computed: 20000 cannot be del : 36 used: 18364 rdb: 3985
c o [mem] consolidate  old-sz: 8375K new-sz: 2370K new bits offs: 19 T: 0.00
c o [rdb] cls before: 38345 after: 28485 low lbd: 1273 lbd cutoff: 2 target computed: 20000 cannot be del : 30 used: 19225 rdb: 3988
c o [mem] consolidate  old-sz: 8523K new-sz: 2361K new bits offs: 19 T: 0.00
c o [rdb] cls before: 37954 after: 28367 low lbd: 1274 lbd cutoff: 2 target computed: 20000 cannot be del : 80 used: 18781 rdb: 3991
c o [rdb] cls before: 38971 after: 28263 low lbd: 1275 lbd cutoff: 2 target computed: 20000 cannot be del : 104 used: 18547 rdb: 3994
c o [mem] consolidate  old-sz: 8693K new-sz: 2427K new bits offs: 19 T: 0.00
c o [rdb] cls before: 38579 after: 28931 low lbd: 1276 lbd cutoff: 2 target computed: 20000 cannot be del : 82 used: 20122 rdb: 3997
c o [mem] consolidate  old-sz: 8781K new-sz: 2432K new bits offs: 19 T: 0.00
c o [rdb] cls before: 38268 after: 28568 low lbd: 1280 lbd cutoff: 2 target computed: 20000 cannot be del : 93 used: 18524 rdb: 4000
c o [mem] consolidate  old-sz: 8940K new-sz: 2577K new bits offs: 19 T: 0.00
c o [rdb] cls before: 38978 after: 27756 low lbd: 1281 lbd cutoff: 2 target computed: 20000 cannot be del : 94 used: 17164 rdb: 4003
c o [mem] consolidate  old-sz: 7417K new-sz: 2588K new bits offs: 19 T: 0.00
c o [rdb] cls before: 38195 after: 27398 low lbd: 1282 lbd cutoff: 2 target computed: 20000 cannot be del : 95 used: 18121 rdb: 4006
c o [mem] consolidate  old-sz: 7401K new-sz: 2515K new bits offs: 19 T: 0.00
c o [rdb] cls before: 37974 after: 27888 low lbd: 1283 lbd cutoff: 2 target computed: 20000 cannot be del : 73 used: 18910 rdb: 4009
c o [mem] consolidate  old-sz: 7451K new-sz: 2372K new bits offs: 19 T: 0.00
c o [rdb] cls before: 37135 after: 27619 low lbd: 1283 lbd cutoff: 2 target computed: 20000 cannot be del : 79 used: 17847 rdb: 4012
c o [rdb] cls before: 37982 after: 28260 low lbd: 1285 lbd cutoff: 2 target computed: 20000 cannot be del : 97 used: 19911 rdb: 4015
c o [mem] consolidate  old-sz: 9004K new-sz: 2552K new bits offs: 19 T: 0.00
c o [rdb] cls before: 37515 after: 27680 low lbd: 1286 lbd cutoff: 2 target computed: 20000 cannot be del : 62 used: 18297 rdb: 4018
c o [mem] consolidate  old-sz: 7033K new-sz: 2348K new bits offs: 19 T: 0.00
c o [rdb] cls before: 37557 after: 27809 low lbd: 1288 lbd cutoff: 2 target computed: 20000 cannot be del : 91 used: 18305 rdb: 4021
c o [mem] consolidate  old-sz: 8831K new-sz: 2443K new bits offs: 19 T: 0.00
c o [rdb] cls before: 37409 after: 28008 low lbd: 1289 lbd cutoff: 2 target computed: 20000 cannot be del : 52 used: 18622 rdb: 4024
c o [mem] consolidate  old-sz: 8726K new-sz: 2395K new bits offs: 19 T: 0.00
c o [rdb] cls before: 37450 after: 27493 low lbd: 1289 lbd cutoff: 2 target computed: 20000 cannot be del : 130 used: 17279 rdb: 4027
c o [rdb] cls before: 38121 after: 27479 low lbd: 1293 lbd cutoff: 2 target computed: 20000 cannot be del : 38 used: 18218 rdb: 4030
c o [mem] consolidate  old-sz: 8782K new-sz: 2380K new bits offs: 19 T: 0.00
c o [rdb] cls before: 37979 after: 27815 low lbd: 1294 lbd cutoff: 2 target computed: 20000 cannot be del : 89 used: 18030 rdb: 4033
c o [mem] consolidate  old-sz: 8544K new-sz: 2476K new bits offs: 19 T: 0.00
c o [rdb] cls before: 37919 after: 27507 low lbd: 1294 lbd cutoff: 2 target computed: 20000 cannot be del : 73 used: 18467 rdb: 4036
c o [mem] consolidate  old-sz: 7118K new-sz: 2453K new bits offs: 19 T: 0.00
c o [rdb] cls before: 37749 after: 28012 low lbd: 1295 lbd cutoff: 2 target computed: 20000 cannot be del : 117 used: 18750 rdb: 4039
c o [mem] consolidate  old-sz: 8845K new-sz: 2430K new bits offs: 19 T: 0.00
c o [rdb] cls before: 37790 after: 28376 low lbd: 1298 lbd cutoff: 2 target computed: 20000 cannot be del : 96 used: 19195 rdb: 4042
c o [rdb] cls before: 38096 after: 28099 low lbd: 1300 lbd cutoff: 2 target computed: 20000 cannot be del : 44 used: 18554 rdb: 4045
c o [mem] consolidate  old-sz: 8963K new-sz: 2517K new bits offs: 19 T: 0.00
c o [rdb] cls before: 38527 after: 27693 low lbd: 1303 lbd cutoff: 2 target computed: 20000 cannot be del : 89 used: 17810 rdb: 4048
c o [mem] consolidate  old-sz: 7310K new-sz: 2328K new bits offs: 19 T: 0.00
c o [rdb] cls before: 38088 after: 28423 low lbd: 1304 lbd cutoff: 2 target computed: 20000 cannot be del : 82 used: 18546 rdb: 4051
c o [mem] consolidate  old-sz: 8671K new-sz: 2485K new bits offs: 19 T: 0.00
c o [rdb] cls before: 38263 after: 28494 low lbd: 1306 lbd cutoff: 2 target computed: 20000 cannot be del : 76 used: 19388 rdb: 4054
c o [mem] consolidate  old-sz: 7315K new-sz: 2492K new bits offs: 19 T: 0.00
c o [rdb] cls before: 38605 after: 27966 low lbd: 1306 lbd cutoff: 2 target computed: 20000 cannot be del : 68 used: 17755 rdb: 4057
c o [mem] consolidate  old-sz: 7440K new-sz: 2466K new bits offs: 19 T: 0.00
c o [rdb] cls before: 38261 after: 28280 low lbd: 1307 lbd cutoff: 2 target computed: 20000 cannot be del : 79 used: 19310 rdb: 4060
c o [mem] consolidate  old-sz: 8803K new-sz: 2472K new bits offs: 19 T: 0.00
c o [rdb] cls before: 38411 after: 27542 low lbd: 1307 lbd cutoff: 2 target computed: 20000 cannot be del : 89 used: 18551 rdb: 4063
c o [rdb] cls before: 38470 after: 28483 low lbd: 1311 lbd cutoff: 2 target computed: 20000 cannot be del : 106 used: 20028 rdb: 4066
c o [mem] consolidate  old-sz: 8649K new-sz: 2459K new bits offs: 19 T: 0.00
c o [rdb] cls before: 38313 after: 28113 low lbd: 1313 lbd cutoff: 2 target computed: 20000 cannot be del : 79 used: 18575 rdb: 4069
c o [mem] consolidate  old-sz: 7154K new-sz: 2384K new bits offs: 19 T: 0.00
c o [rdb] cls before: 38601 after: 28601 low lbd: 1313 lbd cutoff: 2 target computed: 20000 cannot be del : 26 used: 19406 rdb: 4072
c o [mem] consolidate  old-sz: 8605K new-sz: 2346K new bits offs: 19 T: 0.00
c o [rdb] cls before: 38719 after: 29008 low lbd: 1313 lbd cutoff: 2 target computed: 20000 cannot be del : 90 used: 19972 rdb: 4075
c o [mem] consolidate  old-sz: 8590K new-sz: 2498K new bits offs: 19 T: 0.00
c o [rdb] cls before: 39022 after: 28574 low lbd: 1317 lbd cutoff: 2 target computed: 20000 cannot be del : 95 used: 19623 rdb: 4078
c o [mem] consolidate  old-sz: 7202K new-sz: 2519K new bits offs: 19 T: 0.00
c o [rdb] cls before: 38971 after: 29019 low lbd: 1318 lbd cutoff: 2 target computed: 20000 cannot be del : 70 used: 19663 rdb: 4081
c o [rdb] cls before: 39307 after: 29181 low lbd: 1323 lbd cutoff: 2 target computed: 20000 cannot be del : 90 used: 19621 rdb: 4084
c o [mem] consolidate  old-sz: 8843K new-sz: 2475K new bits offs: 19 T: 0.00
c o [rdb] cls before: 39142 after: 28116 low lbd: 1324 lbd cutoff: 2 target computed: 20000 cannot be del : 94 used: 17418 rdb: 4087
c o [mem] consolidate  old-sz: 7120K new-sz: 2327K new bits offs: 19 T: 0.00
c o [rdb] cls before: 38813 after: 29045 low lbd: 1325 lbd cutoff: 2 target computed: 20000 cannot be del : 59 used: 19140 rdb: 4090
c o [mem] consolidate  old-sz: 8463K new-sz: 2470K new bits offs: 19 T: 0.00
c o [rdb] cls before: 38956 after: 28609 low lbd: 1325 lbd cutoff: 2 target computed: 20000 cannot be del : 101 used: 18141 rdb: 4093
c o [mem] consolidate  old-sz: 7064K new-sz: 2460K new bits offs: 19 T: 0.00
c o [rdb] cls before: 38457 after: 29109 low lbd: 1325 lbd cutoff: 2 target computed: 20000 cannot be del : 124 used: 19212 rdb: 4096
c o [mem] consolidate  old-sz: 8704K new-sz: 2412K new bits offs: 19 T: 0.00
c o [rdb] cls before: 38403 after: 28850 low lbd: 1325 lbd cutoff: 2 target computed: 20000 cannot be del : 92 used: 19172 rdb: 4099
c o [mem] consolidate  old-sz: 7175K new-sz: 2430K new bits offs: 19 T: 0.00
c o [rdb] cls before: 37941 after: 28226 low lbd: 1327 lbd cutoff: 2 target computed: 20000 cannot be del : 88 used: 18079 rdb: 4102
c o [rdb] cls before: 38506 after: 27767 low lbd: 1328 lbd cutoff: 2 target computed: 20000 cannot be del : 93 used: 18520 rdb: 4105
c o [mem] consolidate  old-sz: 8940K new-sz: 2346K new bits offs: 19 T: 0.00
c o [rdb] cls before: 38691 after: 28924 low lbd: 1328 lbd cutoff: 2 target computed: 20000 cannot be del : 98 used: 19467 rdb: 4108
c o [mem] consolidate  old-sz: 8657K new-sz: 2393K new bits offs: 19 T: 0.00
c o [rdb] cls before: 38324 after: 28118 low lbd: 1328 lbd cutoff: 2 target computed: 20000 cannot be del : 128 used: 17564 rdb: 4111
c o [mem] consolidate  old-sz: 7075K new-sz: 2446K new bits offs: 19 T: 0.00
c o [rdb] cls before: 38018 after: 27625 low lbd: 1329 lbd cutoff: 2 target computed: 20000 cannot be del : 86 used: 18113 rdb: 4114
c o [mem] consolidate  old-sz: 7215K new-sz: 2442K new bits offs: 19 T: 0.00
c o [rdb] cls before: 38472 after: 27383 low lbd: 1329 lbd cutoff: 2 target computed: 20000 cannot be del : 64 used: 18260 rdb: 4117
c o [mem] consolidate  old-sz: 7242K new-sz: 2492K new bits offs: 19 T: 0.00
c o [rdb] cls before: 38198 after: 28211 low lbd: 1329 lbd cutoff: 2 target computed: 20000 cannot be del : 49 used: 18666 rdb: 4120
c o [mem] consolidate  old-sz: 8935K new-sz: 2427K new bits offs: 19 T: 0.00
c o [rdb] cls before: 37645 after: 27559 low lbd: 1329 lbd cutoff: 2 target computed: 20000 cannot be del : 76 used: 17384 rdb: 4123
c o [rdb] cls before: 38643 after: 28018 low lbd: 1331 lbd cutoff: 2 target computed: 20000 cannot be del : 125 used: 18369 rdb: 4126
c o [mem] consolidate  old-sz: 8859K new-sz: 2417K new bits offs: 19 T: 0.00
c o [rdb] cls before: 39090 after: 27789 low lbd: 1332 lbd cutoff: 2 target computed: 20000 cannot be del : 56 used: 17499 rdb: 4129
c o [mem] consolidate  old-sz: 7255K new-sz: 2442K new bits offs: 19 T: 0.00
c o [rdb] cls before: 38270 after: 28340 low lbd: 1335 lbd cutoff: 2 target computed: 20000 cannot be del : 78 used: 18115 rdb: 4132
c o [mem] consolidate  old-sz: 8827K new-sz: 2517K new bits offs: 19 T: 0.00
c o [rdb] cls before: 38677 after: 28637 low lbd: 1335 lbd cutoff: 2 target computed: 20000 cannot be del : 86 used: 18621 rdb: 4135
c o [mem] consolidate  old-sz: 7267K new-sz: 2357K new bits offs: 19 T: 0.00
c o [rdb] cls before: 38346 after: 28708 low lbd: 1337 lbd cutoff: 2 target computed: 20000 cannot be del : 77 used: 19360 rdb: 4138
c o [mem] consolidate  old-sz: 8772K new-sz: 2522K new bits offs: 19 T: 0.00
c o [rdb] cls before: 38821 after: 27866 low lbd: 1337 lbd cutoff: 2 target computed: 20000 cannot be del : 108 used: 17119 rdb: 4141
c o [mem] consolidate  old-sz: 7351K new-sz: 2555K new bits offs: 19 T: 0.00
c o [rdb] cls before: 38635 after: 29032 low lbd: 1339 lbd cutoff: 2 target computed: 20000 cannot be del : 59 used: 19688 rdb: 4144
c o [rdb] cls before: 38758 after: 28753 low lbd: 1340 lbd cutoff: 2 target computed: 20000 cannot be del : 73 used: 19000 rdb: 4147
c o [mem] consolidate  old-sz: 8899K new-sz: 2520K new bits offs: 19 T: 0.00
c o [rdb] cls before: 38603 after: 28938 low lbd: 1342 lbd cutoff: 2 target computed: 20000 cannot be del : 81 used: 19392 rdb: 4150
c o [mem] consolidate  old-sz: 8952K new-sz: 2362K new bits offs: 19 T: 0.00
c o [rdb] cls before: 38022 after: 28212 low lbd: 1345 lbd cutoff: 2 target computed: 20000 cannot be del : 81 used: 18502 rdb: 4153
c o [mem] consolidate  old-sz: 8580K new-sz: 2432K new bits offs: 19 T: 0.00
c o [rdb] cls before: 38252 after: 28628 low lbd: 1345 lbd cutoff: 2 target computed: 20000 cannot be del : 122 used: 19340 rdb: 4156
c o [rdb] cls before: 38841 after: 28783 low lbd: 1347 lbd cutoff: 2 target computed: 20000 cannot be del : 129 used: 18935 rdb: 4159
c o [mem] consolidate  old-sz: 8852K new-sz: 2551K new bits offs: 19 T: 0.00
c o [rdb] cls before: 38579 after: 28113 low lbd: 1350 lbd cutoff: 2 target computed: 20000 cannot be del : 88 used: 18084 rdb: 4162
c o [mem] consolidate  old-sz: 7242K new-sz: 2497K new bits offs: 19 T: 0.00
c o [rdb] cls before: 39107 after: 28702 low lbd: 1351 lbd cutoff: 2 target computed: 20000 cannot be del : 94 used: 19793 rdb: 4165
c o [mem] consolidate  old-sz: 9041K new-sz: 2506K new bits offs: 19 T: 0.00
c o [rdb] cls before: 38831 after: 28387 low lbd: 1352 lbd cutoff: 2 target computed: 20000 cannot be del : 45 used: 18724 rdb: 4168
c o [mem] consolidate  old-sz: 8769K new-sz: 2369K new bits offs: 19 T: 0.00
c o [rdb] cls before: 37872 after: 28402 low lbd: 1353 lbd cutoff: 2 target computed: 20000 cannot be del : 59 used: 18820 rdb: 4171
c o [rdb] cls before: 38445 after: 28208 low lbd: 1356 lbd cutoff: 2 target computed: 20000 cannot be del : 61 used: 18076 rdb: 4174
c o [mem] consolidate  old-sz: 8746K new-sz: 2429K new bits offs: 19 T: 0.00
c o [rdb] cls before: 38024 after: 28049 low lbd: 1357 lbd cutoff: 2 target computed: 20000 cannot be del : 105 used: 18282 rdb: 4177
c o [mem] consolidate  old-sz: 7107K new-sz: 2492K new bits offs: 19 T: 0.00
c o [rdb] cls before: 38622 after: 28790 low lbd: 1360 lbd cutoff: 2 target computed: 20000 cannot be del : 100 used: 19377 rdb: 4180
c o [mem] consolidate  old-sz: 8920K new-sz: 2372K new bits offs: 19 T: 0.00
c o [rdb] cls before: 38574 after: 28677 low lbd: 1362 lbd cutoff: 2 target computed: 20000 cannot be del : 51 used: 19485 rdb: 4183
c o [mem] consolidate  old-sz: 8688K new-sz: 2346K new bits offs: 19 T: 0.00
c o [rdb] cls before: 37985 after: 28836 low lbd: 1362 lbd cutoff: 2 target computed: 20000 cannot be del : 84 used: 19173 rdb: 4186
c o [rdb] cls before: 38320 after: 27834 low lbd: 1362 lbd cutoff: 2 target computed: 20000 cannot be del : 74 used: 17100 rdb: 4189
c o [mem] consolidate  old-sz: 8671K new-sz: 2408K new bits offs: 19 T: 0.00
c o [rdb] cls before: 37928 after: 27850 low lbd: 1362 lbd cutoff: 2 target computed: 20000 cannot be del : 76 used: 17992 rdb: 4192
c o [mem] consolidate  old-sz: 8921K new-sz: 2484K new bits offs: 19 T: 0.00
c o [rdb] cls before: 38234 after: 27739 low lbd: 1364 lbd cutoff: 2 target computed: 20000 cannot be del : 48 used: 17607 rdb: 4195
c o [mem] consolidate  old-sz: 9073K new-sz: 2401K new bits offs: 19 T: 0.00
c o [rdb] cls before: 37519 after: 28228 low lbd: 1365 lbd cutoff: 2 target computed: 20000 cannot be del : 129 used: 19590 rdb: 4198
c o [rdb] cls before: 37919 after: 27651 low lbd: 1365 lbd cutoff: 2 target computed: 20000 cannot be del : 77 used: 18421 rdb: 4201
c o [mem] consolidate  old-sz: 8884K new-sz: 2425K new bits offs: 19 T: 0.00
c o [rdb] cls before: 37541 after: 27603 low lbd: 1367 lbd cutoff: 2 target computed: 20000 cannot be del : 70 used: 17396 rdb: 4204
c o [mem] consolidate  old-sz: 7278K new-sz: 2481K new bits offs: 19 T: 0.00
c o [rdb] cls before: 37543 after: 28033 low lbd: 1371 lbd cutoff: 2 target computed: 20000 cannot be del : 85 used: 18018 rdb: 4207
c o [mem] consolidate  old-sz: 9214K new-sz: 2602K new bits offs: 19 T: 0.00
c o [rdb] cls before: 38182 after: 28236 low lbd: 1373 lbd cutoff: 2 target computed: 20000 cannot be del : 89 used: 18554 rdb: 4210
c o [mem] consolidate  old-sz: 7787K new-sz: 2561K new bits offs: 19 T: 0.00
c o [rdb] cls before: 37664 after: 27800 low lbd: 1374 lbd cutoff: 2 target computed: 20000 cannot be del : 89 used: 18909 rdb: 4213
c o [mem] consolidate  old-sz: 9029K new-sz: 2496K new bits offs: 19 T: 0.00
c o [rdb] cls before: 38092 after: 27230 low lbd: 1374 lbd cutoff: 2 target computed: 20000 cannot be del : 87 used: 17685 rdb: 4216
c o [mem] consolidate  old-sz: 6890K new-sz: 2349K new bits offs: 19 T: 0.00
c o [rdb] cls before: 38051 after: 28222 low lbd: 1375 lbd cutoff: 2 target computed: 20000 cannot be del : 88 used: 19059 rdb: 4219
c o [mem] consolidate  old-sz: 6954K new-sz: 2332K new bits offs: 19 T: 0.00
c o [rdb] cls before: 37923 after: 27970 low lbd: 1377 lbd cutoff: 2 target computed: 20000 cannot be del : 103 used: 18712 rdb: 4222
c o [rdb] cls before: 38356 after: 28788 low lbd: 1377 lbd cutoff: 2 target computed: 20000 cannot be del : 97 used: 19312 rdb: 4225
c o [mem] consolidate  old-sz: 8496K new-sz: 2546K new bits offs: 19 T: 0.00
c o [rdb] cls before: 38561 after: 27992 low lbd: 1378 lbd cutoff: 2 target computed: 20000 cannot be del : 85 used: 18072 rdb: 4228
c o [mem] consolidate  old-sz: 7125K new-sz: 2389K new bits offs: 19 T: 0.00
c o [rdb] cls before: 38948 after: 28868 low lbd: 1379 lbd cutoff: 2 target computed: 20000 cannot be del : 74 used: 19861 rdb: 4231
c o [mem] consolidate  old-sz: 8514K new-sz: 2412K new bits offs: 19 T: 0.00
c o [rdb] cls before: 39287 after: 29107 low lbd: 1382 lbd cutoff: 2 target computed: 20000 cannot be del : 115 used: 19429 rdb: 4234
c o total time so far: 2509.18
c o decisions K                    43863     -- Kdec/s:     19.19    
c o conflicts                      42346418     -- confl/s:    18527.04 
c o rem lits triedK/rem lits remK  200       245       
c o shrink tried/useful%/lits rem  42346418  85.1608   251421427 
c o avg clsz/rem lits avg/finalavg 49.7492   35.1824   35.1766  
c o rdbs/low lbd/rem               4234  1382   42414881
c o looks/look-computes            0/0
c o sat call/sat/unsat/confl/rst  0     0     0     0     0     
c o buddy called /unsat ratio           0     / 0.0000 
c o buddy avg num bin/long cls/vs  0.0000 / 0.0000 / 0.0000
c o buddy max num bin/long cls/vs  0     / 0     / 0    
c o orig cubes/lit-r avg/exten avg 0     / 0.00  / 0.00 
c o cubes orig/symm/final          0     / 0     / 0    
c o cubes resolved/flp-removed     0     / 0    
c o tot restarts                   0    
c o comp sortsK/avg sz             43847 / 1.00037263
c o comps recordK/non-reset ratio  44164 / 0.54
c o vivif: try/cls/clviv/litsravg  1272      2831571   18087     0.88      
c o toplev subs runs/bins/long-cls 0         0         0         0         0         
c o toplevel probes/fail/bprop     0         0         0         
c o Mem used                       0.00 GB
c o cache pollutions call/removed  101835796/43850450
c o cache entries K                13
c o MB cache                       7.004
c o cache K (lookup/ stores/ hits/ dels) 44003  43864  139    0       -- Klookup/s:  19.25    
c o cache miss rate                0.997
c o avg hit/store num vars 3.443 / 305.174
c o 
c o [mem] consolidate  old-sz: 8614K new-sz: 2440K new bits offs: 19 T: 0.00
c o [rdb] cls before: 38899 after: 28402 low lbd: 1383 lbd cutoff: 2 target computed: 20000 cannot be del : 55 used: 18155 rdb: 4237
c o [mem] consolidate  old-sz: 7103K new-sz: 2415K new bits offs: 19 T: 0.00
c o [rdb] cls before: 38300 after: 28815 low lbd: 1383 lbd cutoff: 2 target computed: 20000 cannot be del : 80 used: 19130 rdb: 4240
c o [mem] consolidate  old-sz: 7120K new-sz: 2369K new bits offs: 19 T: 0.00
c o [rdb] cls before: 37974 after: 28142 low lbd: 1384 lbd cutoff: 2 target computed: 20000 cannot be del : 123 used: 18645 rdb: 4243
c o [mem] consolidate  old-sz: 6854K new-sz: 2249K new bits offs: 19 T: 0.00
c o [rdb] cls before: 37702 after: 27872 low lbd: 1384 lbd cutoff: 2 target computed: 20000 cannot be del : 80 used: 17785 rdb: 4246
c o [rdb] cls before: 38442 after: 28584 low lbd: 1387 lbd cutoff: 2 target computed: 20000 cannot be del : 73 used: 18503 rdb: 4249
c o [mem] consolidate  old-sz: 8484K new-sz: 2481K new bits offs: 19 T: 0.00
c o [rdb] cls before: 38632 after: 28812 low lbd: 1387 lbd cutoff: 2 target computed: 20000 cannot be del : 73 used: 19853 rdb: 4252
c o [mem] consolidate  old-sz: 8499K new-sz: 2351K new bits offs: 19 T: 0.00
c o [rdb] cls before: 38467 after: 28071 low lbd: 1388 lbd cutoff: 2 target computed: 20000 cannot be del : 37 used: 17464 rdb: 4255
c o [mem] consolidate  old-sz: 8478K new-sz: 2443K new bits offs: 19 T: 0.00
c o [rdb] cls before: 38723 after: 28375 low lbd: 1391 lbd cutoff: 2 target computed: 20000 cannot be del : 71 used: 18939 rdb: 4258
c o [mem] consolidate  old-sz: 7040K new-sz: 2401K new bits offs: 19 T: 0.00
c o [rdb] cls before: 38472 after: 28381 low lbd: 1393 lbd cutoff: 2 target computed: 20000 cannot be del : 67 used: 17917 rdb: 4261
c o [rdb] cls before: 38715 after: 27957 low lbd: 1394 lbd cutoff: 2 target computed: 20000 cannot be del : 53 used: 18454 rdb: 4264
c o [mem] consolidate  old-sz: 8521K new-sz: 2263K new bits offs: 19 T: 0.00
c o [rdb] cls before: 37881 after: 28294 low lbd: 1394 lbd cutoff: 2 target computed: 20000 cannot be del : 75 used: 18734 rdb: 4267
c o [mem] consolidate  old-sz: 8404K new-sz: 2501K new bits offs: 19 T: 0.00
c o [rdb] cls before: 38367 after: 28638 low lbd: 1395 lbd cutoff: 2 target computed: 20000 cannot be del : 23 used: 18979 rdb: 4270
c o [mem] consolidate  old-sz: 7088K new-sz: 2490K new bits offs: 19 T: 0.00
c o [rdb] cls before: 37919 after: 28406 low lbd: 1398 lbd cutoff: 2 target computed: 20000 cannot be del : 86 used: 18606 rdb: 4273
c o [mem] consolidate  old-sz: 7346K new-sz: 2591K new bits offs: 19 T: 0.00
c o [rdb] cls before: 38365 after: 27224 low lbd: 1398 lbd cutoff: 2 target computed: 20000 cannot be del : 81 used: 18204 rdb: 4276
c o [mem] consolidate  old-sz: 7141K new-sz: 2413K new bits offs: 19 T: 0.00
c o [rdb] cls before: 38370 after: 28215 low lbd: 1400 lbd cutoff: 2 target computed: 20000 cannot be del : 72 used: 20328 rdb: 4279
c o [mem] consolidate  old-sz: 6787K new-sz: 2232K new bits offs: 19 T: 0.00
c o [rdb] cls before: 37954 after: 27444 low lbd: 1400 lbd cutoff: 2 target computed: 20000 cannot be del : 79 used: 17630 rdb: 4282
c o [mem] consolidate  old-sz: 8232K new-sz: 2394K new bits offs: 19 T: 0.00
c o [rdb] cls before: 38177 after: 28278 low lbd: 1401 lbd cutoff: 2 target computed: 20000 cannot be del : 91 used: 18946 rdb: 4285
c o [rdb] cls before: 38758 after: 27861 low lbd: 1404 lbd cutoff: 2 target computed: 20000 cannot be del : 43 used: 18591 rdb: 4288
c o [mem] consolidate  old-sz: 8604K new-sz: 2396K new bits offs: 19 T: 0.00
c o [rdb] cls before: 37929 after: 28291 low lbd: 1405 lbd cutoff: 2 target computed: 20000 cannot be del : 148 used: 18864 rdb: 4291
c o [mem] consolidate  old-sz: 8498K new-sz: 2473K new bits offs: 19 T: 0.00
c o [rdb] cls before: 38045 after: 28024 low lbd: 1408 lbd cutoff: 2 target computed: 20000 cannot be del : 61 used: 18421 rdb: 4294
c o [mem] consolidate  old-sz: 7002K new-sz: 2389K new bits offs: 19 T: 0.00
c o [rdb] cls before: 38510 after: 28386 low lbd: 1409 lbd cutoff: 2 target computed: 20000 cannot be del : 49 used: 18343 rdb: 4297
c o [mem] consolidate  old-sz: 8522K new-sz: 2406K new bits offs: 19 T: 0.00
c o [rdb] cls before: 38342 after: 28565 low lbd: 1410 lbd cutoff: 2 target computed: 20000 cannot be del : 67 used: 19925 rdb: 4300
c o [rdb] cls before: 38738 after: 28306 low lbd: 1411 lbd cutoff: 2 target computed: 20000 cannot be del : 127 used: 18862 rdb: 4303
c o [mem] consolidate  old-sz: 8461K new-sz: 2400K new bits offs: 19 T: 0.00
c o [rdb] cls before: 38640 after: 28670 low lbd: 1413 lbd cutoff: 2 target computed: 20000 cannot be del : 33 used: 20452 rdb: 4306
c o [mem] consolidate  old-sz: 8520K new-sz: 2345K new bits offs: 19 T: 0.00
c o [rdb] cls before: 38398 after: 28440 low lbd: 1415 lbd cutoff: 2 target computed: 20000 cannot be del : 70 used: 18620 rdb: 4309
c o [mem] consolidate  old-sz: 8531K new-sz: 2488K new bits offs: 19 T: 0.00
c o [rdb] cls before: 38772 after: 28675 low lbd: 1416 lbd cutoff: 2 target computed: 20000 cannot be del : 82 used: 19522 rdb: 4312
c o [mem] consolidate  old-sz: 7021K new-sz: 2455K new bits offs: 19 T: 0.00
c o [rdb] cls before: 38769 after: 29556 low lbd: 1416 lbd cutoff: 2 target computed: 20000 cannot be del : 75 used: 20324 rdb: 4315
c o [rdb] cls before: 39422 after: 29057 low lbd: 1417 lbd cutoff: 2 target computed: 20000 cannot be del : 81 used: 20087 rdb: 4318
c o [mem] consolidate  old-sz: 8577K new-sz: 2420K new bits offs: 19 T: 0.00
c o [rdb] cls before: 38860 after: 29012 low lbd: 1419 lbd cutoff: 2 target computed: 20000 cannot be del : 59 used: 19247 rdb: 4321
c o [mem] consolidate  old-sz: 7023K new-sz: 2483K new bits offs: 19 T: 0.00
c o [rdb] cls before: 39210 after: 29148 low lbd: 1420 lbd cutoff: 2 target computed: 20000 cannot be del : 76 used: 19618 rdb: 4324
c o [mem] consolidate  old-sz: 8819K new-sz: 2463K new bits offs: 19 T: 0.00
c o [rdb] cls before: 38859 after: 28493 low lbd: 1421 lbd cutoff: 2 target computed: 20000 cannot be del : 94 used: 18587 rdb: 4327
c o [mem] consolidate  old-sz: 8571K new-sz: 2501K new bits offs: 19 T: 0.00
c o [rdb] cls before: 39055 after: 28115 low lbd: 1422 lbd cutoff: 2 target computed: 20000 cannot be del : 69 used: 17856 rdb: 4330
c o [mem] consolidate  old-sz: 7017K new-sz: 2411K new bits offs: 19 T: 0.00
c o [rdb] cls before: 38831 after: 28734 low lbd: 1423 lbd cutoff: 2 target computed: 20000 cannot be del : 90 used: 19300 rdb: 4333
c o [rdb] cls before: 38908 after: 28630 low lbd: 1424 lbd cutoff: 2 target computed: 20000 cannot be del : 106 used: 18214 rdb: 4336
c o [mem] consolidate  old-sz: 8556K new-sz: 2440K new bits offs: 19 T: 0.00
c o [rdb] cls before: 38666 after: 27879 low lbd: 1427 lbd cutoff: 2 target computed: 20000 cannot be del : 120 used: 18598 rdb: 4339
c o [mem] consolidate  old-sz: 7186K new-sz: 2309K new bits offs: 19 T: 0.00
c o [rdb] cls before: 38784 after: 27861 low lbd: 1427 lbd cutoff: 2 target computed: 20000 cannot be del : 56 used: 18191 rdb: 4342
c o [mem] consolidate  old-sz: 6834K new-sz: 2311K new bits offs: 19 T: 0.00
c o [rdb] cls before: 38471 after: 28953 low lbd: 1429 lbd cutoff: 2 target computed: 20000 cannot be del : 85 used: 18888 rdb: 4345
c o [mem] consolidate  old-sz: 8178K new-sz: 2410K new bits offs: 19 T: 0.00
c o [rdb] cls before: 38747 after: 28619 low lbd: 1429 lbd cutoff: 2 target computed: 20000 cannot be del : 70 used: 19074 rdb: 4348
c o [mem] consolidate  old-sz: 6827K new-sz: 2366K new bits offs: 19 T: 0.00
c o [rdb] cls before: 39048 after: 28712 low lbd: 1433 lbd cutoff: 2 target computed: 20000 cannot be del : 32 used: 18456 rdb: 4351
c o [mem] consolidate  old-sz: 6657K new-sz: 2281K new bits offs: 19 T: 0.00
c o [rdb] cls before: 38817 after: 29358 low lbd: 1435 lbd cutoff: 2 target computed: 20000 cannot be del : 45 used: 19832 rdb: 4354
c o [mem] consolidate  old-sz: 6670K new-sz: 2334K new bits offs: 19 T: 0.00
c o [rdb] cls before: 38791 after: 28749 low lbd: 1435 lbd cutoff: 2 target computed: 20000 cannot be del : 76 used: 18496 rdb: 4357
c o [mem] consolidate  old-sz: 6812K new-sz: 2303K new bits offs: 19 T: 0.00
c o [rdb] cls before: 38368 after: 28553 low lbd: 1436 lbd cutoff: 2 target computed: 20000 cannot be del : 70 used: 18508 rdb: 4360
c o [mem] consolidate  old-sz: 8476K new-sz: 2415K new bits offs: 19 T: 0.00
c o [rdb] cls before: 38315 after: 28570 low lbd: 1439 lbd cutoff: 2 target computed: 20000 cannot be del : 90 used: 18430 rdb: 4363
c o [mem] consolidate  old-sz: 7104K new-sz: 2420K new bits offs: 19 T: 0.00
c o [rdb] cls before: 38097 after: 28529 low lbd: 1440 lbd cutoff: 2 target computed: 20000 cannot be del : 64 used: 19471 rdb: 4366
c o [rdb] cls before: 38135 after: 28079 low lbd: 1442 lbd cutoff: 2 target computed: 20000 cannot be del : 58 used: 18776 rdb: 4369
c o [mem] consolidate  old-sz: 8408K new-sz: 2328K new bits offs: 19 T: 0.00
c o [rdb] cls before: 38449 after: 28699 low lbd: 1443 lbd cutoff: 2 target computed: 20000 cannot be del : 100 used: 18712 rdb: 4372
c o [mem] consolidate  old-sz: 8434K new-sz: 2413K new bits offs: 19 T: 0.00
c o [rdb] cls before: 38450 after: 28486 low lbd: 1443 lbd cutoff: 2 target computed: 20000 cannot be del : 69 used: 19632 rdb: 4375
c o [mem] consolidate  old-sz: 6905K new-sz: 2340K new bits offs: 19 T: 0.00
c o [rdb] cls before: 38415 after: 28422 low lbd: 1443 lbd cutoff: 2 target computed: 20000 cannot be del : 78 used: 18827 rdb: 4378
c o [mem] consolidate  old-sz: 8348K new-sz: 2469K new bits offs: 19 T: 0.00
c o [rdb] cls before: 38603 after: 28740 low lbd: 1446 lbd cutoff: 2 target computed: 20000 cannot be del : 76 used: 19698 rdb: 4381
c o [rdb] cls before: 39383 after: 29257 low lbd: 1447 lbd cutoff: 2 target computed: 20000 cannot be del : 71 used: 19619 rdb: 4384
c o [mem] consolidate  old-sz: 8322K new-sz: 2384K new bits offs: 19 T: 0.00
c o [rdb] cls before: 38493 after: 28900 low lbd: 1450 lbd cutoff: 2 target computed: 20000 cannot be del : 108 used: 18766 rdb: 4387
c o [mem] consolidate  old-sz: 6894K new-sz: 2419K new bits offs: 19 T: 0.00
c o [rdb] cls before: 39181 after: 29078 low lbd: 1451 lbd cutoff: 2 target computed: 20000 cannot be del : 46 used: 19081 rdb: 4390
c o [mem] consolidate  old-sz: 8560K new-sz: 2508K new bits offs: 19 T: 0.00
c o [rdb] cls before: 39049 after: 28562 low lbd: 1453 lbd cutoff: 2 target computed: 20000 cannot be del : 101 used: 18724 rdb: 4393
c o [mem] consolidate  old-sz: 7251K new-sz: 2595K new bits offs: 19 T: 0.00
c o [rdb] cls before: 37764 after: 28267 low lbd: 1454 lbd cutoff: 2 target computed: 20000 cannot be del : 33 used: 18379 rdb: 4396
c o [mem] consolidate  old-sz: 7046K new-sz: 2375K new bits offs: 19 T: 0.00
c o [rdb] cls before: 38907 after: 29202 low lbd: 1454 lbd cutoff: 2 target computed: 20000 cannot be del : 60 used: 19701 rdb: 4399
c o [mem] consolidate  old-sz: 6809K new-sz: 2345K new bits offs: 19 T: 0.00
c o [rdb] cls before: 38656 after: 28210 low lbd: 1455 lbd cutoff: 2 target computed: 20000 cannot be del : 77 used: 18002 rdb: 4402
c o [mem] consolidate  old-sz: 8509K new-sz: 2460K new bits offs: 19 T: 0.00
c o [rdb] cls before: 39003 after: 29341 low lbd: 1456 lbd cutoff: 2 target computed: 20000 cannot be del : 46 used: 19515 rdb: 4405
c o [mem] consolidate  old-sz: 7156K new-sz: 2485K new bits offs: 19 T: 0.00
c o [rdb] cls before: 38659 after: 28801 low lbd: 1456 lbd cutoff: 2 target computed: 20000 cannot be del : 78 used: 18563 rdb: 4408
c o [mem] consolidate  old-sz: 7069K new-sz: 2338K new bits offs: 19 T: 0.00
c o [rdb] cls before: 38311 after: 28397 low lbd: 1457 lbd cutoff: 2 target computed: 20000 cannot be del : 78 used: 17998 rdb: 4411
c o [rdb] cls before: 39106 after: 28937 low lbd: 1457 lbd cutoff: 2 target computed: 20000 cannot be del : 73 used: 19001 rdb: 4414
c o [mem] consolidate  old-sz: 8578K new-sz: 2516K new bits offs: 19 T: 0.00
c o [rdb] cls before: 38488 after: 27964 low lbd: 1458 lbd cutoff: 2 target computed: 20000 cannot be del : 36 used: 19023 rdb: 4417
c o [mem] consolidate  old-sz: 7192K new-sz: 2369K new bits offs: 19 T: 0.00
c o [rdb] cls before: 37815 after: 27968 low lbd: 1461 lbd cutoff: 2 target computed: 20000 cannot be del : 60 used: 18778 rdb: 4420
c o [mem] consolidate  old-sz: 8441K new-sz: 2397K new bits offs: 19 T: 0.00
c o [rdb] cls before: 38325 after: 28248 low lbd: 1462 lbd cutoff: 2 target computed: 20000 cannot be del : 24 used: 19120 rdb: 4423
c o [mem] consolidate  old-sz: 6976K new-sz: 2291K new bits offs: 19 T: 0.00
c o [rdb] cls before: 38659 after: 28707 low lbd: 1463 lbd cutoff: 2 target computed: 20000 cannot be del : 84 used: 19158 rdb: 4426
c o [mem] consolidate  old-sz: 8419K new-sz: 2444K new bits offs: 19 T: 0.00
c o [rdb] cls before: 38343 after: 28471 low lbd: 1464 lbd cutoff: 2 target computed: 20000 cannot be del : 100 used: 18194 rdb: 4429
c o [rdb] cls before: 38534 after: 28178 low lbd: 1466 lbd cutoff: 2 target computed: 20000 cannot be del : 127 used: 17936 rdb: 4432
c o [mem] consolidate  old-sz: 8807K new-sz: 2433K new bits offs: 19 T: 0.00
c o [rdb] cls before: 38628 after: 28051 low lbd: 1467 lbd cutoff: 2 target computed: 20000 cannot be del : 94 used: 18249 rdb: 4435
c o [mem] consolidate  old-sz: 7174K new-sz: 2317K new bits offs: 19 T: 0.00
c o [rdb] cls before: 38299 after: 28986 low lbd: 1468 lbd cutoff: 2 target computed: 20000 cannot be del : 66 used: 19825 rdb: 4438
c o [mem] consolidate  old-sz: 8271K new-sz: 2352K new bits offs: 19 T: 0.00
c o [rdb] cls before: 38915 after: 29352 low lbd: 1471 lbd cutoff: 2 target computed: 20000 cannot be del : 41 used: 19970 rdb: 4441
c o [mem] consolidate  old-sz: 8467K new-sz: 2473K new bits offs: 19 T: 0.00
c o [rdb] cls before: 39303 after: 29040 low lbd: 1472 lbd cutoff: 2 target computed: 20000 cannot be del : 54 used: 18896 rdb: 4444
c o [mem] consolidate  old-sz: 7103K new-sz: 2393K new bits offs: 19 T: 0.00
c o [rdb] cls before: 38602 after: 28957 low lbd: 1473 lbd cutoff: 2 target computed: 20000 cannot be del : 103 used: 18798 rdb: 4447
c o [rdb] cls before: 39408 after: 29535 low lbd: 1474 lbd cutoff: 2 target computed: 20000 cannot be del : 70 used: 20171 rdb: 4450
c o [mem] consolidate  old-sz: 8764K new-sz: 2559K new bits offs: 19 T: 0.00
c o [rdb] cls before: 38307 after: 28471 low lbd: 1475 lbd cutoff: 2 target computed: 20000 cannot be del : 62 used: 18788 rdb: 4453
c o [mem] consolidate  old-sz: 6984K new-sz: 2255K new bits offs: 19 T: 0.00
c o [rdb] cls before: 38941 after: 28694 low lbd: 1477 lbd cutoff: 2 target computed: 20000 cannot be del : 52 used: 18610 rdb: 4456
c o [mem] consolidate  old-sz: 8138K new-sz: 2427K new bits offs: 19 T: 0.00
c o [rdb] cls before: 39231 after: 29367 low lbd: 1478 lbd cutoff: 2 target computed: 20000 cannot be del : 75 used: 19831 rdb: 4459
c o [mem] consolidate  old-sz: 6917K new-sz: 2485K new bits offs: 19 T: 0.00
c o [rdb] cls before: 39490 after: 29526 low lbd: 1478 lbd cutoff: 2 target computed: 20000 cannot be del : 76 used: 20012 rdb: 4462
c o [mem] consolidate  old-sz: 6874K new-sz: 2326K new bits offs: 19 T: 0.00
c o [rdb] cls before: 39745 after: 29782 low lbd: 1481 lbd cutoff: 2 target computed: 20000 cannot be del : 39 used: 19895 rdb: 4465
c o [mem] consolidate  old-sz: 8056K new-sz: 2460K new bits offs: 19 T: 0.00
c o [rdb] cls before: 40304 after: 29763 low lbd: 1482 lbd cutoff: 2 target computed: 20000 cannot be del : 75 used: 20097 rdb: 4468
c o [mem] consolidate  old-sz: 6820K new-sz: 2486K new bits offs: 19 T: 0.00
c o [rdb] cls before: 39898 after: 30131 low lbd: 1482 lbd cutoff: 2 target computed: 20000 cannot be del : 74 used: 20348 rdb: 4471
c o [mem] consolidate  old-sz: 6941K new-sz: 2438K new bits offs: 19 T: 0.00
c o [rdb] cls before: 39623 after: 29608 low lbd: 1482 lbd cutoff: 2 target computed: 20000 cannot be del : 85 used: 19417 rdb: 4474
c o [mem] consolidate  old-sz: 6937K new-sz: 2359K new bits offs: 19 T: 0.00
c o [rdb] cls before: 39022 after: 29078 low lbd: 1486 lbd cutoff: 2 target computed: 20000 cannot be del : 70 used: 20033 rdb: 4477
c o [rdb] cls before: 39759 after: 29093 low lbd: 1487 lbd cutoff: 2 target computed: 20000 cannot be del : 60 used: 18585 rdb: 4480
c o [mem] consolidate  old-sz: 8310K new-sz: 2408K new bits offs: 19 T: 0.00
c o [rdb] cls before: 39251 after: 29579 low lbd: 1488 lbd cutoff: 2 target computed: 20000 cannot be del : 105 used: 19575 rdb: 4483
c o [mem] consolidate  old-sz: 8346K new-sz: 2436K new bits offs: 19 T: 0.00
c o [rdb] cls before: 39750 after: 29741 low lbd: 1490 lbd cutoff: 2 target computed: 20000 cannot be del : 66 used: 19780 rdb: 4486
c o [mem] consolidate  old-sz: 8337K new-sz: 2408K new bits offs: 19 T: 0.00
c o [rdb] cls before: 39709 after: 29547 low lbd: 1492 lbd cutoff: 2 target computed: 20000 cannot be del : 116 used: 19448 rdb: 4489
c o [mem] consolidate  old-sz: 6819K new-sz: 2343K new bits offs: 19 T: 0.00
c o [rdb] cls before: 38420 after: 28637 low lbd: 1492 lbd cutoff: 2 target computed: 20000 cannot be del : 108 used: 18262 rdb: 4492
c o [rdb] cls before: 38624 after: 28983 low lbd: 1492 lbd cutoff: 2 target computed: 20000 cannot be del : 47 used: 19129 rdb: 4495
c o [mem] consolidate  old-sz: 8170K new-sz: 2368K new bits offs: 19 T: 0.00
c o [rdb] cls before: 38687 after: 28283 low lbd: 1492 lbd cutoff: 2 target computed: 20000 cannot be del : 105 used: 18548 rdb: 4498
c o [mem] consolidate  old-sz: 6874K new-sz: 2330K new bits offs: 19 T: 0.00
c o [rdb] cls before: 38157 after: 28400 low lbd: 1495 lbd cutoff: 2 target computed: 20000 cannot be del : 62 used: 18551 rdb: 4501
c o [mem] consolidate  old-sz: 8223K new-sz: 2332K new bits offs: 19 T: 0.00
c o [rdb] cls before: 38621 after: 28867 low lbd: 1498 lbd cutoff: 2 target computed: 20000 cannot be del : 35 used: 19854 rdb: 4504
c o [mem] consolidate  old-sz: 6766K new-sz: 2307K new bits offs: 19 T: 0.00
c o [rdb] cls before: 38580 after: 28619 low lbd: 1500 lbd cutoff: 2 target computed: 20000 cannot be del : 94 used: 18350 rdb: 4507
c o [mem] consolidate  old-sz: 8147K new-sz: 2331K new bits offs: 19 T: 0.00
c o [rdb] cls before: 38614 after: 28637 low lbd: 1500 lbd cutoff: 2 target computed: 20000 cannot be del : 51 used: 19465 rdb: 4510
c o [rdb] cls before: 38771 after: 28844 low lbd: 1501 lbd cutoff: 2 target computed: 20000 cannot be del : 107 used: 18970 rdb: 4513
c o [mem] consolidate  old-sz: 8263K new-sz: 2389K new bits offs: 19 T: 0.00
c o [rdb] cls before: 38883 after: 28912 low lbd: 1501 lbd cutoff: 2 target computed: 20000 cannot be del : 23 used: 19957 rdb: 4516
c o [mem] consolidate  old-sz: 8287K new-sz: 2274K new bits offs: 19 T: 0.00
c o [rdb] cls before: 38286 after: 28630 low lbd: 1508 lbd cutoff: 2 target computed: 20000 cannot be del : 74 used: 18662 rdb: 4519
c o [mem] consolidate  old-sz: 8140K new-sz: 2360K new bits offs: 19 T: 0.00
c o [rdb] cls before: 38558 after: 28700 low lbd: 1510 lbd cutoff: 2 target computed: 20000 cannot be del : 108 used: 18315 rdb: 4522
c o [rdb] cls before: 38739 after: 28728 low lbd: 1510 lbd cutoff: 2 target computed: 20000 cannot be del : 111 used: 18334 rdb: 4525
c o [mem] consolidate  old-sz: 8215K new-sz: 2372K new bits offs: 19 T: 0.00
c o [rdb] cls before: 38087 after: 28632 low lbd: 1510 lbd cutoff: 2 target computed: 20000 cannot be del : 29 used: 18106 rdb: 4528
c o [mem] consolidate  old-sz: 6736K new-sz: 2348K new bits offs: 19 T: 0.00
c o [rdb] cls before: 38502 after: 28443 low lbd: 1512 lbd cutoff: 2 target computed: 20000 cannot be del : 96 used: 18426 rdb: 4531
c o [mem] consolidate  old-sz: 6894K new-sz: 2450K new bits offs: 19 T: 0.00
c o [rdb] cls before: 38043 after: 27917 low lbd: 1512 lbd cutoff: 2 target computed: 20000 cannot be del : 51 used: 18349 rdb: 4534
c o [mem] consolidate  old-sz: 6965K new-sz: 2367K new bits offs: 19 T: 0.00
c o [rdb] cls before: 37870 after: 27800 low lbd: 1513 lbd cutoff: 2 target computed: 20000 cannot be del : 93 used: 18362 rdb: 4537
c o [mem] consolidate  old-sz: 6936K new-sz: 2398K new bits offs: 19 T: 0.00
c o [rdb] cls before: 37739 after: 27196 low lbd: 1515 lbd cutoff: 2 target computed: 20000 cannot be del : 50 used: 17079 rdb: 4540
c o [mem] consolidate  old-sz: 7041K new-sz: 2265K new bits offs: 19 T: 0.00
c o [rdb] cls before: 37914 after: 28249 low lbd: 1516 lbd cutoff: 2 target computed: 20000 cannot be del : 61 used: 19286 rdb: 4543
c o [mem] consolidate  old-sz: 8052K new-sz: 2235K new bits offs: 19 T: 0.00
c o [rdb] cls before: 37926 after: 28059 low lbd: 1518 lbd cutoff: 2 target computed: 20000 cannot be del : 61 used: 17897 rdb: 4546
c o [mem] consolidate  old-sz: 8344K new-sz: 2463K new bits offs: 19 T: 0.00
c o [rdb] cls before: 37961 after: 28105 low lbd: 1518 lbd cutoff: 2 target computed: 20000 cannot be del : 47 used: 18110 rdb: 4549
c o [mem] consolidate  old-sz: 7163K new-sz: 2373K new bits offs: 19 T: 0.00
c o [rdb] cls before: 37769 after: 28105 low lbd: 1518 lbd cutoff: 2 target computed: 20000 cannot be del : 119 used: 19508 rdb: 4552
c o [mem] consolidate  old-sz: 6738K new-sz: 2266K new bits offs: 19 T: 0.00
c o [rdb] cls before: 37440 after: 27702 low lbd: 1518 lbd cutoff: 2 target computed: 20000 cannot be del : 80 used: 18673 rdb: 4555
c o [rdb] cls before: 37742 after: 27773 low lbd: 1519 lbd cutoff: 2 target computed: 20000 cannot be del : 71 used: 19049 rdb: 4558
c o [mem] consolidate  old-sz: 8135K new-sz: 2286K new bits offs: 19 T: 0.00
c o [rdb] cls before: 38470 after: 27336 low lbd: 1520 lbd cutoff: 2 target computed: 20000 cannot be del : 129 used: 16479 rdb: 4561
c o [mem] consolidate  old-sz: 6746K new-sz: 2285K new bits offs: 19 T: 0.00
c o [rdb] cls before: 37962 after: 28155 low lbd: 1521 lbd cutoff: 2 target computed: 20000 cannot be del : 35 used: 18524 rdb: 4564
c o [mem] consolidate  old-sz: 8182K new-sz: 2300K new bits offs: 19 T: 0.00
c o [rdb] cls before: 38110 after: 27408 low lbd: 1521 lbd cutoff: 2 target computed: 20000 cannot be del : 60 used: 17605 rdb: 4567
c o [mem] consolidate  old-sz: 8292K new-sz: 2379K new bits offs: 19 T: 0.00
c o [rdb] cls before: 37782 after: 28018 low lbd: 1522 lbd cutoff: 2 target computed: 20000 cannot be del : 62 used: 18747 rdb: 4570
c o [rdb] cls before: 37986 after: 27424 low lbd: 1523 lbd cutoff: 2 target computed: 20000 cannot be del : 91 used: 17553 rdb: 4573
c o [mem] consolidate  old-sz: 8460K new-sz: 2328K new bits offs: 19 T: 0.00
c o [rdb] cls before: 37719 after: 27034 low lbd: 1523 lbd cutoff: 2 target computed: 20000 cannot be del : 113 used: 17204 rdb: 4576
c o [mem] consolidate  old-sz: 6913K new-sz: 2304K new bits offs: 19 T: 0.00
c o [rdb] cls before: 37918 after: 28246 low lbd: 1523 lbd cutoff: 2 target computed: 20000 cannot be del : 32 used: 18671 rdb: 4579
c o [mem] consolidate  old-sz: 8386K new-sz: 2404K new bits offs: 19 T: 0.00
c o [rdb] cls before: 37963 after: 27687 low lbd: 1525 lbd cutoff: 2 target computed: 20000 cannot be del : 34 used: 18807 rdb: 4582
c o [mem] consolidate  old-sz: 7024K new-sz: 2390K new bits offs: 19 T: 0.00
c o [rdb] cls before: 38051 after: 28131 low lbd: 1525 lbd cutoff: 2 target computed: 20000 cannot be del : 92 used: 18061 rdb: 4585
c o [mem] consolidate  old-sz: 8751K new-sz: 2481K new bits offs: 19 T: 0.00
c o [rdb] cls before: 38083 after: 28220 low lbd: 1525 lbd cutoff: 2 target computed: 20000 cannot be del : 57 used: 18678 rdb: 4588
c o [rdb] cls before: 38393 after: 27482 low lbd: 1527 lbd cutoff: 2 target computed: 20000 cannot be del : 65 used: 18347 rdb: 4591
c o [mem] consolidate  old-sz: 8618K new-sz: 2313K new bits offs: 19 T: 0.00
c o [rdb] cls before: 38023 after: 28683 low lbd: 1528 lbd cutoff: 2 target computed: 20000 cannot be del : 75 used: 19411 rdb: 4594
c o [mem] consolidate  old-sz: 8443K new-sz: 2548K new bits offs: 19 T: 0.00
c o [rdb] cls before: 38315 after: 28082 low lbd: 1528 lbd cutoff: 2 target computed: 20000 cannot be del : 55 used: 18797 rdb: 4597
c o [mem] consolidate  old-sz: 7057K new-sz: 2433K new bits offs: 19 T: 0.00
c o [rdb] cls before: 37701 after: 27996 low lbd: 1529 lbd cutoff: 2 target computed: 20000 cannot be del : 108 used: 18328 rdb: 4600
c o [mem] consolidate  old-sz: 7069K new-sz: 2429K new bits offs: 19 T: 0.00
c o [rdb] cls before: 37976 after: 27946 low lbd: 1530 lbd cutoff: 2 target computed: 20000 cannot be del : 52 used: 18325 rdb: 4603
c o [mem] consolidate  old-sz: 6999K new-sz: 2415K new bits offs: 19 T: 0.00
c o [rdb] cls before: 38506 after: 28373 low lbd: 1531 lbd cutoff: 2 target computed: 20000 cannot be del : 69 used: 18999 rdb: 4606
c o [mem] consolidate  old-sz: 8656K new-sz: 2376K new bits offs: 19 T: 0.00
c o [rdb] cls before: 37774 after: 28008 low lbd: 1533 lbd cutoff: 2 target computed: 20000 cannot be del : 75 used: 17369 rdb: 4609
c o [rdb] cls before: 38171 after: 28242 low lbd: 1534 lbd cutoff: 2 target computed: 20000 cannot be del : 55 used: 19264 rdb: 4612
c o [mem] consolidate  old-sz: 8538K new-sz: 2376K new bits offs: 19 T: 0.00
c o [rdb] cls before: 38021 after: 28267 low lbd: 1536 lbd cutoff: 2 target computed: 20000 cannot be del : 116 used: 17953 rdb: 4615
c o [mem] consolidate  old-sz: 8988K new-sz: 2514K new bits offs: 19 T: 0.00
c o [rdb] cls before: 38097 after: 28589 low lbd: 1537 lbd cutoff: 2 target computed: 20000 cannot be del : 69 used: 18612 rdb: 4618
c o [mem] consolidate  old-sz: 7138K new-sz: 2252K new bits offs: 19 T: 0.00
c o [rdb] cls before: 37791 after: 27940 low lbd: 1537 lbd cutoff: 2 target computed: 20000 cannot be del : 113 used: 18166 rdb: 4621
c o [mem] consolidate  old-sz: 8167K new-sz: 2335K new bits offs: 19 T: 0.00
c o [rdb] cls before: 38191 after: 28138 low lbd: 1538 lbd cutoff: 2 target computed: 20000 cannot be del : 74 used: 18303 rdb: 4624
c o [rdb] cls before: 38515 after: 28447 low lbd: 1538 lbd cutoff: 2 target computed: 20000 cannot be del : 58 used: 18058 rdb: 4627
c o [mem] consolidate  old-sz: 8345K new-sz: 2371K new bits offs: 19 T: 0.00
c o [rdb] cls before: 37471 after: 28377 low lbd: 1538 lbd cutoff: 2 target computed: 20000 cannot be del : 70 used: 17850 rdb: 4630
c o [mem] consolidate  old-sz: 6892K new-sz: 2397K new bits offs: 19 T: 0.00
c o [rdb] cls before: 38528 after: 28694 low lbd: 1538 lbd cutoff: 2 target computed: 20000 cannot be del : 59 used: 18662 rdb: 4633
c o [mem] consolidate  old-sz: 8178K new-sz: 2437K new bits offs: 19 T: 0.00
c o [rdb] cls before: 38275 after: 28372 low lbd: 1540 lbd cutoff: 2 target computed: 20000 cannot be del : 62 used: 18259 rdb: 4636
c o [mem] consolidate  old-sz: 6806K new-sz: 2361K new bits offs: 19 T: 0.00
c o [rdb] cls before: 39254 after: 28935 low lbd: 1541 lbd cutoff: 2 target computed: 20000 cannot be del : 80 used: 18866 rdb: 4639
c o [mem] consolidate  old-sz: 6937K new-sz: 2488K new bits offs: 19 T: 0.00
c o [rdb] cls before: 38552 after: 28877 low lbd: 1543 lbd cutoff: 2 target computed: 20000 cannot be del : 84 used: 18924 rdb: 4642
c o [mem] consolidate  old-sz: 8524K new-sz: 2507K new bits offs: 19 T: 0.00
c o [rdb] cls before: 39084 after: 28374 low lbd: 1546 lbd cutoff: 2 target computed: 20000 cannot be del : 82 used: 18378 rdb: 4645
c o [mem] consolidate  old-sz: 6906K new-sz: 2406K new bits offs: 19 T: 0.00
c o [rdb] cls before: 38906 after: 29004 low lbd: 1547 lbd cutoff: 2 target computed: 20000 cannot be del : 66 used: 18519 rdb: 4648
c o [rdb] cls before: 39255 after: 29262 low lbd: 1550 lbd cutoff: 2 target computed: 20000 cannot be del : 35 used: 19194 rdb: 4651
c o [mem] consolidate  old-sz: 8402K new-sz: 2445K new bits offs: 19 T: 0.00
c o [rdb] cls before: 39310 after: 28685 low lbd: 1551 lbd cutoff: 2 target computed: 20000 cannot be del : 80 used: 18552 rdb: 4654
c o [mem] consolidate  old-sz: 6940K new-sz: 2411K new bits offs: 19 T: 0.00
c o [rdb] cls before: 39163 after: 29170 low lbd: 1551 lbd cutoff: 2 target computed: 20000 cannot be del : 81 used: 18932 rdb: 4657
c o [mem] consolidate  old-sz: 8457K new-sz: 2365K new bits offs: 19 T: 0.00
c o [rdb] cls before: 39628 after: 29896 low lbd: 1553 lbd cutoff: 2 target computed: 20000 cannot be del : 75 used: 20178 rdb: 4660
c o [mem] consolidate  old-sz: 8298K new-sz: 2463K new bits offs: 19 T: 0.00
c o [rdb] cls before: 39753 after: 28281 low lbd: 1553 lbd cutoff: 2 target computed: 20000 cannot be del : 93 used: 18256 rdb: 4663
c o [mem] consolidate  old-sz: 6887K new-sz: 2356K new bits offs: 19 T: 0.00
c o [rdb] cls before: 38391 after: 28372 low lbd: 1553 lbd cutoff: 2 target computed: 20000 cannot be del : 53 used: 19033 rdb: 4666
c o [rdb] cls before: 39353 after: 28979 low lbd: 1558 lbd cutoff: 2 target computed: 20000 cannot be del : 136 used: 19788 rdb: 4669
c o [mem] consolidate  old-sz: 7987K new-sz: 2381K new bits offs: 19 T: 0.00
c o [rdb] cls before: 39022 after: 28665 low lbd: 1558 lbd cutoff: 2 target computed: 20000 cannot be del : 71 used: 18778 rdb: 4672
c o [mem] consolidate  old-sz: 6826K new-sz: 2441K new bits offs: 19 T: 0.00
c o [rdb] cls before: 38022 after: 28275 low lbd: 1561 lbd cutoff: 2 target computed: 20000 cannot be del : 114 used: 18274 rdb: 4675
c o [mem] consolidate  old-sz: 6919K new-sz: 2411K new bits offs: 19 T: 0.00
c o [rdb] cls before: 37901 after: 27926 low lbd: 1563 lbd cutoff: 2 target computed: 20000 cannot be del : 61 used: 18215 rdb: 4678
c o [mem] consolidate  old-sz: 6845K new-sz: 2273K new bits offs: 19 T: 0.00
c o [rdb] cls before: 38284 after: 28446 low lbd: 1564 lbd cutoff: 2 target computed: 20000 cannot be del : 71 used: 19173 rdb: 4681
c o [mem] consolidate  old-sz: 8105K new-sz: 2288K new bits offs: 19 T: 0.00
c o [rdb] cls before: 38371 after: 28023 low lbd: 1564 lbd cutoff: 2 target computed: 20000 cannot be del : 79 used: 17458 rdb: 4684
c o [mem] consolidate  old-sz: 8241K new-sz: 2471K new bits offs: 19 T: 0.00
c o [rdb] cls before: 38834 after: 28681 low lbd: 1565 lbd cutoff: 2 target computed: 20000 cannot be del : 74 used: 19141 rdb: 4687
c o [mem] consolidate  old-sz: 7013K new-sz: 2408K new bits offs: 19 T: 0.00
c o [rdb] cls before: 38643 after: 28265 low lbd: 1567 lbd cutoff: 2 target computed: 20000 cannot be del : 43 used: 18421 rdb: 4690
c o [rdb] cls before: 38936 after: 28882 low lbd: 1567 lbd cutoff: 2 target computed: 20000 cannot be del : 82 used: 18910 rdb: 4693
c o [mem] consolidate  old-sz: 8110K new-sz: 2371K new bits offs: 19 T: 0.00
c o [rdb] cls before: 38138 after: 28262 low lbd: 1570 lbd cutoff: 2 target computed: 20000 cannot be del : 54 used: 17669 rdb: 4696
c o [mem] consolidate  old-sz: 6739K new-sz: 2322K new bits offs: 19 T: 0.00
c o [rdb] cls before: 38966 after: 28840 low lbd: 1571 lbd cutoff: 2 target computed: 20000 cannot be del : 78 used: 19547 rdb: 4699
c o [mem] consolidate  old-sz: 8275K new-sz: 2393K new bits offs: 19 T: 0.00
c o [rdb] cls before: 38889 after: 28887 low lbd: 1572 lbd cutoff: 2 target computed: 20000 cannot be del : 60 used: 19453 rdb: 4702
c o [mem] consolidate  old-sz: 6861K new-sz: 2319K new bits offs: 19 T: 0.00
c o [rdb] cls before: 39135 after: 29286 low lbd: 1572 lbd cutoff: 2 target computed: 20000 cannot be del : 46 used: 19488 rdb: 4705
c o [mem] consolidate  old-sz: 8262K new-sz: 2392K new bits offs: 19 T: 0.00
c o [rdb] cls before: 38694 after: 29010 low lbd: 1573 lbd cutoff: 2 target computed: 20000 cannot be del : 101 used: 19575 rdb: 4708
c o [mem] consolidate  old-sz: 6848K new-sz: 2363K new bits offs: 19 T: 0.00
c o [rdb] cls before: 38531 after: 28618 low lbd: 1573 lbd cutoff: 2 target computed: 20000 cannot be del : 101 used: 18251 rdb: 4711
c o [rdb] cls before: 39094 after: 28574 low lbd: 1573 lbd cutoff: 2 target computed: 20000 cannot be del : 32 used: 19180 rdb: 4714
c o [mem] consolidate  old-sz: 8399K new-sz: 2325K new bits offs: 19 T: 0.00
c o [rdb] cls before: 38078 after: 28735 low lbd: 1573 lbd cutoff: 2 target computed: 20000 cannot be del : 51 used: 18977 rdb: 4717
c o [mem] consolidate  old-sz: 8025K new-sz: 2304K new bits offs: 19 T: 0.00
c o [rdb] cls before: 38877 after: 29253 low lbd: 1574 lbd cutoff: 2 target computed: 20000 cannot be del : 66 used: 19328 rdb: 4720
c o [mem] consolidate  old-sz: 8190K new-sz: 2425K new bits offs: 19 T: 0.00
c o [rdb] cls before: 39252 after: 28445 low lbd: 1576 lbd cutoff: 2 target computed: 20000 cannot be del : 128 used: 19198 rdb: 4723
c o [rdb] cls before: 39314 after: 28746 low lbd: 1579 lbd cutoff: 2 target computed: 20000 cannot be del : 72 used: 18558 rdb: 4726
c o [mem] consolidate  old-sz: 8363K new-sz: 2361K new bits offs: 19 T: 0.00
c o [rdb] cls before: 38839 after: 28895 low lbd: 1580 lbd cutoff: 2 target computed: 20000 cannot be del : 67 used: 20800 rdb: 4729
c o [mem] consolidate  old-sz: 8160K new-sz: 2318K new bits offs: 19 T: 0.00
c o [rdb] cls before: 39303 after: 28853 low lbd: 1580 lbd cutoff: 2 target computed: 20000 cannot be del : 52 used: 18598 rdb: 4732
c o [mem] consolidate  old-sz: 8195K new-sz: 2342K new bits offs: 19 T: 0.00
c o [rdb] cls before: 38625 after: 29223 low lbd: 1580 lbd cutoff: 2 target computed: 20000 cannot be del : 72 used: 19703 rdb: 4735
c o [rdb] cls before: 39153 after: 28931 low lbd: 1582 lbd cutoff: 2 target computed: 20000 cannot be del : 74 used: 18300 rdb: 4738
c o [mem] consolidate  old-sz: 8376K new-sz: 2481K new bits offs: 19 T: 0.00
c o [rdb] cls before: 38523 after: 29383 low lbd: 1582 lbd cutoff: 2 target computed: 20000 cannot be del : 57 used: 19789 rdb: 4741
c o [mem] consolidate  old-sz: 8453K new-sz: 2401K new bits offs: 19 T: 0.00
c o [rdb] cls before: 39377 after: 29063 low lbd: 1582 lbd cutoff: 2 target computed: 20000 cannot be del : 95 used: 19664 rdb: 4744
c o [mem] consolidate  old-sz: 8582K new-sz: 2507K new bits offs: 19 T: 0.00
c o [rdb] cls before: 39503 after: 28789 low lbd: 1584 lbd cutoff: 2 target computed: 20000 cannot be del : 91 used: 17987 rdb: 4747
c o [mem] consolidate  old-sz: 7388K new-sz: 2530K new bits offs: 19 T: 0.00
c o [rdb] cls before: 38893 after: 28270 low lbd: 1584 lbd cutoff: 2 target computed: 20000 cannot be del : 81 used: 18971 rdb: 4750
c o [rdb] cls before: 39017 after: 29606 low lbd: 1585 lbd cutoff: 2 target computed: 20000 cannot be del : 53 used: 20159 rdb: 4753
c o [mem] consolidate  old-sz: 8680K new-sz: 2592K new bits offs: 19 T: 0.00
c o [rdb] cls before: 38310 after: 29022 low lbd: 1585 lbd cutoff: 2 target computed: 20000 cannot be del : 90 used: 18870 rdb: 4756
c o [mem] consolidate  old-sz: 7475K new-sz: 2587K new bits offs: 19 T: 0.00
c o [rdb] cls before: 38139 after: 28019 low lbd: 1587 lbd cutoff: 2 target computed: 20000 cannot be del : 46 used: 18064 rdb: 4759
c o [mem] consolidate  old-sz: 7001K new-sz: 2293K new bits offs: 19 T: 0.00
c o [rdb] cls before: 38115 after: 28257 low lbd: 1588 lbd cutoff: 2 target computed: 20000 cannot be del : 120 used: 18175 rdb: 4762
c o [mem] consolidate  old-sz: 8752K new-sz: 2463K new bits offs: 19 T: 0.00
c o [rdb] cls before: 38325 after: 28679 low lbd: 1589 lbd cutoff: 2 target computed: 20000 cannot be del : 89 used: 18796 rdb: 4765
c o [mem] consolidate  old-sz: 7206K new-sz: 2463K new bits offs: 19 T: 0.00
c o [rdb] cls before: 38171 after: 28221 low lbd: 1590 lbd cutoff: 2 target computed: 20000 cannot be del : 80 used: 18865 rdb: 4768
c o [mem] consolidate  old-sz: 6939K new-sz: 2337K new bits offs: 19 T: 0.00
c o [rdb] cls before: 38260 after: 28527 low lbd: 1590 lbd cutoff: 2 target computed: 20000 cannot be del : 40 used: 18990 rdb: 4771
c o [mem] consolidate  old-sz: 7012K new-sz: 2288K new bits offs: 19 T: 0.00
c o [rdb] cls before: 38451 after: 28444 low lbd: 1592 lbd cutoff: 2 target computed: 20000 cannot be del : 91 used: 18508 rdb: 4774
c o [mem] consolidate  old-sz: 8633K new-sz: 2529K new bits offs: 19 T: 0.00
c o [rdb] cls before: 38039 after: 28362 low lbd: 1592 lbd cutoff: 2 target computed: 20000 cannot be del : 47 used: 19477 rdb: 4777
c o [rdb] cls before: 38116 after: 28650 low lbd: 1592 lbd cutoff: 2 target computed: 20000 cannot be del : 63 used: 19517 rdb: 4780
c o [mem] consolidate  old-sz: 8775K new-sz: 2505K new bits offs: 19 T: 0.00
c o [rdb] cls before: 38187 after: 28118 low lbd: 1593 lbd cutoff: 2 target computed: 20000 cannot be del : 60 used: 18008 rdb: 4783
c o [mem] consolidate  old-sz: 7230K new-sz: 2504K new bits offs: 19 T: 0.00
c o [rdb] cls before: 38760 after: 27808 low lbd: 1593 lbd cutoff: 2 target computed: 20000 cannot be del : 74 used: 18342 rdb: 4786
c o [mem] consolidate  old-sz: 7254K new-sz: 2398K new bits offs: 19 T: 0.00
c o [rdb] cls before: 38273 after: 28066 low lbd: 1597 lbd cutoff: 2 target computed: 20000 cannot be del : 89 used: 18476 rdb: 4789
c o [mem] consolidate  old-sz: 9090K new-sz: 2605K new bits offs: 19 T: 0.00
c o [rdb] cls before: 38527 after: 28935 low lbd: 1600 lbd cutoff: 2 target computed: 20000 cannot be del : 68 used: 19811 rdb: 4792
c o [mem] consolidate  old-sz: 7494K new-sz: 2215K new bits offs: 19 T: 0.00
c o [rdb] cls before: 37670 after: 27952 low lbd: 1602 lbd cutoff: 2 target computed: 20000 cannot be del : 67 used: 19147 rdb: 4795
c o [mem] consolidate  old-sz: 8168K new-sz: 2324K new bits offs: 19 T: 0.00
c o [rdb] cls before: 38082 after: 27881 low lbd: 1602 lbd cutoff: 2 target computed: 20000 cannot be del : 30 used: 19665 rdb: 4798
c o [mem] consolidate  old-sz: 6871K new-sz: 2426K new bits offs: 19 T: 0.00
c o [rdb] cls before: 37887 after: 28425 low lbd: 1605 lbd cutoff: 2 target computed: 20000 cannot be del : 97 used: 18786 rdb: 4801
c o [mem] consolidate  old-sz: 7247K new-sz: 2484K new bits offs: 19 T: 0.00
c o [rdb] cls before: 37615 after: 28335 low lbd: 1606 lbd cutoff: 2 target computed: 20000 cannot be del : 110 used: 18666 rdb: 4804
c o [rdb] cls before: 38586 after: 28115 low lbd: 1606 lbd cutoff: 2 target computed: 20000 cannot be del : 130 used: 19109 rdb: 4807
c o [mem] consolidate  old-sz: 9145K new-sz: 2455K new bits offs: 19 T: 0.00
c o [rdb] cls before: 38653 after: 28838 low lbd: 1606 lbd cutoff: 2 target computed: 20000 cannot be del : 83 used: 19386 rdb: 4810
c o [mem] consolidate  old-sz: 9160K new-sz: 2559K new bits offs: 19 T: 0.00
c o [rdb] cls before: 37886 after: 28459 low lbd: 1607 lbd cutoff: 2 target computed: 20000 cannot be del : 60 used: 18718 rdb: 4813
c o [mem] consolidate  old-sz: 8745K new-sz: 2480K new bits offs: 19 T: 0.00
c o [rdb] cls before: 38978 after: 28915 low lbd: 1608 lbd cutoff: 2 target computed: 20000 cannot be del : 83 used: 19359 rdb: 4816
c o [rdb] cls before: 39275 after: 28680 low lbd: 1608 lbd cutoff: 2 target computed: 20000 cannot be del : 100 used: 18342 rdb: 4819
c o [mem] consolidate  old-sz: 8752K new-sz: 2459K new bits offs: 19 T: 0.00
c o [rdb] cls before: 38923 after: 28764 low lbd: 1608 lbd cutoff: 2 target computed: 20000 cannot be del : 107 used: 18625 rdb: 4822
c o [mem] consolidate  old-sz: 8759K new-sz: 2445K new bits offs: 19 T: 0.00
c o [rdb] cls before: 38077 after: 28057 low lbd: 1609 lbd cutoff: 2 target computed: 20000 cannot be del : 68 used: 18340 rdb: 4825
c o [mem] consolidate  old-sz: 9070K new-sz: 2585K new bits offs: 19 T: 0.00
c o [rdb] cls before: 38702 after: 28127 low lbd: 1613 lbd cutoff: 2 target computed: 20000 cannot be del : 108 used: 18115 rdb: 4828
c o [rdb] cls before: 38725 after: 28677 low lbd: 1613 lbd cutoff: 2 target computed: 20000 cannot be del : 67 used: 18891 rdb: 4831
c o [mem] consolidate  old-sz: 9190K new-sz: 2545K new bits offs: 19 T: 0.00
c o [rdb] cls before: 39108 after: 28872 low lbd: 1613 lbd cutoff: 2 target computed: 20000 cannot be del : 64 used: 19383 rdb: 4834
c o [mem] consolidate  old-sz: 9137K new-sz: 2621K new bits offs: 19 T: 0.00
c o [rdb] cls before: 39307 after: 29047 low lbd: 1615 lbd cutoff: 2 target computed: 20000 cannot be del : 44 used: 20820 rdb: 4837
c o [mem] consolidate  old-sz: 7199K new-sz: 2301K new bits offs: 19 T: 0.00
c o [rdb] cls before: 39239 after: 28685 low lbd: 1619 lbd cutoff: 2 target computed: 20000 cannot be del : 74 used: 19180 rdb: 4840
c o [mem] consolidate  old-sz: 8488K new-sz: 2524K new bits offs: 19 T: 0.00
c o [rdb] cls before: 39235 after: 29143 low lbd: 1620 lbd cutoff: 2 target computed: 20000 cannot be del : 93 used: 19864 rdb: 4843
c o [rdb] cls before: 39549 after: 29149 low lbd: 1620 lbd cutoff: 2 target computed: 20000 cannot be del : 124 used: 19843 rdb: 4846
c o [mem] consolidate  old-sz: 8641K new-sz: 2445K new bits offs: 19 T: 0.00
c o [rdb] cls before: 39383 after: 29502 low lbd: 1620 lbd cutoff: 2 target computed: 20000 cannot be del : 62 used: 19312 rdb: 4849
c o [mem] consolidate  old-sz: 8818K new-sz: 2625K new bits offs: 19 T: 0.00
c o [rdb] cls before: 38908 after: 29188 low lbd: 1620 lbd cutoff: 2 target computed: 20000 cannot be del : 82 used: 20536 rdb: 4852
c o [mem] consolidate  old-sz: 7458K new-sz: 2412K new bits offs: 19 T: 0.00
c o [rdb] cls before: 39080 after: 28530 low lbd: 1621 lbd cutoff: 2 target computed: 20000 cannot be del : 96 used: 18246 rdb: 4855
c o [mem] consolidate  old-sz: 8648K new-sz: 2486K new bits offs: 19 T: 0.00
c o [rdb] cls before: 38839 after: 28392 low lbd: 1623 lbd cutoff: 2 target computed: 20000 cannot be del : 121 used: 18102 rdb: 4858
c o [rdb] cls before: 39319 after: 29321 low lbd: 1623 lbd cutoff: 2 target computed: 20000 cannot be del : 107 used: 19759 rdb: 4861
c o [mem] consolidate  old-sz: 8932K new-sz: 2576K new bits offs: 19 T: 0.00
c o [rdb] cls before: 39093 after: 29466 low lbd: 1626 lbd cutoff: 2 target computed: 20000 cannot be del : 74 used: 19717 rdb: 4864
c o [mem] consolidate  old-sz: 9149K new-sz: 2642K new bits offs: 19 T: 0.00
c o [rdb] cls before: 38105 after: 29054 low lbd: 1626 lbd cutoff: 2 target computed: 20000 cannot be del : 49 used: 18785 rdb: 4867
c o [mem] consolidate  old-sz: 7393K new-sz: 2444K new bits offs: 19 T: 0.00
c o [rdb] cls before: 39156 after: 28966 low lbd: 1630 lbd cutoff: 2 target computed: 20000 cannot be del : 51 used: 19794 rdb: 4870
c o [mem] consolidate  old-sz: 8870K new-sz: 2514K new bits offs: 19 T: 0.00
c o [rdb] cls before: 38849 after: 29172 low lbd: 1634 lbd cutoff: 2 target computed: 20000 cannot be del : 89 used: 18874 rdb: 4873
c o [rdb] cls before: 39291 after: 29584 low lbd: 1635 lbd cutoff: 2 target computed: 20000 cannot be del : 69 used: 20071 rdb: 4876
c o [mem] consolidate  old-sz: 9317K new-sz: 2712K new bits offs: 19 T: 0.00
c o [rdb] cls before: 38827 after: 29260 low lbd: 1636 lbd cutoff: 2 target computed: 20000 cannot be del : 47 used: 19083 rdb: 4879
c o [mem] consolidate  old-sz: 7265K new-sz: 2448K new bits offs: 19 T: 0.00
c o [rdb] cls before: 38423 after: 27771 low lbd: 1637 lbd cutoff: 2 target computed: 20000 cannot be del : 78 used: 17560 rdb: 4882
c o [mem] consolidate  old-sz: 6936K new-sz: 2259K new bits offs: 19 T: 0.00
c o [rdb] cls before: 37856 after: 28709 low lbd: 1638 lbd cutoff: 2 target computed: 20000 cannot be del : 87 used: 18797 rdb: 4885
c o [mem] consolidate  old-sz: 8332K new-sz: 2411K new bits offs: 19 T: 0.00
c o [rdb] cls before: 38581 after: 28262 low lbd: 1639 lbd cutoff: 2 target computed: 20000 cannot be del : 45 used: 18532 rdb: 4888
c o [mem] consolidate  old-sz: 7126K new-sz: 2379K new bits offs: 19 T: 0.00
c o [rdb] cls before: 38736 after: 28463 low lbd: 1640 lbd cutoff: 2 target computed: 20000 cannot be del : 51 used: 18378 rdb: 4891
c o [mem] consolidate  old-sz: 8574K new-sz: 2377K new bits offs: 19 T: 0.00
c o [rdb] cls before: 38306 after: 28405 low lbd: 1640 lbd cutoff: 2 target computed: 20000 cannot be del : 35 used: 18580 rdb: 4894
c o [rdb] cls before: 38370 after: 28613 low lbd: 1640 lbd cutoff: 2 target computed: 20000 cannot be del : 87 used: 18303 rdb: 4897
c o [mem] consolidate  old-sz: 8763K new-sz: 2527K new bits offs: 19 T: 0.00
c o [rdb] cls before: 38478 after: 28939 low lbd: 1641 lbd cutoff: 2 target computed: 20000 cannot be del : 78 used: 18952 rdb: 4900
c o [mem] consolidate  old-sz: 8934K new-sz: 2541K new bits offs: 19 T: 0.00
c o [rdb] cls before: 37942 after: 28314 low lbd: 1642 lbd cutoff: 2 target computed: 20000 cannot be del : 69 used: 18906 rdb: 4903
c o [mem] consolidate  old-sz: 7121K new-sz: 2442K new bits offs: 19 T: 0.00
c o [rdb] cls before: 38851 after: 29302 low lbd: 1642 lbd cutoff: 2 target computed: 20000 cannot be del : 107 used: 20066 rdb: 4906
c o [mem] consolidate  old-sz: 8877K new-sz: 2572K new bits offs: 19 T: 0.00
c o [rdb] cls before: 39297 after: 28563 low lbd: 1643 lbd cutoff: 2 target computed: 20000 cannot be del : 28 used: 18861 rdb: 4909
c o [mem] consolidate  old-sz: 7230K new-sz: 2524K new bits offs: 19 T: 0.00
c o [rdb] cls before: 39167 after: 28862 low lbd: 1645 lbd cutoff: 2 target computed: 20000 cannot be del : 64 used: 18489 rdb: 4912
c o [mem] consolidate  old-sz: 7196K new-sz: 2416K new bits offs: 19 T: 0.00
c o [rdb] cls before: 38528 after: 28672 low lbd: 1646 lbd cutoff: 2 target computed: 20000 cannot be del : 97 used: 19053 rdb: 4915
c o [rdb] cls before: 38653 after: 29166 low lbd: 1648 lbd cutoff: 2 target computed: 20000 cannot be del : 97 used: 19432 rdb: 4918
c o [mem] consolidate  old-sz: 8453K new-sz: 2433K new bits offs: 19 T: 0.00
c o [rdb] cls before: 39438 after: 29094 low lbd: 1648 lbd cutoff: 2 target computed: 20000 cannot be del : 49 used: 19360 rdb: 4921
c o [mem] consolidate  old-sz: 7045K new-sz: 2442K new bits offs: 19 T: 0.00
c o [rdb] cls before: 38356 after: 28746 low lbd: 1648 lbd cutoff: 2 target computed: 20000 cannot be del : 88 used: 19017 rdb: 4924
c o [mem] consolidate  old-sz: 6983K new-sz: 2384K new bits offs: 19 T: 0.00
c o [rdb] cls before: 39149 after: 29003 low lbd: 1648 lbd cutoff: 2 target computed: 20000 cannot be del : 56 used: 18590 rdb: 4927
c o [mem] consolidate  old-sz: 8672K new-sz: 2571K new bits offs: 19 T: 0.00
c o [rdb] cls before: 38977 after: 29447 low lbd: 1648 lbd cutoff: 2 target computed: 20000 cannot be del : 102 used: 19062 rdb: 4930
c o [mem] consolidate  old-sz: 8972K new-sz: 2633K new bits offs: 19 T: 0.00
c o [rdb] cls before: 39054 after: 29169 low lbd: 1648 lbd cutoff: 2 target computed: 20000 cannot be del : 116 used: 19866 rdb: 4933
c o [rdb] cls before: 39088 after: 28710 low lbd: 1648 lbd cutoff: 2 target computed: 20000 cannot be del : 67 used: 18461 rdb: 4936
c o [mem] consolidate  old-sz: 8931K new-sz: 2380K new bits offs: 19 T: 0.00
c o [rdb] cls before: 39509 after: 29096 low lbd: 1651 lbd cutoff: 2 target computed: 20000 cannot be del : 138 used: 18774 rdb: 4939
c o [mem] consolidate  old-sz: 8630K new-sz: 2517K new bits offs: 19 T: 0.00
c o [rdb] cls before: 39313 after: 29136 low lbd: 1651 lbd cutoff: 2 target computed: 20000 cannot be del : 80 used: 19363 rdb: 4942
c o [mem] consolidate  old-sz: 8791K new-sz: 2559K new bits offs: 19 T: 0.00
c o [rdb] cls before: 39498 after: 29417 low lbd: 1651 lbd cutoff: 2 target computed: 20000 cannot be del : 49 used: 20064 rdb: 4945
c o [mem] consolidate  old-sz: 7177K new-sz: 2429K new bits offs: 19 T: 0.00
c o [rdb] cls before: 39056 after: 28827 low lbd: 1652 lbd cutoff: 2 target computed: 20000 cannot be del : 80 used: 18766 rdb: 4948
c o [rdb] cls before: 39850 after: 29720 low lbd: 1652 lbd cutoff: 2 target computed: 20000 cannot be del : 100 used: 19621 rdb: 4951
c o [mem] consolidate  old-sz: 8593K new-sz: 2497K new bits offs: 19 T: 0.00
c o [rdb] cls before: 39439 after: 29394 low lbd: 1652 lbd cutoff: 2 target computed: 20000 cannot be del : 97 used: 19098 rdb: 4954
c o [mem] consolidate  old-sz: 6949K new-sz: 2475K new bits offs: 19 T: 0.00
c o [rdb] cls before: 39858 after: 30104 low lbd: 1652 lbd cutoff: 2 target computed: 20000 cannot be del : 78 used: 20130 rdb: 4957
c o [mem] consolidate  old-sz: 8746K new-sz: 2535K new bits offs: 19 T: 0.00
c o [rdb] cls before: 39613 after: 29818 low lbd: 1653 lbd cutoff: 2 target computed: 20000 cannot be del : 81 used: 19795 rdb: 4960
c o [mem] consolidate  old-sz: 8895K new-sz: 2448K new bits offs: 19 T: 0.00
c o [rdb] cls before: 38804 after: 28790 low lbd: 1653 lbd cutoff: 2 target computed: 20000 cannot be del : 113 used: 18316 rdb: 4963
c o [rdb] cls before: 39105 after: 29382 low lbd: 1655 lbd cutoff: 2 target computed: 20000 cannot be del : 37 used: 18822 rdb: 4966
c o [mem] consolidate  old-sz: 8959K new-sz: 2562K new bits offs: 19 T: 0.00
c o [rdb] cls before: 39546 after: 29250 low lbd: 1656 lbd cutoff: 2 target computed: 20000 cannot be del : 74 used: 18954 rdb: 4969
c o [mem] consolidate  old-sz: 7259K new-sz: 2446K new bits offs: 19 T: 0.00
c o [rdb] cls before: 38729 after: 29160 low lbd: 1656 lbd cutoff: 2 target computed: 20000 cannot be del : 76 used: 19836 rdb: 4972
c o [mem] consolidate  old-sz: 7076K new-sz: 2429K new bits offs: 19 T: 0.00
c o [rdb] cls before: 39464 after: 29718 low lbd: 1657 lbd cutoff: 2 target computed: 20000 cannot be del : 78 used: 19938 rdb: 4975
c o [mem] consolidate  old-sz: 8693K new-sz: 2536K new bits offs: 19 T: 0.00
c o [rdb] cls before: 39404 after: 29164 low lbd: 1657 lbd cutoff: 2 target computed: 20000 cannot be del : 81 used: 18542 rdb: 4978
c o [mem] consolidate  old-sz: 8879K new-sz: 2553K new bits offs: 19 T: 0.00
c o [rdb] cls before: 39265 after: 29068 low lbd: 1658 lbd cutoff: 2 target computed: 20000 cannot be del : 87 used: 19131 rdb: 4981
c o [rdb] cls before: 39565 after: 29730 low lbd: 1659 lbd cutoff: 2 target computed: 20000 cannot be del : 79 used: 19903 rdb: 4984
c o [mem] consolidate  old-sz: 8885K new-sz: 2527K new bits offs: 19 T: 0.00
c o [rdb] cls before: 38651 after: 29545 low lbd: 1660 lbd cutoff: 2 target computed: 20000 cannot be del : 121 used: 19060 rdb: 4987
c o [mem] consolidate  old-sz: 7195K new-sz: 2529K new bits offs: 19 T: 0.00
c o [rdb] cls before: 39306 after: 29065 low lbd: 1661 lbd cutoff: 2 target computed: 20000 cannot be del : 67 used: 18424 rdb: 4990
c o [mem] consolidate  old-sz: 7386K new-sz: 2551K new bits offs: 19 T: 0.00
c o [rdb] cls before: 39477 after: 29492 low lbd: 1661 lbd cutoff: 2 target computed: 20000 cannot be del : 94 used: 19644 rdb: 4993
c o [mem] consolidate  old-sz: 9042K new-sz: 2596K new bits offs: 19 T: 0.00
c o [rdb] cls before: 39862 after: 29476 low lbd: 1665 lbd cutoff: 2 target computed: 20000 cannot be del : 82 used: 18762 rdb: 4996
c o [mem] consolidate  old-sz: 7542K new-sz: 2389K new bits offs: 19 T: 0.00
c o [rdb] cls before: 39280 after: 29420 low lbd: 1667 lbd cutoff: 2 target computed: 20000 cannot be del : 52 used: 19966 rdb: 4999
c o [mem] consolidate  old-sz: 8913K new-sz: 2657K new bits offs: 19 T: 0.00
c o [rdb] cls before: 39336 after: 29407 low lbd: 1669 lbd cutoff: 2 target computed: 20000 cannot be del : 117 used: 19815 rdb: 5002
c o [rdb] cls before: 39438 after: 29413 low lbd: 1669 lbd cutoff: 2 target computed: 20000 cannot be del : 90 used: 19024 rdb: 5005
c o [mem] consolidate  old-sz: 9272K new-sz: 2600K new bits offs: 19 T: 0.00
c o [rdb] cls before: 39489 after: 29589 low lbd: 1670 lbd cutoff: 2 target computed: 20000 cannot be del : 51 used: 20575 rdb: 5008
c o [mem] consolidate  old-sz: 9298K new-sz: 2524K new bits offs: 19 T: 0.00
c o [rdb] cls before: 39116 after: 28910 low lbd: 1672 lbd cutoff: 2 target computed: 20000 cannot be del : 67 used: 18653 rdb: 5011
c o [mem] consolidate  old-sz: 9059K new-sz: 2560K new bits offs: 19 T: 0.00
c o [rdb] cls before: 39286 after: 29280 low lbd: 1672 lbd cutoff: 2 target computed: 20000 cannot be del : 48 used: 19175 rdb: 5014
c o [rdb] cls before: 39625 after: 29584 low lbd: 1673 lbd cutoff: 2 target computed: 20000 cannot be del : 43 used: 19048 rdb: 5017
c o [mem] consolidate  old-sz: 9227K new-sz: 2645K new bits offs: 19 T: 0.00
c o [rdb] cls before: 39151 after: 29454 low lbd: 1674 lbd cutoff: 2 target computed: 20000 cannot be del : 90 used: 20150 rdb: 5020
c o [mem] consolidate  old-sz: 7426K new-sz: 2559K new bits offs: 19 T: 0.00
c o [rdb] cls before: 39700 after: 29639 low lbd: 1675 lbd cutoff: 2 target computed: 20000 cannot be del : 26 used: 19912 rdb: 5023
c o [mem] consolidate  old-sz: 9198K new-sz: 2525K new bits offs: 19 T: 0.00
c o [rdb] cls before: 39430 after: 29659 low lbd: 1677 lbd cutoff: 2 target computed: 20000 cannot be del : 55 used: 19629 rdb: 5026
c o [mem] consolidate  old-sz: 9078K new-sz: 2607K new bits offs: 19 T: 0.00
c o [rdb] cls before: 39956 after: 29068 low lbd: 1678 lbd cutoff: 2 target computed: 20000 cannot be del : 61 used: 19058 rdb: 5029
c o [mem] consolidate  old-sz: 7294K new-sz: 2555K new bits offs: 19 T: 0.00
c o [rdb] cls before: 39807 after: 30022 low lbd: 1680 lbd cutoff: 2 target computed: 20000 cannot be del : 65 used: 21447 rdb: 5032
c o [rdb] cls before: 40284 after: 30010 low lbd: 1680 lbd cutoff: 2 target computed: 20000 cannot be del : 59 used: 20427 rdb: 5035
c o [mem] consolidate  old-sz: 8843K new-sz: 2550K new bits offs: 19 T: 0.00
c o [rdb] cls before: 40045 after: 30675 low lbd: 1681 lbd cutoff: 2 target computed: 20000 cannot be del : 87 used: 21493 rdb: 5038
c o [mem] consolidate  old-sz: 9074K new-sz: 2523K new bits offs: 19 T: 0.00
c o [rdb] cls before: 40409 after: 30017 low lbd: 1682 lbd cutoff: 2 target computed: 20000 cannot be del : 99 used: 19566 rdb: 5041
c o [mem] consolidate  old-sz: 8780K new-sz: 2413K new bits offs: 19 T: 0.00
c o [rdb] cls before: 39667 after: 30219 low lbd: 1685 lbd cutoff: 2 target computed: 20000 cannot be del : 60 used: 19672 rdb: 5044
c o [rdb] cls before: 40342 after: 30728 low lbd: 1685 lbd cutoff: 2 target computed: 20000 cannot be del : 80 used: 20430 rdb: 5047
c o [mem] consolidate  old-sz: 8582K new-sz: 2523K new bits offs: 19 T: 0.00
c o [rdb] cls before: 40018 after: 30166 low lbd: 1685 lbd cutoff: 2 target computed: 20000 cannot be del : 54 used: 19480 rdb: 5050
c o [mem] consolidate  old-sz: 7105K new-sz: 2541K new bits offs: 19 T: 0.00
c o [rdb] cls before: 39868 after: 29972 low lbd: 1686 lbd cutoff: 2 target computed: 20000 cannot be del : 60 used: 20254 rdb: 5053
c o [mem] consolidate  old-sz: 7033K new-sz: 2425K new bits offs: 19 T: 0.00
c o [rdb] cls before: 39060 after: 29011 low lbd: 1688 lbd cutoff: 2 target computed: 20000 cannot be del : 83 used: 19110 rdb: 5056
c o [mem] consolidate  old-sz: 7097K new-sz: 2411K new bits offs: 19 T: 0.00
c o [rdb] cls before: 39433 after: 29531 low lbd: 1689 lbd cutoff: 2 target computed: 20000 cannot be del : 102 used: 19461 rdb: 5059
c o [mem] consolidate  old-sz: 8790K new-sz: 2574K new bits offs: 19 T: 0.00
c o [rdb] cls before: 38923 after: 29661 low lbd: 1689 lbd cutoff: 2 target computed: 20000 cannot be del : 25 used: 19785 rdb: 5062
c o [mem] consolidate  old-sz: 7112K new-sz: 2340K new bits offs: 19 T: 0.00
c o [rdb] cls before: 39324 after: 29834 low lbd: 1690 lbd cutoff: 2 target computed: 20000 cannot be del : 117 used: 19541 rdb: 5065
c o [mem] consolidate  old-sz: 8637K new-sz: 2519K new bits offs: 19 T: 0.00
c o [rdb] cls before: 39567 after: 30144 low lbd: 1691 lbd cutoff: 2 target computed: 20000 cannot be del : 95 used: 20239 rdb: 5068
c o [mem] consolidate  old-sz: 7370K new-sz: 2541K new bits offs: 19 T: 0.00
c o [rdb] cls before: 39419 after: 29592 low lbd: 1692 lbd cutoff: 2 target computed: 20000 cannot be del : 73 used: 18910 rdb: 5071
c o [mem] consolidate  old-sz: 7384K new-sz: 2565K new bits offs: 19 T: 0.00
c o [rdb] cls before: 39114 after: 29252 low lbd: 1694 lbd cutoff: 2 target computed: 20000 cannot be del : 119 used: 19808 rdb: 5074
c o [mem] consolidate  old-sz: 7381K new-sz: 2534K new bits offs: 19 T: 0.00
c o [rdb] cls before: 38323 after: 27925 low lbd: 1694 lbd cutoff: 2 target computed: 20000 cannot be del : 101 used: 17402 rdb: 5077
c o [rdb] cls before: 38400 after: 28060 low lbd: 1694 lbd cutoff: 2 target computed: 20000 cannot be del : 103 used: 18522 rdb: 5080
c o [mem] consolidate  old-sz: 8911K new-sz: 2415K new bits offs: 19 T: 0.00
c o [rdb] cls before: 38808 after: 28345 low lbd: 1694 lbd cutoff: 2 target computed: 20000 cannot be del : 58 used: 17882 rdb: 5083
c o [mem] consolidate  old-sz: 8962K new-sz: 2603K new bits offs: 19 T: 0.00
c o [rdb] cls before: 38987 after: 28044 low lbd: 1694 lbd cutoff: 2 target computed: 20000 cannot be del : 120 used: 17902 rdb: 5086
c o [mem] consolidate  old-sz: 7178K new-sz: 2347K new bits offs: 19 T: 0.00
c o [rdb] cls before: 39363 after: 29382 low lbd: 1694 lbd cutoff: 2 target computed: 20000 cannot be del : 94 used: 19868 rdb: 5089
c o [mem] consolidate  old-sz: 8408K new-sz: 2382K new bits offs: 19 T: 0.00
c o [rdb] cls before: 38563 after: 29687 low lbd: 1694 lbd cutoff: 2 target computed: 20000 cannot be del : 63 used: 20042 rdb: 5092
c o [rdb] cls before: 39838 after: 29431 low lbd: 1696 lbd cutoff: 2 target computed: 20000 cannot be del : 57 used: 20215 rdb: 5095
c o [mem] consolidate  old-sz: 8604K new-sz: 2512K new bits offs: 19 T: 0.00
c o [rdb] cls before: 39201 after: 29563 low lbd: 1696 lbd cutoff: 2 target computed: 20000 cannot be del : 82 used: 20188 rdb: 5098
c o [mem] consolidate  old-sz: 8801K new-sz: 2511K new bits offs: 19 T: 0.00
c o [rdb] cls before: 39633 after: 29361 low lbd: 1696 lbd cutoff: 2 target computed: 20000 cannot be del : 87 used: 19408 rdb: 5101
c o [mem] consolidate  old-sz: 7385K new-sz: 2454K new bits offs: 19 T: 0.00
c o [rdb] cls before: 38910 after: 29127 low lbd: 1699 lbd cutoff: 2 target computed: 20000 cannot be del : 100 used: 18952 rdb: 5104
c o [mem] consolidate  old-sz: 8948K new-sz: 2399K new bits offs: 19 T: 0.00
c o [rdb] cls before: 38310 after: 28537 low lbd: 1699 lbd cutoff: 2 target computed: 20000 cannot be del : 111 used: 18595 rdb: 5107
c o [rdb] cls before: 38635 after: 28740 low lbd: 1701 lbd cutoff: 2 target computed: 20000 cannot be del : 65 used: 18354 rdb: 5110
c o [mem] consolidate  old-sz: 8663K new-sz: 2481K new bits offs: 19 T: 0.00
c o [rdb] cls before: 38558 after: 28462 low lbd: 1705 lbd cutoff: 2 target computed: 20000 cannot be del : 45 used: 18434 rdb: 5113
c o [mem] consolidate  old-sz: 7124K new-sz: 2472K new bits offs: 19 T: 0.00
c o [rdb] cls before: 39061 after: 28994 low lbd: 1706 lbd cutoff: 2 target computed: 20000 cannot be del : 121 used: 20007 rdb: 5116
c o [mem] consolidate  old-sz: 8765K new-sz: 2428K new bits offs: 19 T: 0.00
c o [rdb] cls before: 39136 after: 28945 low lbd: 1706 lbd cutoff: 2 target computed: 20000 cannot be del : 78 used: 18749 rdb: 5119
c o [mem] consolidate  old-sz: 8950K new-sz: 2677K new bits offs: 19 T: 0.00
c o [rdb] cls before: 39417 after: 28535 low lbd: 1706 lbd cutoff: 2 target computed: 20000 cannot be del : 89 used: 18302 rdb: 5122
c o [mem] consolidate  old-sz: 7326K new-sz: 2375K new bits offs: 19 T: 0.00
c o [rdb] cls before: 38641 after: 28984 low lbd: 1706 lbd cutoff: 2 target computed: 20000 cannot be del : 86 used: 18345 rdb: 5125
c o [rdb] cls before: 38722 after: 28696 low lbd: 1709 lbd cutoff: 2 target computed: 20000 cannot be del : 59 used: 18703 rdb: 5128
c o [mem] consolidate  old-sz: 8442K new-sz: 2393K new bits offs: 19 T: 0.00
c o [rdb] cls before: 38549 after: 29252 low lbd: 1712 lbd cutoff: 2 target computed: 20000 cannot be del : 56 used: 19457 rdb: 5131
c o [mem] consolidate  old-sz: 8548K new-sz: 2501K new bits offs: 19 T: 0.00
c o [rdb] cls before: 39011 after: 28968 low lbd: 1713 lbd cutoff: 2 target computed: 20000 cannot be del : 106 used: 18149 rdb: 5134
c o [mem] consolidate  old-sz: 8784K new-sz: 2394K new bits offs: 19 T: 0.00
c o [rdb] cls before: 38992 after: 29683 low lbd: 1714 lbd cutoff: 2 target computed: 20000 cannot be del : 60 used: 19862 rdb: 5137
c o [mem] consolidate  old-sz: 7138K new-sz: 2432K new bits offs: 19 T: 0.00
c o [rdb] cls before: 38565 after: 29078 low lbd: 1715 lbd cutoff: 2 target computed: 20000 cannot be del : 87 used: 19756 rdb: 5140
c o [mem] consolidate  old-sz: 7109K new-sz: 2375K new bits offs: 19 T: 0.00
c o [rdb] cls before: 38346 after: 29201 low lbd: 1715 lbd cutoff: 2 target computed: 20000 cannot be del : 84 used: 18790 rdb: 5143
c o [rdb] cls before: 39193 after: 29514 low lbd: 1716 lbd cutoff: 2 target computed: 20000 cannot be del : 77 used: 19770 rdb: 5146
c o [mem] consolidate  old-sz: 8807K new-sz: 2613K new bits offs: 19 T: 0.00
c o [rdb] cls before: 39173 after: 29157 low lbd: 1718 lbd cutoff: 2 target computed: 20000 cannot be del : 101 used: 18955 rdb: 5149
c o [mem] consolidate  old-sz: 7344K new-sz: 2585K new bits offs: 19 T: 0.00
c o [rdb] cls before: 39100 after: 29447 low lbd: 1720 lbd cutoff: 2 target computed: 20000 cannot be del : 135 used: 19586 rdb: 5152
c o [mem] consolidate  old-sz: 9016K new-sz: 2537K new bits offs: 19 T: 0.00
c o [rdb] cls before: 38332 after: 28848 low lbd: 1723 lbd cutoff: 2 target computed: 20000 cannot be del : 98 used: 19521 rdb: 5155
c o [mem] consolidate  old-sz: 7192K new-sz: 2455K new bits offs: 19 T: 0.00
c o [rdb] cls before: 38979 after: 28778 low lbd: 1724 lbd cutoff: 2 target computed: 20000 cannot be del : 85 used: 18387 rdb: 5158
c o [mem] consolidate  old-sz: 8737K new-sz: 2534K new bits offs: 19 T: 0.00
c o [rdb] cls before: 39176 after: 29360 low lbd: 1724 lbd cutoff: 2 target computed: 20000 cannot be del : 72 used: 20050 rdb: 5161
c o [mem] consolidate  old-sz: 7366K new-sz: 2516K new bits offs: 19 T: 0.00
c o [rdb] cls before: 39170 after: 28138 low lbd: 1726 lbd cutoff: 2 target computed: 20000 cannot be del : 56 used: 17470 rdb: 5164
c o [mem] consolidate  old-sz: 7149K new-sz: 2480K new bits offs: 19 T: 0.00
c o [rdb] cls before: 39162 after: 28666 low lbd: 1726 lbd cutoff: 2 target computed: 20000 cannot be del : 83 used: 17778 rdb: 5167
c o [rdb] cls before: 39563 after: 29666 low lbd: 1726 lbd cutoff: 2 target computed: 20000 cannot be del : 55 used: 19970 rdb: 5170
c o [mem] consolidate  old-sz: 8805K new-sz: 2537K new bits offs: 19 T: 0.00
c o [rdb] cls before: 39334 after: 29283 low lbd: 1728 lbd cutoff: 2 target computed: 20000 cannot be del : 70 used: 19057 rdb: 5173
c o [mem] consolidate  old-sz: 7240K new-sz: 2545K new bits offs: 19 T: 0.00
c o [rdb] cls before: 38778 after: 29385 low lbd: 1730 lbd cutoff: 2 target computed: 20000 cannot be del : 112 used: 19539 rdb: 5176
c o [mem] consolidate  old-sz: 9036K new-sz: 2571K new bits offs: 19 T: 0.00
c o [rdb] cls before: 39013 after: 29470 low lbd: 1730 lbd cutoff: 2 target computed: 20000 cannot be del : 117 used: 19816 rdb: 5179
c o [mem] consolidate  old-sz: 7513K new-sz: 2614K new bits offs: 19 T: 0.00
c o [rdb] cls before: 38274 after: 28848 low lbd: 1731 lbd cutoff: 2 target computed: 20000 cannot be del : 103 used: 18589 rdb: 5182
c o [mem] consolidate  old-sz: 7220K new-sz: 2496K new bits offs: 19 T: 0.00
c o [rdb] cls before: 39304 after: 29444 low lbd: 1731 lbd cutoff: 2 target computed: 20000 cannot be del : 89 used: 19164 rdb: 5185
c o [mem] consolidate  old-sz: 7293K new-sz: 2448K new bits offs: 19 T: 0.00
c o [rdb] cls before: 38940 after: 29456 low lbd: 1731 lbd cutoff: 2 target computed: 20000 cannot be del : 75 used: 19375 rdb: 5188
c o [mem] consolidate  old-sz: 8850K new-sz: 2518K new bits offs: 19 T: 0.00
c o [rdb] cls before: 39020 after: 29473 low lbd: 1732 lbd cutoff: 2 target computed: 20000 cannot be del : 80 used: 19240 rdb: 5191
c o [rdb] cls before: 39916 after: 29486 low lbd: 1732 lbd cutoff: 2 target computed: 20000 cannot be del : 100 used: 19060 rdb: 5194
c o [mem] consolidate  old-sz: 8978K new-sz: 2609K new bits offs: 19 T: 0.00
c o [rdb] cls before: 39635 after: 28969 low lbd: 1732 lbd cutoff: 2 target computed: 20000 cannot be del : 57 used: 20090 rdb: 5197
c o [mem] consolidate  old-sz: 7500K new-sz: 2484K new bits offs: 19 T: 0.00
c o [rdb] cls before: 38976 after: 29348 low lbd: 1738 lbd cutoff: 2 target computed: 20000 cannot be del : 95 used: 19811 rdb: 5200
c o [mem] consolidate  old-sz: 8532K new-sz: 2514K new bits offs: 19 T: 0.00
c o [rdb] cls before: 38836 after: 29090 low lbd: 1739 lbd cutoff: 2 target computed: 20000 cannot be del : 68 used: 18856 rdb: 5203
c o [mem] consolidate  old-sz: 7277K new-sz: 2506K new bits offs: 19 T: 0.00
c o [rdb] cls before: 39758 after: 29850 low lbd: 1742 lbd cutoff: 2 target computed: 20000 cannot be del : 60 used: 19837 rdb: 5206
c o [mem] consolidate  old-sz: 8812K new-sz: 2515K new bits offs: 19 T: 0.00
c o [rdb] cls before: 39616 after: 29896 low lbd: 1743 lbd cutoff: 2 target computed: 20000 cannot be del : 109 used: 20140 rdb: 5209
c o [mem] consolidate  old-sz: 6947K new-sz: 2306K new bits offs: 19 T: 0.00
c o [rdb] cls before: 39121 after: 29363 low lbd: 1743 lbd cutoff: 2 target computed: 20000 cannot be del : 96 used: 19645 rdb: 5212
c o [rdb] cls before: 39681 after: 29226 low lbd: 1744 lbd cutoff: 2 target computed: 20000 cannot be del : 113 used: 18549 rdb: 5215
c o [mem] consolidate  old-sz: 8203K new-sz: 2420K new bits offs: 19 T: 0.00
c o [rdb] cls before: 39003 after: 29182 low lbd: 1744 lbd cutoff: 2 target computed: 20000 cannot be del : 69 used: 19348 rdb: 5218
c o [mem] consolidate  old-sz: 6812K new-sz: 2334K new bits offs: 19 T: 0.00
c o [rdb] cls before: 39172 after: 29486 low lbd: 1745 lbd cutoff: 2 target computed: 20000 cannot be del : 54 used: 19274 rdb: 5221
c o [mem] consolidate  old-sz: 8340K new-sz: 2432K new bits offs: 19 T: 0.00
c o [rdb] cls before: 39207 after: 29042 low lbd: 1745 lbd cutoff: 2 target computed: 20000 cannot be del : 83 used: 18887 rdb: 5224
c o [mem] consolidate  old-sz: 7130K new-sz: 2505K new bits offs: 19 T: 0.00
c o [rdb] cls before: 39424 after: 28675 low lbd: 1746 lbd cutoff: 2 target computed: 20000 cannot be del : 90 used: 17803 rdb: 5227
c o [mem] consolidate  old-sz: 7024K new-sz: 2379K new bits offs: 19 T: 0.00
c o [rdb] cls before: 39247 after: 29478 low lbd: 1747 lbd cutoff: 2 target computed: 20000 cannot be del : 60 used: 18974 rdb: 5230
c o [mem] consolidate  old-sz: 8525K new-sz: 2457K new bits offs: 19 T: 0.00
c o [rdb] cls before: 39056 after: 29367 low lbd: 1747 lbd cutoff: 2 target computed: 20000 cannot be del : 94 used: 18700 rdb: 5233
c o [mem] consolidate  old-sz: 7252K new-sz: 2347K new bits offs: 19 T: 0.00
c o [rdb] cls before: 37629 after: 27978 low lbd: 1749 lbd cutoff: 2 target computed: 20000 cannot be del : 90 used: 18591 rdb: 5236
c o [rdb] cls before: 38390 after: 27954 low lbd: 1750 lbd cutoff: 2 target computed: 20000 cannot be del : 72 used: 18890 rdb: 5239
c o [mem] consolidate  old-sz: 8306K new-sz: 2301K new bits offs: 19 T: 0.00
c o [rdb] cls before: 38555 after: 28339 low lbd: 1751 lbd cutoff: 2 target computed: 20000 cannot be del : 134 used: 18514 rdb: 5242
c o [mem] consolidate  old-sz: 8609K new-sz: 2501K new bits offs: 19 T: 0.00
c o [rdb] cls before: 39185 after: 28287 low lbd: 1751 lbd cutoff: 2 target computed: 20000 cannot be del : 88 used: 18039 rdb: 5245
c o [mem] consolidate  old-sz: 8698K new-sz: 2285K new bits offs: 19 T: 0.00
c o [rdb] cls before: 38006 after: 29050 low lbd: 1753 lbd cutoff: 2 target computed: 20000 cannot be del : 60 used: 19152 rdb: 5248
c o [rdb] cls before: 38540 after: 28581 low lbd: 1755 lbd cutoff: 2 target computed: 20000 cannot be del : 79 used: 19226 rdb: 5251
c o [mem] consolidate  old-sz: 8240K new-sz: 2382K new bits offs: 19 T: 0.00
c o [rdb] cls before: 38930 after: 28765 low lbd: 1758 lbd cutoff: 2 target computed: 20000 cannot be del : 49 used: 19112 rdb: 5254
c o [mem] consolidate  old-sz: 8408K new-sz: 2486K new bits offs: 19 T: 0.00
c o [rdb] cls before: 39016 after: 29404 low lbd: 1758 lbd cutoff: 2 target computed: 20000 cannot be del : 64 used: 19933 rdb: 5257
c o [mem] consolidate  old-sz: 7039K new-sz: 2326K new bits offs: 19 T: 0.00
c o [rdb] cls before: 38660 after: 29041 low lbd: 1760 lbd cutoff: 2 target computed: 20000 cannot be del : 65 used: 18977 rdb: 5260
c o [mem] consolidate  old-sz: 8389K new-sz: 2377K new bits offs: 19 T: 0.00
c o [rdb] cls before: 38853 after: 29426 low lbd: 1761 lbd cutoff: 2 target computed: 20000 cannot be del : 92 used: 19577 rdb: 5263
c o [rdb] cls before: 39100 after: 28926 low lbd: 1761 lbd cutoff: 2 target computed: 20000 cannot be del : 119 used: 18024 rdb: 5266
c o [mem] consolidate  old-sz: 8664K new-sz: 2555K new bits offs: 19 T: 0.00
c o [rdb] cls before: 39477 after: 29949 low lbd: 1761 lbd cutoff: 2 target computed: 20000 cannot be del : 43 used: 20035 rdb: 5269
c o [mem] consolidate  old-sz: 8793K new-sz: 2510K new bits offs: 19 T: 0.00
c o [rdb] cls before: 38480 after: 28825 low lbd: 1761 lbd cutoff: 2 target computed: 20000 cannot be del : 88 used: 18411 rdb: 5272
c o [mem] consolidate  old-sz: 7355K new-sz: 2368K new bits offs: 19 T: 0.00
c o [rdb] cls before: 38327 after: 29207 low lbd: 1761 lbd cutoff: 2 target computed: 20000 cannot be del : 56 used: 18947 rdb: 5275
c o [mem] consolidate  old-sz: 8391K new-sz: 2387K new bits offs: 19 T: 0.00
c o [rdb] cls before: 38660 after: 28717 low lbd: 1761 lbd cutoff: 2 target computed: 20000 cannot be del : 33 used: 19524 rdb: 5278
c o [rdb] cls before: 39113 after: 28978 low lbd: 1761 lbd cutoff: 2 target computed: 20000 cannot be del : 72 used: 18845 rdb: 5281
c o [mem] consolidate  old-sz: 8414K new-sz: 2416K new bits offs: 19 T: 0.00
c o [rdb] cls before: 39024 after: 29013 low lbd: 1762 lbd cutoff: 2 target computed: 20000 cannot be del : 102 used: 20203 rdb: 5284
c o [mem] consolidate  old-sz: 8558K new-sz: 2531K new bits offs: 19 T: 0.00
c o [rdb] cls before: 39119 after: 29053 low lbd: 1763 lbd cutoff: 2 target computed: 20000 cannot be del : 64 used: 19594 rdb: 5287
c o [mem] consolidate  old-sz: 8639K new-sz: 2326K new bits offs: 19 T: 0.00
c o [rdb] cls before: 38784 after: 28819 low lbd: 1763 lbd cutoff: 2 target computed: 20000 cannot be del : 85 used: 18423 rdb: 5290
c o [rdb] cls before: 39557 after: 29197 low lbd: 1764 lbd cutoff: 2 target computed: 20000 cannot be del : 102 used: 18615 rdb: 5293
c o [mem] consolidate  old-sz: 8375K new-sz: 2478K new bits offs: 19 T: 0.00
c o [rdb] cls before: 38981 after: 29580 low lbd: 1764 lbd cutoff: 2 target computed: 20000 cannot be del : 95 used: 19235 rdb: 5296
c o [mem] consolidate  old-sz: 8493K new-sz: 2408K new bits offs: 19 T: 0.00
c o [rdb] cls before: 39563 after: 29074 low lbd: 1765 lbd cutoff: 2 target computed: 20000 cannot be del : 100 used: 18381 rdb: 5299
c o [mem] consolidate  old-sz: 8391K new-sz: 2488K new bits offs: 19 T: 0.00
c o [rdb] cls before: 39533 after: 29519 low lbd: 1766 lbd cutoff: 2 target computed: 20000 cannot be del : 89 used: 18936 rdb: 5302
c o [rdb] cls before: 40230 after: 29809 low lbd: 1767 lbd cutoff: 2 target computed: 20000 cannot be del : 57 used: 19800 rdb: 5305
c o [mem] consolidate  old-sz: 8822K new-sz: 2490K new bits offs: 19 T: 0.00
c o [rdb] cls before: 39940 after: 29590 low lbd: 1767 lbd cutoff: 2 target computed: 20000 cannot be del : 108 used: 19753 rdb: 5308
c o [mem] consolidate  old-sz: 7150K new-sz: 2414K new bits offs: 19 T: 0.00
c o [rdb] cls before: 39638 after: 29980 low lbd: 1767 lbd cutoff: 2 target computed: 20000 cannot be del : 82 used: 19462 rdb: 5311
c o [mem] consolidate  old-sz: 8641K new-sz: 2558K new bits offs: 19 T: 0.00
c o [rdb] cls before: 39564 after: 29769 low lbd: 1769 lbd cutoff: 2 target computed: 20000 cannot be del : 104 used: 19237 rdb: 5314
c o [mem] consolidate  old-sz: 9076K new-sz: 2551K new bits offs: 19 T: 0.00
c o [rdb] cls before: 39495 after: 29733 low lbd: 1771 lbd cutoff: 2 target computed: 20000 cannot be del : 74 used: 19801 rdb: 5317
c o [rdb] cls before: 40120 after: 29970 low lbd: 1772 lbd cutoff: 2 target computed: 20000 cannot be del : 83 used: 20748 rdb: 5320
c o [mem] consolidate  old-sz: 8864K new-sz: 2459K new bits offs: 19 T: 0.00
c o [rdb] cls before: 39466 after: 29768 low lbd: 1774 lbd cutoff: 2 target computed: 20000 cannot be del : 87 used: 19021 rdb: 5323
c o [mem] consolidate  old-sz: 7003K new-sz: 2511K new bits offs: 19 T: 0.00
c o [rdb] cls before: 39411 after: 29494 low lbd: 1777 lbd cutoff: 2 target computed: 20000 cannot be del : 77 used: 18862 rdb: 5326
c o [mem] consolidate  old-sz: 7136K new-sz: 2515K new bits offs: 19 T: 0.00
c o [rdb] cls before: 38853 after: 29130 low lbd: 1777 lbd cutoff: 2 target computed: 20000 cannot be del : 29 used: 19000 rdb: 5329
c o [mem] consolidate  old-sz: 7093K new-sz: 2394K new bits offs: 19 T: 0.00
c o [rdb] cls before: 38753 after: 29263 low lbd: 1777 lbd cutoff: 2 target computed: 20000 cannot be del : 80 used: 19264 rdb: 5332
c o [mem] consolidate  old-sz: 8568K new-sz: 2467K new bits offs: 19 T: 0.00
c o [rdb] cls before: 39137 after: 29574 low lbd: 1779 lbd cutoff: 2 target computed: 20000 cannot be del : 40 used: 19058 rdb: 5335
c o [mem] consolidate  old-sz: 8904K new-sz: 2576K new bits offs: 19 T: 0.00
c o [rdb] cls before: 39142 after: 29143 low lbd: 1780 lbd cutoff: 2 target computed: 20000 cannot be del : 54 used: 19536 rdb: 5338
c o [rdb] cls before: 39260 after: 29256 low lbd: 1781 lbd cutoff: 2 target computed: 20000 cannot be del : 81 used: 18627 rdb: 5341
c o [mem] consolidate  old-sz: 8889K new-sz: 2510K new bits offs: 19 T: 0.00
c o [rdb] cls before: 39408 after: 29153 low lbd: 1781 lbd cutoff: 2 target computed: 20000 cannot be del : 66 used: 18919 rdb: 5344
c o [mem] consolidate  old-sz: 7134K new-sz: 2469K new bits offs: 19 T: 0.00
c o [rdb] cls before: 39542 after: 29398 low lbd: 1782 lbd cutoff: 2 target computed: 20000 cannot be del : 62 used: 20460 rdb: 5347
c o [mem] consolidate  old-sz: 8457K new-sz: 2307K new bits offs: 19 T: 0.00
c o [rdb] cls before: 39282 after: 29215 low lbd: 1783 lbd cutoff: 2 target computed: 20000 cannot be del : 87 used: 19683 rdb: 5350
c o [mem] consolidate  old-sz: 8365K new-sz: 2417K new bits offs: 19 T: 0.00
c o [rdb] cls before: 39200 after: 29363 low lbd: 1784 lbd cutoff: 2 target computed: 20000 cannot be del : 55 used: 18717 rdb: 5353
c o [rdb] cls before: 39690 after: 29064 low lbd: 1785 lbd cutoff: 2 target computed: 20000 cannot be del : 86 used: 19319 rdb: 5356
c o [mem] consolidate  old-sz: 8608K new-sz: 2334K new bits offs: 19 T: 0.00
c o [rdb] cls before: 39139 after: 29428 low lbd: 1787 lbd cutoff: 2 target computed: 20000 cannot be del : 63 used: 18834 rdb: 5359
c o [mem] consolidate  old-sz: 8348K new-sz: 2500K new bits offs: 19 T: 0.00
c o [rdb] cls before: 39277 after: 29697 low lbd: 1788 lbd cutoff: 2 target computed: 20000 cannot be del : 82 used: 19188 rdb: 5362
c o [mem] consolidate  old-sz: 8540K new-sz: 2416K new bits offs: 19 T: 0.00
c o [rdb] cls before: 39697 after: 29020 low lbd: 1788 lbd cutoff: 2 target computed: 20000 cannot be del : 53 used: 19255 rdb: 5365
c o [rdb] cls before: 40016 after: 29504 low lbd: 1789 lbd cutoff: 2 target computed: 20000 cannot be del : 95 used: 19599 rdb: 5368
c o [mem] consolidate  old-sz: 8291K new-sz: 2405K new bits offs: 19 T: 0.00
c o [rdb] cls before: 39652 after: 29649 low lbd: 1789 lbd cutoff: 2 target computed: 20000 cannot be del : 67 used: 19126 rdb: 5371
c o [mem] consolidate  old-sz: 8469K new-sz: 2473K new bits offs: 19 T: 0.00
c o [rdb] cls before: 40104 after: 29534 low lbd: 1789 lbd cutoff: 2 target computed: 20000 cannot be del : 89 used: 19218 rdb: 5374
c o [mem] consolidate  old-sz: 8572K new-sz: 2503K new bits offs: 19 T: 0.00
c o [rdb] cls before: 40207 after: 29253 low lbd: 1789 lbd cutoff: 2 target computed: 20000 cannot be del : 78 used: 18287 rdb: 5377
c o [mem] consolidate  old-sz: 6910K new-sz: 2439K new bits offs: 19 T: 0.00
c o [rdb] cls before: 40044 after: 29502 low lbd: 1789 lbd cutoff: 2 target computed: 20000 cannot be del : 46 used: 18516 rdb: 5380
c o [mem] consolidate  old-sz: 6894K new-sz: 2354K new bits offs: 19 T: 0.00
c o [rdb] cls before: 38699 after: 29238 low lbd: 1791 lbd cutoff: 2 target computed: 20000 cannot be del : 71 used: 18693 rdb: 5383
c o [mem] consolidate  old-sz: 6990K new-sz: 2424K new bits offs: 19 T: 0.00
c o [rdb] cls before: 38583 after: 27842 low lbd: 1791 lbd cutoff: 2 target computed: 20000 cannot be del : 71 used: 16991 rdb: 5386
c o [rdb] cls before: 38839 after: 28903 low lbd: 1791 lbd cutoff: 2 target computed: 20000 cannot be del : 44 used: 18648 rdb: 5389
c o [mem] consolidate  old-sz: 8357K new-sz: 2405K new bits offs: 19 T: 0.00
c o [rdb] cls before: 38670 after: 28999 low lbd: 1791 lbd cutoff: 2 target computed: 20000 cannot be del : 48 used: 18550 rdb: 5392
c o [mem] consolidate  old-sz: 8400K new-sz: 2405K new bits offs: 19 T: 0.00
c o [rdb] cls before: 38819 after: 28406 low lbd: 1792 lbd cutoff: 2 target computed: 20000 cannot be del : 91 used: 19198 rdb: 5395
c o [mem] consolidate  old-sz: 8404K new-sz: 2322K new bits offs: 19 T: 0.00
c o [rdb] cls before: 38642 after: 28550 low lbd: 1793 lbd cutoff: 2 target computed: 20000 cannot be del : 73 used: 18274 rdb: 5398
c o [rdb] cls before: 39035 after: 28243 low lbd: 1794 lbd cutoff: 2 target computed: 20000 cannot be del : 64 used: 17103 rdb: 5401
c o [mem] consolidate  old-sz: 8543K new-sz: 2374K new bits offs: 19 T: 0.00
c o [rdb] cls before: 38338 after: 28190 low lbd: 1795 lbd cutoff: 2 target computed: 20000 cannot be del : 65 used: 18647 rdb: 5404
c o [mem] consolidate  old-sz: 7156K new-sz: 2428K new bits offs: 19 T: 0.00
c o [rdb] cls before: 38068 after: 28317 low lbd: 1795 lbd cutoff: 2 target computed: 20000 cannot be del : 80 used: 18427 rdb: 5407
c o [mem] consolidate  old-sz: 8623K new-sz: 2448K new bits offs: 19 T: 0.00
c o [rdb] cls before: 37577 after: 28265 low lbd: 1796 lbd cutoff: 2 target computed: 20000 cannot be del : 89 used: 17969 rdb: 5410
c o [mem] consolidate  old-sz: 8433K new-sz: 2438K new bits offs: 19 T: 0.00
c o [rdb] cls before: 38674 after: 28746 low lbd: 1796 lbd cutoff: 2 target computed: 20000 cannot be del : 99 used: 18748 rdb: 5413
c o [mem] consolidate  old-sz: 7078K new-sz: 2437K new bits offs: 19 T: 0.00
c o [rdb] cls before: 38623 after: 28914 low lbd: 1796 lbd cutoff: 2 target computed: 20000 cannot be del : 49 used: 18507 rdb: 5416
c o [mem] consolidate  old-sz: 7238K new-sz: 2459K new bits offs: 19 T: 0.00
c o [rdb] cls before: 38550 after: 28352 low lbd: 1797 lbd cutoff: 2 target computed: 20000 cannot be del : 94 used: 18248 rdb: 5419
c o [mem] consolidate  old-sz: 7057K new-sz: 2298K new bits offs: 19 T: 0.00
c o [rdb] cls before: 37669 after: 28176 low lbd: 1797 lbd cutoff: 2 target computed: 20000 cannot be del : 36 used: 18709 rdb: 5422
c o [rdb] cls before: 38593 after: 28245 low lbd: 1797 lbd cutoff: 2 target computed: 20000 cannot be del : 80 used: 18750 rdb: 5425
c o [mem] consolidate  old-sz: 8506K new-sz: 2364K new bits offs: 19 T: 0.00
c o [rdb] cls before: 38663 after: 28938 low lbd: 1798 lbd cutoff: 2 target computed: 20000 cannot be del : 46 used: 19041 rdb: 5428
c o [mem] consolidate  old-sz: 8494K new-sz: 2303K new bits offs: 19 T: 0.00
c o [rdb] cls before: 38825 after: 29008 low lbd: 1798 lbd cutoff: 2 target computed: 20000 cannot be del : 105 used: 19062 rdb: 5431
c o [mem] consolidate  old-sz: 8506K new-sz: 2494K new bits offs: 19 T: 0.00
c o [rdb] cls before: 38869 after: 28953 low lbd: 1798 lbd cutoff: 2 target computed: 20000 cannot be del : 91 used: 18610 rdb: 5434
c o [mem] consolidate  old-sz: 7112K new-sz: 2411K new bits offs: 19 T: 0.00
c o [rdb] cls before: 38432 after: 28505 low lbd: 1800 lbd cutoff: 2 target computed: 20000 cannot be del : 83 used: 18562 rdb: 5437
c o [rdb] cls before: 38748 after: 28964 low lbd: 1800 lbd cutoff: 2 target computed: 20000 cannot be del : 89 used: 20465 rdb: 5440
c o [mem] consolidate  old-sz: 8432K new-sz: 2335K new bits offs: 19 T: 0.00
c o [rdb] cls before: 39085 after: 28450 low lbd: 1800 lbd cutoff: 2 target computed: 20000 cannot be del : 44 used: 17292 rdb: 5443
c o [mem] consolidate  old-sz: 6721K new-sz: 2374K new bits offs: 19 T: 0.00
c o [rdb] cls before: 39570 after: 29423 low lbd: 1800 lbd cutoff: 2 target computed: 20000 cannot be del : 77 used: 19618 rdb: 5446
c o [mem] consolidate  old-sz: 8369K new-sz: 2452K new bits offs: 19 T: 0.00
c o [rdb] cls before: 39024 after: 29103 low lbd: 1801 lbd cutoff: 2 target computed: 20000 cannot be del : 103 used: 18940 rdb: 5449
c o [mem] consolidate  old-sz: 8685K new-sz: 2387K new bits offs: 19 T: 0.00
c o [rdb] cls before: 38188 after: 28574 low lbd: 1801 lbd cutoff: 2 target computed: 20000 cannot be del : 89 used: 18303 rdb: 5452
c o [rdb] cls before: 38958 after: 29184 low lbd: 1802 lbd cutoff: 2 target computed: 20000 cannot be del : 92 used: 19628 rdb: 5455
c o [mem] consolidate  old-sz: 8513K new-sz: 2520K new bits offs: 19 T: 0.00
c o [rdb] cls before: 37713 after: 28493 low lbd: 1803 lbd cutoff: 2 target computed: 20000 cannot be del : 104 used: 19830 rdb: 5458
c o [mem] consolidate  old-sz: 7115K new-sz: 2398K new bits offs: 19 T: 0.00
c o [rdb] cls before: 38387 after: 28736 low lbd: 1804 lbd cutoff: 2 target computed: 20000 cannot be del : 69 used: 19065 rdb: 5461
c o [mem] consolidate  old-sz: 8630K new-sz: 2379K new bits offs: 19 T: 0.00
c o [rdb] cls before: 38551 after: 28397 low lbd: 1805 lbd cutoff: 2 target computed: 20000 cannot be del : 58 used: 18989 rdb: 5464
c o [mem] consolidate  old-sz: 8349K new-sz: 2444K new bits offs: 19 T: 0.00
c o [rdb] cls before: 39191 after: 29010 low lbd: 1807 lbd cutoff: 2 target computed: 20000 cannot be del : 62 used: 19123 rdb: 5467
c o [mem] consolidate  old-sz: 7060K new-sz: 2457K new bits offs: 19 T: 0.00
c o [rdb] cls before: 39166 after: 29584 low lbd: 1807 lbd cutoff: 2 target computed: 20000 cannot be del : 79 used: 20672 rdb: 5470
c o [rdb] cls before: 39463 after: 29168 low lbd: 1810 lbd cutoff: 2 target computed: 20000 cannot be del : 96 used: 19091 rdb: 5473
c o [mem] consolidate  old-sz: 8379K new-sz: 2415K new bits offs: 19 T: 0.00
c o [rdb] cls before: 39282 after: 29501 low lbd: 1810 lbd cutoff: 2 target computed: 20000 cannot be del : 119 used: 19087 rdb: 5476
c o [mem] consolidate  old-sz: 8693K new-sz: 2592K new bits offs: 19 T: 0.00
c o [rdb] cls before: 39484 after: 29510 low lbd: 1811 lbd cutoff: 2 target computed: 20000 cannot be del : 63 used: 20578 rdb: 5479
c o [mem] consolidate  old-sz: 7186K new-sz: 2416K new bits offs: 19 T: 0.00
c o [rdb] cls before: 39848 after: 29934 low lbd: 1812 lbd cutoff: 2 target computed: 20000 cannot be del : 84 used: 20061 rdb: 5482
c o [mem] consolidate  old-sz: 7013K new-sz: 2388K new bits offs: 19 T: 0.00
c o [rdb] cls before: 39870 after: 29555 low lbd: 1812 lbd cutoff: 2 target computed: 20000 cannot be del : 108 used: 18710 rdb: 5485
c o [mem] consolidate  old-sz: 8644K new-sz: 2569K new bits offs: 19 T: 0.00
c o [rdb] cls before: 40188 after: 29793 low lbd: 1813 lbd cutoff: 2 target computed: 20000 cannot be del : 88 used: 20459 rdb: 5488
c o [rdb] cls before: 40246 after: 30039 low lbd: 1816 lbd cutoff: 2 target computed: 20000 cannot be del : 81 used: 19549 rdb: 5491
c o [mem] consolidate  old-sz: 8765K new-sz: 2610K new bits offs: 19 T: 0.00
c o [rdb] cls before: 40401 after: 29587 low lbd: 1816 lbd cutoff: 2 target computed: 20000 cannot be del : 74 used: 19557 rdb: 5494
c o [mem] consolidate  old-sz: 7116K new-sz: 2405K new bits offs: 19 T: 0.00
c o [rdb] cls before: 39791 after: 29762 low lbd: 1817 lbd cutoff: 2 target computed: 20000 cannot be del : 80 used: 18977 rdb: 5497
c o [mem] consolidate  old-sz: 8425K new-sz: 2430K new bits offs: 19 T: 0.00
c o [rdb] cls before: 39519 after: 29799 low lbd: 1818 lbd cutoff: 2 target computed: 20000 cannot be del : 40 used: 19090 rdb: 5500
c o [mem] consolidate  old-sz: 6902K new-sz: 2422K new bits offs: 19 T: 0.00
c o [rdb] cls before: 39429 after: 29538 low lbd: 1819 lbd cutoff: 2 target computed: 20000 cannot be del : 94 used: 19462 rdb: 5503
c o [mem] consolidate  old-sz: 8591K new-sz: 2499K new bits offs: 19 T: 0.00
c o [rdb] cls before: 40138 after: 29920 low lbd: 1819 lbd cutoff: 2 target computed: 20000 cannot be del : 63 used: 19969 rdb: 5506
c o [mem] consolidate  old-sz: 7166K new-sz: 2553K new bits offs: 19 T: 0.00
c o [rdb] cls before: 39896 after: 30195 low lbd: 1819 lbd cutoff: 2 target computed: 20000 cannot be del : 61 used: 19877 rdb: 5509
c o [mem] consolidate  old-sz: 7270K new-sz: 2434K new bits offs: 19 T: 0.00
c o [rdb] cls before: 39177 after: 29681 low lbd: 1821 lbd cutoff: 2 target computed: 20000 cannot be del : 128 used: 19295 rdb: 5512
c o [rdb] cls before: 40154 after: 30429 low lbd: 1822 lbd cutoff: 2 target computed: 20000 cannot be del : 59 used: 20333 rdb: 5515
c o [mem] consolidate  old-sz: 8549K new-sz: 2497K new bits offs: 19 T: 0.00
c o [rdb] cls before: 39797 after: 29755 low lbd: 1822 lbd cutoff: 2 target computed: 20000 cannot be del : 67 used: 18931 rdb: 5518
c o [mem] consolidate  old-sz: 7211K new-sz: 2502K new bits offs: 19 T: 0.00
c o [rdb] cls before: 40263 after: 30172 low lbd: 1822 lbd cutoff: 2 target computed: 20000 cannot be del : 73 used: 20650 rdb: 5521
c o [mem] consolidate  old-sz: 8857K new-sz: 2467K new bits offs: 19 T: 0.00
c o [rdb] cls before: 40444 after: 30191 low lbd: 1824 lbd cutoff: 2 target computed: 20000 cannot be del : 45 used: 20234 rdb: 5524
c o [mem] consolidate  old-sz: 7025K new-sz: 2494K new bits offs: 19 T: 0.00
c o [rdb] cls before: 40157 after: 30622 low lbd: 1824 lbd cutoff: 2 target computed: 20000 cannot be del : 50 used: 20648 rdb: 5527
c o [mem] consolidate  old-sz: 8765K new-sz: 2381K new bits offs: 19 T: 0.00
c o [rdb] cls before: 39589 after: 29908 low lbd: 1826 lbd cutoff: 2 target computed: 20000 cannot be del : 102 used: 19096 rdb: 5530
c o [rdb] cls before: 40398 after: 30556 low lbd: 1827 lbd cutoff: 2 target computed: 20000 cannot be del : 38 used: 20029 rdb: 5533
c o [mem] consolidate  old-sz: 8346K new-sz: 2502K new bits offs: 19 T: 0.00
c o [rdb] cls before: 40295 after: 30323 low lbd: 1827 lbd cutoff: 2 target computed: 20000 cannot be del : 85 used: 19846 rdb: 5536
c o [mem] consolidate  old-sz: 7177K new-sz: 2627K new bits offs: 19 T: 0.00
c o [rdb] cls before: 39922 after: 29695 low lbd: 1831 lbd cutoff: 2 target computed: 20000 cannot be del : 97 used: 19421 rdb: 5539
c o [mem] consolidate  old-sz: 7219K new-sz: 2487K new bits offs: 19 T: 0.00
c o [rdb] cls before: 39504 after: 28994 low lbd: 1832 lbd cutoff: 2 target computed: 20000 cannot be del : 62 used: 18774 rdb: 5542
c o [mem] consolidate  old-sz: 7357K new-sz: 2629K new bits offs: 19 T: 0.00
c o [rdb] cls before: 38847 after: 28138 low lbd: 1832 lbd cutoff: 2 target computed: 20000 cannot be del : 95 used: 18374 rdb: 5545
c o [mem] consolidate  old-sz: 7435K new-sz: 2424K new bits offs: 19 T: 0.00
c o [rdb] cls before: 38870 after: 28547 low lbd: 1833 lbd cutoff: 2 target computed: 20000 cannot be del : 57 used: 18049 rdb: 5548
c o [mem] consolidate  old-sz: 8876K new-sz: 2476K new bits offs: 19 T: 0.00
c o [rdb] cls before: 38976 after: 29429 low lbd: 1834 lbd cutoff: 2 target computed: 20000 cannot be del : 71 used: 19449 rdb: 5551
c o [mem] consolidate  old-sz: 8960K new-sz: 2391K new bits offs: 19 T: 0.00
c o [rdb] cls before: 38101 after: 28814 low lbd: 1838 lbd cutoff: 2 target computed: 20000 cannot be del : 54 used: 19061 rdb: 5554
c o [rdb] cls before: 39690 after: 29349 low lbd: 1838 lbd cutoff: 2 target computed: 20000 cannot be del : 92 used: 19446 rdb: 5557
c o [mem] consolidate  old-sz: 8662K new-sz: 2461K new bits offs: 19 T: 0.00
c o [rdb] cls before: 39163 after: 29256 low lbd: 1839 lbd cutoff: 2 target computed: 20000 cannot be del : 107 used: 18673 rdb: 5560
c o [mem] consolidate  old-sz: 7271K new-sz: 2579K new bits offs: 19 T: 0.00
c o [rdb] cls before: 38923 after: 28906 low lbd: 1840 lbd cutoff: 2 target computed: 20000 cannot be del : 47 used: 17915 rdb: 5563
c o [mem] consolidate  old-sz: 7321K new-sz: 2511K new bits offs: 19 T: 0.00
c o [rdb] cls before: 39158 after: 29528 low lbd: 1841 lbd cutoff: 2 target computed: 20000 cannot be del : 51 used: 19328 rdb: 5566
c o [mem] consolidate  old-sz: 8769K new-sz: 2591K new bits offs: 19 T: 0.00
c o [rdb] cls before: 39673 after: 29003 low lbd: 1841 lbd cutoff: 2 target computed: 20000 cannot be del : 95 used: 18750 rdb: 5569
c o [mem] consolidate  old-sz: 8905K new-sz: 2577K new bits offs: 19 T: 0.00
c o [rdb] cls before: 39973 after: 29189 low lbd: 1842 lbd cutoff: 2 target computed: 20000 cannot be del : 119 used: 19464 rdb: 5572
c o [mem] consolidate  old-sz: 7336K new-sz: 2623K new bits offs: 19 T: 0.00
c o [rdb] cls before: 39590 after: 29297 low lbd: 1842 lbd cutoff: 2 target computed: 20000 cannot be del : 92 used: 19631 rdb: 5575
c o [mem] consolidate  old-sz: 7386K new-sz: 2581K new bits offs: 19 T: 0.00
c o [rdb] cls before: 39188 after: 29047 low lbd: 1842 lbd cutoff: 2 target computed: 20000 cannot be del : 59 used: 18548 rdb: 5578
c o [mem] consolidate  old-sz: 7244K new-sz: 2393K new bits offs: 19 T: 0.00
c o [rdb] cls before: 38971 after: 29165 low lbd: 1842 lbd cutoff: 2 target computed: 20000 cannot be del : 72 used: 18354 rdb: 5581
c o [rdb] cls before: 39774 after: 29482 low lbd: 1842 lbd cutoff: 2 target computed: 20000 cannot be del : 94 used: 19129 rdb: 5584
c o [mem] consolidate  old-sz: 8503K new-sz: 2492K new bits offs: 19 T: 0.00
c o [rdb] cls before: 39170 after: 29390 low lbd: 1843 lbd cutoff: 2 target computed: 20000 cannot be del : 32 used: 19054 rdb: 5587
c o [mem] consolidate  old-sz: 7029K new-sz: 2418K new bits offs: 19 T: 0.00
c o [rdb] cls before: 39279 after: 30150 low lbd: 1844 lbd cutoff: 2 target computed: 20000 cannot be del : 73 used: 20021 rdb: 5590
c o [mem] consolidate  old-sz: 8667K new-sz: 2499K new bits offs: 19 T: 0.00
c o [rdb] cls before: 39998 after: 29596 low lbd: 1844 lbd cutoff: 2 target computed: 20000 cannot be del : 114 used: 19930 rdb: 5593
c o [mem] consolidate  old-sz: 8701K new-sz: 2516K new bits offs: 19 T: 0.00
c o [rdb] cls before: 40247 after: 29920 low lbd: 1845 lbd cutoff: 2 target computed: 20000 cannot be del : 68 used: 20655 rdb: 5596
c o [mem] consolidate  old-sz: 7080K new-sz: 2551K new bits offs: 19 T: 0.00
c o [rdb] cls before: 39991 after: 29668 low lbd: 1846 lbd cutoff: 2 target computed: 20000 cannot be del : 49 used: 19409 rdb: 5599
c o [rdb] cls before: 40144 after: 30106 low lbd: 1847 lbd cutoff: 2 target computed: 20000 cannot be del : 61 used: 20634 rdb: 5602
c o [mem] consolidate  old-sz: 8708K new-sz: 2544K new bits offs: 19 T: 0.00
c o [rdb] cls before: 40185 after: 30348 low lbd: 1848 lbd cutoff: 2 target computed: 20000 cannot be del : 90 used: 21109 rdb: 5605
c o [mem] consolidate  old-sz: 8655K new-sz: 2522K new bits offs: 19 T: 0.00
c o [rdb] cls before: 39372 after: 29847 low lbd: 1848 lbd cutoff: 2 target computed: 20000 cannot be del : 68 used: 18689 rdb: 5608
c o [mem] consolidate  old-sz: 6859K new-sz: 2472K new bits offs: 19 T: 0.00
c o [rdb] cls before: 40052 after: 29746 low lbd: 1849 lbd cutoff: 2 target computed: 20000 cannot be del : 96 used: 18937 rdb: 5611
c o [mem] consolidate  old-sz: 7099K new-sz: 2497K new bits offs: 19 T: 0.00
c o [rdb] cls before: 39799 after: 29635 low lbd: 1849 lbd cutoff: 2 target computed: 20000 cannot be del : 155 used: 18786 rdb: 5614
c o [mem] consolidate  old-sz: 7169K new-sz: 2368K new bits offs: 19 T: 0.00
c o [rdb] cls before: 39426 after: 29867 low lbd: 1849 lbd cutoff: 2 target computed: 20000 cannot be del : 79 used: 19436 rdb: 5617
c o [mem] consolidate  old-sz: 8441K new-sz: 2432K new bits offs: 19 T: 0.00
c o [rdb] cls before: 39507 after: 29450 low lbd: 1849 lbd cutoff: 2 target computed: 20000 cannot be del : 74 used: 19208 rdb: 5620
c o [rdb] cls before: 39985 after: 29264 low lbd: 1850 lbd cutoff: 2 target computed: 20000 cannot be del : 89 used: 18282 rdb: 5623
c o [mem] consolidate  old-sz: 8526K new-sz: 2465K new bits offs: 19 T: 0.00
c o [rdb] cls before: 39656 after: 29454 low lbd: 1850 lbd cutoff: 2 target computed: 20000 cannot be del : 108 used: 18739 rdb: 5626
c o [mem] consolidate  old-sz: 8737K new-sz: 2446K new bits offs: 19 T: 0.00
c o [rdb] cls before: 39448 after: 28402 low lbd: 1850 lbd cutoff: 2 target computed: 20000 cannot be del : 60 used: 16885 rdb: 5629
c o [mem] consolidate  old-sz: 8705K new-sz: 2545K new bits offs: 19 T: 0.00
c o [rdb] cls before: 39248 after: 28691 low lbd: 1850 lbd cutoff: 2 target computed: 20000 cannot be del : 111 used: 17677 rdb: 5632
c o [mem] consolidate  old-sz: 7440K new-sz: 2477K new bits offs: 19 T: 0.00
c o [rdb] cls before: 38361 after: 28803 low lbd: 1851 lbd cutoff: 2 target computed: 20000 cannot be del : 93 used: 18363 rdb: 5635
c o [rdb] cls before: 38533 after: 28371 low lbd: 1851 lbd cutoff: 2 target computed: 20000 cannot be del : 79 used: 18427 rdb: 5638
c o [mem] consolidate  old-sz: 8902K new-sz: 2397K new bits offs: 19 T: 0.00
c o [rdb] cls before: 38502 after: 28308 low lbd: 1851 lbd cutoff: 2 target computed: 20000 cannot be del : 83 used: 17806 rdb: 5641
c o [mem] consolidate  old-sz: 7085K new-sz: 2390K new bits offs: 19 T: 0.00
c o [rdb] cls before: 38704 after: 28521 low lbd: 1853 lbd cutoff: 2 target computed: 20000 cannot be del : 26 used: 19510 rdb: 5644
c o [mem] consolidate  old-sz: 8790K new-sz: 2365K new bits offs: 19 T: 0.00
c o [rdb] cls before: 38288 after: 28105 low lbd: 1853 lbd cutoff: 2 target computed: 20000 cannot be del : 78 used: 17864 rdb: 5647
c o [mem] consolidate  old-sz: 8692K new-sz: 2574K new bits offs: 19 T: 0.00
c o [rdb] cls before: 39068 after: 29019 low lbd: 1853 lbd cutoff: 2 target computed: 20000 cannot be del : 129 used: 18789 rdb: 5650
c o [mem] consolidate  old-sz: 7514K new-sz: 2434K new bits offs: 19 T: 0.00
c o [rdb] cls before: 38511 after: 28876 low lbd: 1854 lbd cutoff: 2 target computed: 20000 cannot be del : 66 used: 18513 rdb: 5653
c o [rdb] cls before: 38555 after: 28370 low lbd: 1854 lbd cutoff: 2 target computed: 20000 cannot be del : 97 used: 18446 rdb: 5656
c o [mem] consolidate  old-sz: 8756K new-sz: 2425K new bits offs: 19 T: 0.00
c o [rdb] cls before: 38937 after: 28805 low lbd: 1855 lbd cutoff: 2 target computed: 20000 cannot be del : 64 used: 18772 rdb: 5659
c o [mem] consolidate  old-sz: 8812K new-sz: 2555K new bits offs: 19 T: 0.00
c o [rdb] cls before: 39045 after: 28819 low lbd: 1855 lbd cutoff: 2 target computed: 20000 cannot be del : 103 used: 19742 rdb: 5662
c o [mem] consolidate  old-sz: 7240K new-sz: 2285K new bits offs: 19 T: 0.00
c o [rdb] cls before: 38773 after: 28823 low lbd: 1855 lbd cutoff: 2 target computed: 20000 cannot be del : 98 used: 18310 rdb: 5665
c o [mem] consolidate  old-sz: 8288K new-sz: 2357K new bits offs: 19 T: 0.00
c o [rdb] cls before: 38731 after: 29173 low lbd: 1855 lbd cutoff: 2 target computed: 20000 cannot be del : 107 used: 19285 rdb: 5668
c o [rdb] cls before: 39307 after: 29219 low lbd: 1855 lbd cutoff: 2 target computed: 20000 cannot be del : 109 used: 19420 rdb: 5671
c o [mem] consolidate  old-sz: 8546K new-sz: 2420K new bits offs: 19 T: 0.00
c o [rdb] cls before: 39827 after: 29348 low lbd: 1855 lbd cutoff: 2 target computed: 20000 cannot be del : 31 used: 19515 rdb: 5674
c o [mem] consolidate  old-sz: 8501K new-sz: 2407K new bits offs: 19 T: 0.00
c o [rdb] cls before: 39448 after: 29859 low lbd: 1855 lbd cutoff: 2 target computed: 20000 cannot be del : 120 used: 20062 rdb: 5677
c o [mem] consolidate  old-sz: 8680K new-sz: 2592K new bits offs: 19 T: 0.00
c o [rdb] cls before: 40184 after: 29433 low lbd: 1855 lbd cutoff: 2 target computed: 20000 cannot be del : 35 used: 19294 rdb: 5680
c o [mem] consolidate  old-sz: 7191K new-sz: 2431K new bits offs: 19 T: 0.00
c o [rdb] cls before: 39277 after: 29522 low lbd: 1856 lbd cutoff: 2 target computed: 20000 cannot be del : 67 used: 19032 rdb: 5683
c o [rdb] cls before: 39677 after: 30078 low lbd: 1857 lbd cutoff: 2 target computed: 20000 cannot be del : 97 used: 19753 rdb: 5686
c o [mem] consolidate  old-sz: 8381K new-sz: 2504K new bits offs: 19 T: 0.00
c o [rdb] cls before: 39954 after: 29875 low lbd: 1858 lbd cutoff: 2 target computed: 20000 cannot be del : 94 used: 19670 rdb: 5689
c o [mem] consolidate  old-sz: 6999K new-sz: 2430K new bits offs: 19 T: 0.00
c o [rdb] cls before: 39176 after: 29656 low lbd: 1858 lbd cutoff: 2 target computed: 20000 cannot be del : 66 used: 18713 rdb: 5692
c o [mem] consolidate  old-sz: 6973K new-sz: 2527K new bits offs: 19 T: 0.00
c o [rdb] cls before: 40237 after: 29957 low lbd: 1860 lbd cutoff: 2 target computed: 20000 cannot be del : 72 used: 19332 rdb: 5695
c o [mem] consolidate  old-sz: 8699K new-sz: 2504K new bits offs: 19 T: 0.00
c o [rdb] cls before: 39968 after: 29341 low lbd: 1862 lbd cutoff: 2 target computed: 20000 cannot be del : 70 used: 18691 rdb: 5698
c o [mem] consolidate  old-sz: 7378K new-sz: 2596K new bits offs: 19 T: 0.00
c o [rdb] cls before: 38183 after: 28754 low lbd: 1862 lbd cutoff: 2 target computed: 20000 cannot be del : 65 used: 19100 rdb: 5701
c o [mem] consolidate  old-sz: 7213K new-sz: 2415K new bits offs: 19 T: 0.00
c o [rdb] cls before: 39015 after: 28570 low lbd: 1865 lbd cutoff: 2 target computed: 20000 cannot be del : 80 used: 18523 rdb: 5704
c o [mem] consolidate  old-sz: 8563K new-sz: 2475K new bits offs: 19 T: 0.00
c o [rdb] cls before: 38778 after: 29130 low lbd: 1867 lbd cutoff: 2 target computed: 20000 cannot be del : 123 used: 20157 rdb: 5707
c o [rdb] cls before: 39073 after: 28886 low lbd: 1868 lbd cutoff: 2 target computed: 20000 cannot be del : 126 used: 18879 rdb: 5710
c o [mem] consolidate  old-sz: 8534K new-sz: 2426K new bits offs: 19 T: 0.00
c o [rdb] cls before: 39609 after: 29643 low lbd: 1868 lbd cutoff: 2 target computed: 20000 cannot be del : 74 used: 19728 rdb: 5713
c o [mem] consolidate  old-sz: 8630K new-sz: 2557K new bits offs: 19 T: 0.00
c o [rdb] cls before: 39261 after: 28617 low lbd: 1870 lbd cutoff: 2 target computed: 20000 cannot be del : 79 used: 18778 rdb: 5716
c o [mem] consolidate  old-sz: 8220K new-sz: 2304K new bits offs: 19 T: 0.00
c o [rdb] cls before: 38996 after: 29307 low lbd: 1870 lbd cutoff: 2 target computed: 20000 cannot be del : 51 used: 19391 rdb: 5719
c o [rdb] cls before: 39417 after: 29120 low lbd: 1872 lbd cutoff: 2 target computed: 20000 cannot be del : 94 used: 18316 rdb: 5722
c o [mem] consolidate  old-sz: 8050K new-sz: 2326K new bits offs: 19 T: 0.00
c o [rdb] cls before: 38985 after: 29210 low lbd: 1874 lbd cutoff: 2 target computed: 20000 cannot be del : 105 used: 18217 rdb: 5725
c o [mem] consolidate  old-sz: 8334K new-sz: 2488K new bits offs: 19 T: 0.00
c o [rdb] cls before: 38561 after: 29449 low lbd: 1876 lbd cutoff: 2 target computed: 20000 cannot be del : 85 used: 18993 rdb: 5728
c o [mem] consolidate  old-sz: 6837K new-sz: 2406K new bits offs: 19 T: 0.00
c o [rdb] cls before: 38929 after: 28848 low lbd: 1876 lbd cutoff: 2 target computed: 20000 cannot be del : 48 used: 18128 rdb: 5731
c o [mem] consolidate  old-sz: 6788K new-sz: 2280K new bits offs: 19 T: 0.00
c o [rdb] cls before: 38361 after: 29192 low lbd: 1876 lbd cutoff: 2 target computed: 20000 cannot be del : 69 used: 18967 rdb: 5734
c o [mem] consolidate  old-sz: 8187K new-sz: 2408K new bits offs: 19 T: 0.00
c o [rdb] cls before: 38922 after: 29355 low lbd: 1877 lbd cutoff: 2 target computed: 20000 cannot be del : 96 used: 19057 rdb: 5737
c o [rdb] cls before: 39239 after: 29026 low lbd: 1877 lbd cutoff: 2 target computed: 20000 cannot be del : 65 used: 19422 rdb: 5740
c o [mem] consolidate  old-sz: 8294K new-sz: 2306K new bits offs: 19 T: 0.00
c o [rdb] cls before: 38993 after: 29582 low lbd: 1877 lbd cutoff: 2 target computed: 20000 cannot be del : 98 used: 19093 rdb: 5743
c o [mem] consolidate  old-sz: 8373K new-sz: 2412K new bits offs: 19 T: 0.00
c o [rdb] cls before: 39614 after: 29622 low lbd: 1878 lbd cutoff: 2 target computed: 20000 cannot be del : 82 used: 19432 rdb: 5746
c o [mem] consolidate  old-sz: 7060K new-sz: 2359K new bits offs: 19 T: 0.00
c o [rdb] cls before: 39263 after: 29863 low lbd: 1880 lbd cutoff: 2 target computed: 20000 cannot be del : 101 used: 19693 rdb: 5749
c o [mem] consolidate  old-sz: 8414K new-sz: 2482K new bits offs: 19 T: 0.00
c o [rdb] cls before: 39588 after: 29476 low lbd: 1882 lbd cutoff: 2 target computed: 20000 cannot be del : 73 used: 19829 rdb: 5752
c o [mem] consolidate  old-sz: 7009K new-sz: 2426K new bits offs: 19 T: 0.00
c o [rdb] cls before: 38786 after: 28678 low lbd: 1882 lbd cutoff: 2 target computed: 20000 cannot be del : 105 used: 18496 rdb: 5755
c o [rdb] cls before: 39410 after: 29153 low lbd: 1883 lbd cutoff: 2 target computed: 20000 cannot be del : 110 used: 18810 rdb: 5758
c o [mem] consolidate  old-sz: 8464K new-sz: 2503K new bits offs: 19 T: 0.00
c o [rdb] cls before: 38796 after: 29262 low lbd: 1884 lbd cutoff: 2 target computed: 20000 cannot be del : 58 used: 18608 rdb: 5761
c o [mem] consolidate  old-sz: 8452K new-sz: 2388K new bits offs: 19 T: 0.00
c o [rdb] cls before: 38809 after: 29170 low lbd: 1884 lbd cutoff: 2 target computed: 20000 cannot be del : 50 used: 18899 rdb: 5764
c o [mem] consolidate  old-sz: 8339K new-sz: 2404K new bits offs: 19 T: 0.00
c o [rdb] cls before: 39421 after: 29613 low lbd: 1885 lbd cutoff: 2 target computed: 20000 cannot be del : 79 used: 19249 rdb: 5767
c o [mem] consolidate  old-sz: 6994K new-sz: 2401K new bits offs: 19 T: 0.00
c o [rdb] cls before: 38803 after: 29331 low lbd: 1886 lbd cutoff: 2 target computed: 20000 cannot be del : 126 used: 18506 rdb: 5770
c o [rdb] cls before: 39075 after: 29420 low lbd: 1886 lbd cutoff: 2 target computed: 20000 cannot be del : 96 used: 19122 rdb: 5773
c o [mem] consolidate  old-sz: 8733K new-sz: 2509K new bits offs: 19 T: 0.00
c o [rdb] cls before: 39463 after: 29033 low lbd: 1886 lbd cutoff: 2 target computed: 20000 cannot be del : 111 used: 19706 rdb: 5776
c o [mem] consolidate  old-sz: 6999K new-sz: 2402K new bits offs: 19 T: 0.00
c o [rdb] cls before: 38609 after: 28321 low lbd: 1887 lbd cutoff: 2 target computed: 20000 cannot be del : 84 used: 18693 rdb: 5779
c o [mem] consolidate  old-sz: 6959K new-sz: 2362K new bits offs: 19 T: 0.00
c o [rdb] cls before: 38980 after: 28206 low lbd: 1889 lbd cutoff: 2 target computed: 20000 cannot be del : 59 used: 17615 rdb: 5782
c o [mem] consolidate  old-sz: 6888K new-sz: 2377K new bits offs: 19 T: 0.00
c o [rdb] cls before: 38714 after: 28779 low lbd: 1889 lbd cutoff: 2 target computed: 20000 cannot be del : 42 used: 17983 rdb: 5785
c o [mem] consolidate  old-sz: 8444K new-sz: 2438K new bits offs: 19 T: 0.00
c o [rdb] cls before: 38864 after: 29475 low lbd: 1890 lbd cutoff: 2 target computed: 20000 cannot be del : 96 used: 19776 rdb: 5788
c o [mem] consolidate  old-sz: 6961K new-sz: 2381K new bits offs: 19 T: 0.00
c o [rdb] cls before: 39106 after: 28885 low lbd: 1891 lbd cutoff: 2 target computed: 20000 cannot be del : 98 used: 18410 rdb: 5791
c o [mem] consolidate  old-sz: 8787K new-sz: 2566K new bits offs: 19 T: 0.00
c o [rdb] cls before: 39054 after: 28451 low lbd: 1891 lbd cutoff: 2 target computed: 20000 cannot be del : 47 used: 17662 rdb: 5794
c o [mem] consolidate  old-sz: 7531K new-sz: 2463K new bits offs: 19 T: 0.00
c o [rdb] cls before: 38291 after: 28415 low lbd: 1892 lbd cutoff: 2 target computed: 20000 cannot be del : 109 used: 17852 rdb: 5797
c o [rdb] cls before: 38430 after: 28831 low lbd: 1894 lbd cutoff: 2 target computed: 20000 cannot be del : 85 used: 18586 rdb: 5800
c o [mem] consolidate  old-sz: 8685K new-sz: 2523K new bits offs: 19 T: 0.00
c o [rdb] cls before: 38454 after: 28771 low lbd: 1896 lbd cutoff: 2 target computed: 20000 cannot be del : 47 used: 19458 rdb: 5803
c o [mem] consolidate  old-sz: 7120K new-sz: 2414K new bits offs: 19 T: 0.00
c o [rdb] cls before: 38147 after: 29001 low lbd: 1897 lbd cutoff: 2 target computed: 20000 cannot be del : 66 used: 18616 rdb: 5806
c o [mem] consolidate  old-sz: 8413K new-sz: 2449K new bits offs: 19 T: 0.00
c o [rdb] cls before: 38698 after: 28256 low lbd: 1898 lbd cutoff: 2 target computed: 20000 cannot be del : 96 used: 17301 rdb: 5809
c o [mem] consolidate  old-sz: 6956K new-sz: 2300K new bits offs: 19 T: 0.00
c o [rdb] cls before: 38536 after: 28022 low lbd: 1899 lbd cutoff: 2 target computed: 20000 cannot be del : 76 used: 17956 rdb: 5812
c o [mem] consolidate  old-sz: 8303K new-sz: 2412K new bits offs: 19 T: 0.00
c o [rdb] cls before: 38383 after: 28972 low lbd: 1901 lbd cutoff: 2 target computed: 20000 cannot be del : 75 used: 18460 rdb: 5815
c o [rdb] cls before: 38836 after: 28528 low lbd: 1902 lbd cutoff: 2 target computed: 20000 cannot be del : 80 used: 18545 rdb: 5818
c o [mem] consolidate  old-sz: 8475K new-sz: 2293K new bits offs: 19 T: 0.00
c o [rdb] cls before: 38655 after: 28989 low lbd: 1904 lbd cutoff: 2 target computed: 20000 cannot be del : 79 used: 19087 rdb: 5821
c o [mem] consolidate  old-sz: 8136K new-sz: 2305K new bits offs: 19 T: 0.00
c o [rdb] cls before: 38988 after: 28869 low lbd: 1904 lbd cutoff: 2 target computed: 20000 cannot be del : 83 used: 18692 rdb: 5824
c o [mem] consolidate  old-sz: 8495K new-sz: 2416K new bits offs: 19 T: 0.00
c o [rdb] cls before: 38879 after: 28886 low lbd: 1906 lbd cutoff: 2 target computed: 20000 cannot be del : 99 used: 18246 rdb: 5827
c o [rdb] cls before: 39247 after: 28995 low lbd: 1907 lbd cutoff: 2 target computed: 20000 cannot be del : 91 used: 18169 rdb: 5830
c o [mem] consolidate  old-sz: 8463K new-sz: 2420K new bits offs: 19 T: 0.00
c o [rdb] cls before: 39138 after: 29172 low lbd: 1907 lbd cutoff: 2 target computed: 20000 cannot be del : 59 used: 18854 rdb: 5833
c o [mem] consolidate  old-sz: 8220K new-sz: 2323K new bits offs: 19 T: 0.00
c o [rdb] cls before: 38646 after: 29060 low lbd: 1908 lbd cutoff: 2 target computed: 20000 cannot be del : 51 used: 18840 rdb: 5836
c o [mem] consolidate  old-sz: 8331K new-sz: 2392K new bits offs: 19 T: 0.00
c o [rdb] cls before: 38851 after: 28777 low lbd: 1909 lbd cutoff: 2 target computed: 20000 cannot be del : 97 used: 18077 rdb: 5839
c o [mem] consolidate  old-sz: 6974K new-sz: 2382K new bits offs: 19 T: 0.00
c o [rdb] cls before: 38595 after: 28684 low lbd: 1909 lbd cutoff: 2 target computed: 20000 cannot be del : 93 used: 17974 rdb: 5842
c o [rdb] cls before: 38902 after: 28922 low lbd: 1911 lbd cutoff: 2 target computed: 20000 cannot be del : 100 used: 19199 rdb: 5845
c o [mem] consolidate  old-sz: 8319K new-sz: 2415K new bits offs: 19 T: 0.00
c o [rdb] cls before: 39338 after: 29884 low lbd: 1912 lbd cutoff: 2 target computed: 20000 cannot be del : 47 used: 21062 rdb: 5848
c o [mem] consolidate  old-sz: 8382K new-sz: 2310K new bits offs: 19 T: 0.00
c o [rdb] cls before: 39312 after: 29280 low lbd: 1913 lbd cutoff: 2 target computed: 20000 cannot be del : 83 used: 18980 rdb: 5851
c o [mem] consolidate  old-sz: 8282K new-sz: 2347K new bits offs: 19 T: 0.00
c o [rdb] cls before: 38754 after: 28929 low lbd: 1914 lbd cutoff: 2 target computed: 20000 cannot be del : 60 used: 19028 rdb: 5854
c o [rdb] cls before: 39150 after: 29065 low lbd: 1915 lbd cutoff: 2 target computed: 20000 cannot be del : 82 used: 19166 rdb: 5857
c o [mem] consolidate  old-sz: 8408K new-sz: 2465K new bits offs: 19 T: 0.00
c o [rdb] cls before: 39721 after: 29424 low lbd: 1916 lbd cutoff: 2 target computed: 20000 cannot be del : 61 used: 19497 rdb: 5860
c o [mem] consolidate  old-sz: 8461K new-sz: 2531K new bits offs: 19 T: 0.00
c o [rdb] cls before: 38714 after: 28910 low lbd: 1916 lbd cutoff: 2 target computed: 20000 cannot be del : 100 used: 17985 rdb: 5863
c o [mem] consolidate  old-sz: 7031K new-sz: 2398K new bits offs: 19 T: 0.00
c o [rdb] cls before: 39295 after: 29330 low lbd: 1917 lbd cutoff: 2 target computed: 20000 cannot be del : 74 used: 19121 rdb: 5866
c o [mem] consolidate  old-sz: 8375K new-sz: 2417K new bits offs: 19 T: 0.00
c o [rdb] cls before: 39357 after: 29265 low lbd: 1919 lbd cutoff: 2 target computed: 20000 cannot be del : 125 used: 19077 rdb: 5869
c o [rdb] cls before: 39812 after: 28838 low lbd: 1920 lbd cutoff: 2 target computed: 20000 cannot be del : 94 used: 18250 rdb: 5872
c o [mem] consolidate  old-sz: 8455K new-sz: 2377K new bits offs: 19 T: 0.00
c o [rdb] cls before: 39608 after: 29762 low lbd: 1920 lbd cutoff: 2 target computed: 20000 cannot be del : 59 used: 20120 rdb: 5875
c o [mem] consolidate  old-sz: 8474K new-sz: 2438K new bits offs: 19 T: 0.00
c o [rdb] cls before: 39640 after: 29729 low lbd: 1922 lbd cutoff: 2 target computed: 20000 cannot be del : 110 used: 19185 rdb: 5878
c o [mem] consolidate  old-sz: 7077K new-sz: 2378K new bits offs: 19 T: 0.00
c o [rdb] cls before: 39314 after: 29238 low lbd: 1922 lbd cutoff: 2 target computed: 20000 cannot be del : 104 used: 18994 rdb: 5881
c o [mem] consolidate  old-sz: 8507K new-sz: 2482K new bits offs: 19 T: 0.00
c o [rdb] cls before: 39713 after: 29012 low lbd: 1923 lbd cutoff: 2 target computed: 20000 cannot be del : 98 used: 18578 rdb: 5884
c o [rdb] cls before: 40058 after: 29599 low lbd: 1923 lbd cutoff: 2 target computed: 20000 cannot be del : 65 used: 19506 rdb: 5887
c o [mem] consolidate  old-sz: 8723K new-sz: 2467K new bits offs: 19 T: 0.00
c o [rdb] cls before: 38678 after: 29008 low lbd: 1924 lbd cutoff: 2 target computed: 20000 cannot be del : 72 used: 18583 rdb: 5890
c o [mem] consolidate  old-sz: 7108K new-sz: 2420K new bits offs: 19 T: 0.00
c o [rdb] cls before: 39537 after: 29498 low lbd: 1924 lbd cutoff: 2 target computed: 20000 cannot be del : 82 used: 20195 rdb: 5893
c o [mem] consolidate  old-sz: 8549K new-sz: 2338K new bits offs: 19 T: 0.00
c o [rdb] cls before: 38911 after: 28036 low lbd: 1925 lbd cutoff: 2 target computed: 20000 cannot be del : 48 used: 17979 rdb: 5896
c o [mem] consolidate  old-sz: 6830K new-sz: 2329K new bits offs: 19 T: 0.00
c o [rdb] cls before: 38480 after: 28702 low lbd: 1925 lbd cutoff: 2 target computed: 20000 cannot be del : 115 used: 18552 rdb: 5899
c o [mem] consolidate  old-sz: 6834K new-sz: 2320K new bits offs: 19 T: 0.00
c o [rdb] cls before: 38924 after: 28837 low lbd: 1926 lbd cutoff: 2 target computed: 20000 cannot be del : 105 used: 18649 rdb: 5902
c o [mem] consolidate  old-sz: 8313K new-sz: 2282K new bits offs: 19 T: 0.00
c o [rdb] cls before: 38196 after: 28553 low lbd: 1927 lbd cutoff: 2 target computed: 20000 cannot be del : 103 used: 18396 rdb: 5905
c o [rdb] cls before: 39305 after: 28727 low lbd: 1927 lbd cutoff: 2 target computed: 20000 cannot be del : 53 used: 18742 rdb: 5908
c o [mem] consolidate  old-sz: 8456K new-sz: 2385K new bits offs: 19 T: 0.00
c o [rdb] cls before: 39076 after: 28520 low lbd: 1928 lbd cutoff: 2 target computed: 20000 cannot be del : 71 used: 17933 rdb: 5911
c o [mem] consolidate  old-sz: 6977K new-sz: 2366K new bits offs: 19 T: 0.00
c o [rdb] cls before: 38858 after: 29344 low lbd: 1929 lbd cutoff: 2 target computed: 20000 cannot be del : 126 used: 19141 rdb: 5914
c o [mem] consolidate  old-sz: 8552K new-sz: 2396K new bits offs: 19 T: 0.00
c o [rdb] cls before: 39052 after: 29480 low lbd: 1930 lbd cutoff: 2 target computed: 20000 cannot be del : 90 used: 19938 rdb: 5917
c o [mem] consolidate  old-sz: 8507K new-sz: 2461K new bits offs: 19 T: 0.00
c o [rdb] cls before: 39505 after: 29230 low lbd: 1932 lbd cutoff: 2 target computed: 20000 cannot be del : 99 used: 19142 rdb: 5920
c o [rdb] cls before: 39707 after: 29508 low lbd: 1934 lbd cutoff: 2 target computed: 20000 cannot be del : 65 used: 19070 rdb: 5923
c o [mem] consolidate  old-sz: 8570K new-sz: 2399K new bits offs: 19 T: 0.00
c o [rdb] cls before: 39444 after: 29416 low lbd: 1935 lbd cutoff: 2 target computed: 20000 cannot be del : 62 used: 19002 rdb: 5926
c o [mem] consolidate  old-sz: 6902K new-sz: 2430K new bits offs: 19 T: 0.00
c o [rdb] cls before: 39633 after: 29749 low lbd: 1935 lbd cutoff: 2 target computed: 20000 cannot be del : 88 used: 20260 rdb: 5929
c o [mem] consolidate  old-sz: 8578K new-sz: 2513K new bits offs: 19 T: 0.00
c o [rdb] cls before: 39782 after: 29447 low lbd: 1936 lbd cutoff: 2 target computed: 20000 cannot be del : 51 used: 18424 rdb: 5932
c o [mem] consolidate  old-sz: 8699K new-sz: 2455K new bits offs: 19 T: 0.00
c o [rdb] cls before: 39731 after: 29614 low lbd: 1938 lbd cutoff: 2 target computed: 20000 cannot be del : 75 used: 19649 rdb: 5935
c o [rdb] cls before: 39778 after: 29696 low lbd: 1938 lbd cutoff: 2 target computed: 20000 cannot be del : 42 used: 19109 rdb: 5938
c o [mem] consolidate  old-sz: 8613K new-sz: 2520K new bits offs: 19 T: 0.00
c o [rdb] cls before: 39940 after: 30159 low lbd: 1939 lbd cutoff: 2 target computed: 20000 cannot be del : 108 used: 20096 rdb: 5941
c o [mem] consolidate  old-sz: 8565K new-sz: 2473K new bits offs: 19 T: 0.00
c o [rdb] cls before: 40285 after: 30355 low lbd: 1940 lbd cutoff: 2 target computed: 20000 cannot be del : 77 used: 19859 rdb: 5944
c o [mem] consolidate  old-sz: 8626K new-sz: 2414K new bits offs: 19 T: 0.00
c o [rdb] cls before: 39721 after: 29982 low lbd: 1942 lbd cutoff: 2 target computed: 20000 cannot be del : 93 used: 19100 rdb: 5947
c o [rdb] cls before: 40598 after: 29913 low lbd: 1942 lbd cutoff: 2 target computed: 20000 cannot be del : 107 used: 19227 rdb: 5950
c o [mem] consolidate  old-sz: 8480K new-sz: 2458K new bits offs: 19 T: 0.00
c o [rdb] cls before: 40548 after: 30124 low lbd: 1942 lbd cutoff: 2 target computed: 20000 cannot be del : 111 used: 19244 rdb: 5953
c o [mem] consolidate  old-sz: 8771K new-sz: 2589K new bits offs: 19 T: 0.00
c o [rdb] cls before: 40879 after: 30445 low lbd: 1942 lbd cutoff: 2 target computed: 20000 cannot be del : 21 used: 20357 rdb: 5956
c o [mem] consolidate  old-sz: 7220K new-sz: 2416K new bits offs: 19 T: 0.00
c o [rdb] cls before: 40462 after: 30229 low lbd: 1942 lbd cutoff: 2 target computed: 20000 cannot be del : 102 used: 19382 rdb: 5959
c o [mem] consolidate  old-sz: 8651K new-sz: 2613K new bits offs: 19 T: 0.00
c o [rdb] cls before: 40640 after: 29844 low lbd: 1943 lbd cutoff: 2 target computed: 20000 cannot be del : 132 used: 18710 rdb: 5962
c o [mem] consolidate  old-sz: 7412K new-sz: 2571K new bits offs: 19 T: 0.00
c o [rdb] cls before: 39902 after: 30224 low lbd: 1943 lbd cutoff: 2 target computed: 20000 cannot be del : 96 used: 19456 rdb: 5965
c o [rdb] cls before: 39999 after: 30396 low lbd: 1945 lbd cutoff: 2 target computed: 20000 cannot be del : 107 used: 20525 rdb: 5968
c o [mem] consolidate  old-sz: 8989K new-sz: 2615K new bits offs: 19 T: 0.00
c o [rdb] cls before: 40119 after: 30638 low lbd: 1947 lbd cutoff: 2 target computed: 20000 cannot be del : 54 used: 20597 rdb: 5971
c o [mem] consolidate  old-sz: 8897K new-sz: 2452K new bits offs: 19 T: 0.00
c o [rdb] cls before: 40393 after: 30623 low lbd: 1947 lbd cutoff: 2 target computed: 20000 cannot be del : 97 used: 20565 rdb: 5974
c o [mem] consolidate  old-sz: 8673K new-sz: 2420K new bits offs: 19 T: 0.00
c o [rdb] cls before: 39839 after: 30137 low lbd: 1949 lbd cutoff: 2 target computed: 20000 cannot be del : 26 used: 18987 rdb: 5977
c o [rdb] cls before: 40057 after: 29970 low lbd: 1952 lbd cutoff: 2 target computed: 20000 cannot be del : 79 used: 19305 rdb: 5980
c o [mem] consolidate  old-sz: 8286K new-sz: 2339K new bits offs: 19 T: 0.00
c o [rdb] cls before: 40365 after: 29781 low lbd: 1952 lbd cutoff: 2 target computed: 20000 cannot be del : 118 used: 18598 rdb: 5983
c o [mem] consolidate  old-sz: 6750K new-sz: 2469K new bits offs: 19 T: 0.00
c o [rdb] cls before: 39287 after: 29964 low lbd: 1953 lbd cutoff: 2 target computed: 20000 cannot be del : 98 used: 19193 rdb: 5986
c o [mem] consolidate  old-sz: 8475K new-sz: 2469K new bits offs: 19 T: 0.00
c o [rdb] cls before: 39878 after: 30484 low lbd: 1953 lbd cutoff: 2 target computed: 20000 cannot be del : 97 used: 20562 rdb: 5989
c o [mem] consolidate  old-sz: 6960K new-sz: 2445K new bits offs: 19 T: 0.00
c o [rdb] cls before: 40466 after: 30678 low lbd: 1953 lbd cutoff: 2 target computed: 20000 cannot be del : 60 used: 20599 rdb: 5992
c o [mem] consolidate  old-sz: 8532K new-sz: 2547K new bits offs: 19 T: 0.00
c o [rdb] cls before: 40690 after: 30477 low lbd: 1954 lbd cutoff: 2 target computed: 20000 cannot be del : 83 used: 21043 rdb: 5995
c o [mem] consolidate  old-sz: 7008K new-sz: 2396K new bits offs: 19 T: 0.00
c o [rdb] cls before: 39720 after: 30052 low lbd: 1954 lbd cutoff: 2 target computed: 20000 cannot be del : 91 used: 19021 rdb: 5998
c o [rdb] cls before: 40250 after: 30211 low lbd: 1954 lbd cutoff: 2 target computed: 20000 cannot be del : 81 used: 19963 rdb: 6001
c o [mem] consolidate  old-sz: 8309K new-sz: 2380K new bits offs: 19 T: 0.00
c o [rdb] cls before: 40479 after: 29826 low lbd: 1956 lbd cutoff: 2 target computed: 20000 cannot be del : 102 used: 18335 rdb: 6004
c o [mem] consolidate  old-sz: 6893K new-sz: 2451K new bits offs: 19 T: 0.00
c o [rdb] cls before: 40201 after: 30725 low lbd: 1957 lbd cutoff: 2 target computed: 20000 cannot be del : 96 used: 20310 rdb: 6007
c o [mem] consolidate  old-sz: 8687K new-sz: 2544K new bits offs: 19 T: 0.00
c o [rdb] cls before: 40512 after: 30258 low lbd: 1959 lbd cutoff: 2 target computed: 20000 cannot be del : 97 used: 19097 rdb: 6010
c o [mem] consolidate  old-sz: 8593K new-sz: 2547K new bits offs: 19 T: 0.00
c o [rdb] cls before: 40504 after: 30640 low lbd: 1959 lbd cutoff: 2 target computed: 20000 cannot be del : 89 used: 20162 rdb: 6013
c o [mem] consolidate  old-sz: 7189K new-sz: 2486K new bits offs: 19 T: 0.00
c o [rdb] cls before: 40207 after: 30248 low lbd: 1961 lbd cutoff: 2 target computed: 20000 cannot be del : 86 used: 20119 rdb: 6016
c o [rdb] cls before: 40613 after: 30297 low lbd: 1961 lbd cutoff: 2 target computed: 20000 cannot be del : 113 used: 19690 rdb: 6019
c o [mem] consolidate  old-sz: 8486K new-sz: 2511K new bits offs: 19 T: 0.00
c o [rdb] cls before: 39880 after: 29913 low lbd: 1961 lbd cutoff: 2 target computed: 20000 cannot be del : 102 used: 19334 rdb: 6022
c o [mem] consolidate  old-sz: 7018K new-sz: 2401K new bits offs: 19 T: 0.00
c o [rdb] cls before: 39853 after: 30631 low lbd: 1962 lbd cutoff: 2 target computed: 20000 cannot be del : 61 used: 20288 rdb: 6025
c o [mem] consolidate  old-sz: 8259K new-sz: 2483K new bits offs: 19 T: 0.00
c o [rdb] cls before: 39979 after: 30150 low lbd: 1963 lbd cutoff: 2 target computed: 20000 cannot be del : 78 used: 20159 rdb: 6028
c o [mem] consolidate  old-sz: 7062K new-sz: 2509K new bits offs: 19 T: 0.00
c o [rdb] cls before: 40664 after: 30563 low lbd: 1964 lbd cutoff: 2 target computed: 20000 cannot be del : 106 used: 21172 rdb: 6031
c o [mem] consolidate  old-sz: 6975K new-sz: 2394K new bits offs: 19 T: 0.00
c o [rdb] cls before: 40535 after: 30536 low lbd: 1964 lbd cutoff: 2 target computed: 20000 cannot be del : 104 used: 20196 rdb: 6034
c o [mem] consolidate  old-sz: 8495K new-sz: 2488K new bits offs: 19 T: 0.00
c o [rdb] cls before: 40289 after: 29793 low lbd: 1964 lbd cutoff: 2 target computed: 20000 cannot be del : 70 used: 18429 rdb: 6037
c o [mem] consolidate  old-sz: 6886K new-sz: 2427K new bits offs: 19 T: 0.00
c o [rdb] cls before: 40171 after: 29997 low lbd: 1965 lbd cutoff: 2 target computed: 20000 cannot be del : 113 used: 19388 rdb: 6040
c o [rdb] cls before: 40355 after: 30525 low lbd: 1966 lbd cutoff: 2 target computed: 20000 cannot be del : 77 used: 19892 rdb: 6043
c o [mem] consolidate  old-sz: 8350K new-sz: 2536K new bits offs: 19 T: 0.00
c o [rdb] cls before: 40447 after: 30212 low lbd: 1966 lbd cutoff: 2 target computed: 20000 cannot be del : 72 used: 19677 rdb: 6046
c o [mem] consolidate  old-sz: 7039K new-sz: 2435K new bits offs: 19 T: 0.00
c o [rdb] cls before: 40268 after: 30896 low lbd: 1968 lbd cutoff: 2 target computed: 20000 cannot be del : 42 used: 20544 rdb: 6049
c o [mem] consolidate  old-sz: 8497K new-sz: 2361K new bits offs: 19 T: 0.00
c o [rdb] cls before: 40186 after: 30302 low lbd: 1971 lbd cutoff: 2 target computed: 20000 cannot be del : 146 used: 20252 rdb: 6052
c o [mem] consolidate  old-sz: 8301K new-sz: 2382K new bits offs: 19 T: 0.00
c o [rdb] cls before: 39701 after: 30416 low lbd: 1971 lbd cutoff: 2 target computed: 20000 cannot be del : 52 used: 19894 rdb: 6055
c o [rdb] cls before: 40605 after: 30377 low lbd: 1973 lbd cutoff: 2 target computed: 20000 cannot be del : 132 used: 20170 rdb: 6058
c o [mem] consolidate  old-sz: 8380K new-sz: 2441K new bits offs: 19 T: 0.00
c o [rdb] cls before: 40211 after: 29762 low lbd: 1974 lbd cutoff: 2 target computed: 20000 cannot be del : 73 used: 19616 rdb: 6061
c o [mem] consolidate  old-sz: 6891K new-sz: 2388K new bits offs: 19 T: 0.00
c o [rdb] cls before: 40167 after: 29632 low lbd: 1976 lbd cutoff: 2 target computed: 20000 cannot be del : 84 used: 20153 rdb: 6064
c o [mem] consolidate  old-sz: 7054K new-sz: 2410K new bits offs: 19 T: 0.00
c o [rdb] cls before: 39840 after: 30111 low lbd: 1976 lbd cutoff: 2 target computed: 20000 cannot be del : 90 used: 21457 rdb: 6067
c o [mem] consolidate  old-sz: 8374K new-sz: 2373K new bits offs: 19 T: 0.00
c o [rdb] cls before: 39873 after: 29897 low lbd: 1978 lbd cutoff: 2 target computed: 20000 cannot be del : 92 used: 20132 rdb: 6070
c o [mem] consolidate  old-sz: 8126K new-sz: 2431K new bits offs: 19 T: 0.00
c o [rdb] cls before: 40279 after: 30377 low lbd: 1980 lbd cutoff: 2 target computed: 20000 cannot be del : 83 used: 20007 rdb: 6073
c o [mem] consolidate  old-sz: 6821K new-sz: 2397K new bits offs: 19 T: 0.00
c o [rdb] cls before: 39977 after: 30215 low lbd: 1981 lbd cutoff: 2 target computed: 20000 cannot be del : 41 used: 19860 rdb: 6076
c o [rdb] cls before: 40449 after: 30932 low lbd: 1982 lbd cutoff: 2 target computed: 20000 cannot be del : 107 used: 21302 rdb: 6079
c o [mem] consolidate  old-sz: 8283K new-sz: 2447K new bits offs: 19 T: 0.00
c o [rdb] cls before: 40620 after: 29881 low lbd: 1983 lbd cutoff: 2 target computed: 20000 cannot be del : 129 used: 18617 rdb: 6082
c o [mem] consolidate  old-sz: 6765K new-sz: 2351K new bits offs: 19 T: 0.00
c o [rdb] cls before: 39911 after: 29458 low lbd: 1984 lbd cutoff: 2 target computed: 20000 cannot be del : 33 used: 18397 rdb: 6085
c o [mem] consolidate  old-sz: 6682K new-sz: 2291K new bits offs: 19 T: 0.00
c o [rdb] cls before: 39976 after: 29583 low lbd: 1985 lbd cutoff: 2 target computed: 20000 cannot be del : 91 used: 18565 rdb: 6088
c o [mem] consolidate  old-sz: 8172K new-sz: 2480K new bits offs: 19 T: 0.00
c o [rdb] cls before: 40091 after: 29363 low lbd: 1985 lbd cutoff: 2 target computed: 20000 cannot be del : 84 used: 18828 rdb: 6091
c o [mem] consolidate  old-sz: 6834K new-sz: 2381K new bits offs: 19 T: 0.00
c o [rdb] cls before: 39471 after: 29225 low lbd: 1985 lbd cutoff: 2 target computed: 20000 cannot be del : 79 used: 19461 rdb: 6094
c o [mem] consolidate  old-sz: 6762K new-sz: 2365K new bits offs: 19 T: 0.00
c o [rdb] cls before: 39616 after: 29894 low lbd: 1986 lbd cutoff: 2 target computed: 20000 cannot be del : 89 used: 19267 rdb: 6097
c o [mem] consolidate  old-sz: 8170K new-sz: 2376K new bits offs: 19 T: 0.00
c o [rdb] cls before: 39453 after: 28734 low lbd: 1986 lbd cutoff: 2 target computed: 20000 cannot be del : 62 used: 17735 rdb: 6100
c o [mem] consolidate  old-sz: 6865K new-sz: 2357K new bits offs: 19 T: 0.00
c o [rdb] cls before: 38848 after: 29249 low lbd: 1987 lbd cutoff: 2 target computed: 20000 cannot be del : 51 used: 19218 rdb: 6103
c o [rdb] cls before: 39116 after: 28665 low lbd: 1989 lbd cutoff: 2 target computed: 20000 cannot be del : 78 used: 18643 rdb: 6106
c o [mem] consolidate  old-sz: 8463K new-sz: 2296K new bits offs: 19 T: 0.00
c o [rdb] cls before: 38697 after: 29096 low lbd: 1992 lbd cutoff: 2 target computed: 20000 cannot be del : 72 used: 18859 rdb: 6109
c o [mem] consolidate  old-sz: 8237K new-sz: 2422K new bits offs: 19 T: 0.00
c o [rdb] cls before: 39160 after: 29276 low lbd: 1992 lbd cutoff: 2 target computed: 20000 cannot be del : 51 used: 19694 rdb: 6112
c o [mem] consolidate  old-sz: 6942K new-sz: 2300K new bits offs: 19 T: 0.00
c o [rdb] cls before: 39042 after: 28917 low lbd: 1994 lbd cutoff: 2 target computed: 20000 cannot be del : 67 used: 18403 rdb: 6115
c o [mem] consolidate  old-sz: 8012K new-sz: 2349K new bits offs: 19 T: 0.00
c o [rdb] cls before: 38581 after: 28462 low lbd: 1994 lbd cutoff: 2 target computed: 20000 cannot be del : 103 used: 18456 rdb: 6118
c o [mem] consolidate  old-sz: 6840K new-sz: 2304K new bits offs: 19 T: 0.00
c o [rdb] cls before: 38155 after: 28413 low lbd: 1996 lbd cutoff: 2 target computed: 20000 cannot be del : 84 used: 17840 rdb: 6121
c o [rdb] cls before: 38221 after: 28831 low lbd: 1996 lbd cutoff: 2 target computed: 20000 cannot be del : 68 used: 19204 rdb: 6124
c o [mem] consolidate  old-sz: 8297K new-sz: 2392K new bits offs: 19 T: 0.00
c o [rdb] cls before: 38522 after: 28691 low lbd: 1996 lbd cutoff: 2 target computed: 20000 cannot be del : 48 used: 18441 rdb: 6127
c o [mem] consolidate  old-sz: 6853K new-sz: 2401K new bits offs: 19 T: 0.00
c o [rdb] cls before: 38792 after: 29062 low lbd: 1996 lbd cutoff: 2 target computed: 20000 cannot be del : 114 used: 19286 rdb: 6130
c o [mem] consolidate  old-sz: 8444K new-sz: 2446K new bits offs: 19 T: 0.00
c o [rdb] cls before: 38283 after: 29639 low lbd: 1997 lbd cutoff: 2 target computed: 20000 cannot be del : 86 used: 19359 rdb: 6133
c o [mem] consolidate  old-sz: 6896K new-sz: 2408K new bits offs: 19 T: 0.00
c o [rdb] cls before: 38999 after: 29263 low lbd: 1998 lbd cutoff: 2 target computed: 20000 cannot be del : 97 used: 18634 rdb: 6136
c o [mem] consolidate  old-sz: 8612K new-sz: 2520K new bits offs: 19 T: 0.00
c o [rdb] cls before: 39338 after: 29439 low lbd: 1998 lbd cutoff: 2 target computed: 20000 cannot be del : 32 used: 19611 rdb: 6139
c o [mem] consolidate  old-sz: 7010K new-sz: 2382K new bits offs: 19 T: 0.00
c o [rdb] cls before: 39124 after: 29279 low lbd: 1998 lbd cutoff: 2 target computed: 20000 cannot be del : 88 used: 18580 rdb: 6142
c o [rdb] cls before: 39814 after: 29678 low lbd: 1999 lbd cutoff: 2 target computed: 20000 cannot be del : 86 used: 19231 rdb: 6145
c o [mem] consolidate  old-sz: 8546K new-sz: 2511K new bits offs: 19 T: 0.00
c o [rdb] cls before: 38938 after: 29356 low lbd: 2000 lbd cutoff: 2 target computed: 20000 cannot be del : 77 used: 18532 rdb: 6148
c o [mem] consolidate  old-sz: 6844K new-sz: 2359K new bits offs: 19 T: 0.00
c o [rdb] cls before: 39545 after: 29324 low lbd: 2001 lbd cutoff: 2 target computed: 20000 cannot be del : 66 used: 18322 rdb: 6151
c o [mem] consolidate  old-sz: 6597K new-sz: 2337K new bits offs: 19 T: 0.00
c o [rdb] cls before: 39026 after: 28970 low lbd: 2003 lbd cutoff: 2 target computed: 20000 cannot be del : 121 used: 18130 rdb: 6154
c o [mem] consolidate  old-sz: 6621K new-sz: 2319K new bits offs: 19 T: 0.00
c o total time so far: 3560.56
c o decisions K                    63788     -- Kdec/s:     19.12    
c o conflicts                      61566243     -- confl/s:    18449.37 
c o rem lits triedK/rem lits remK  200       245       
c o shrink tried/useful%/lits rem  61566243  85.4888   378138937 
c o avg clsz/rem lits avg/finalavg 49.8365   34.9226   34.9186  
c o rdbs/low lbd/rem               6156  2003   61636609
c o looks/look-computes            0/0
c o sat call/sat/unsat/confl/rst  0     0     0     0     0     
c o buddy called /unsat ratio           0     / 0.0000 
c o buddy avg num bin/long cls/vs  0.0000 / 0.0000 / 0.0000
c o buddy max num bin/long cls/vs  0     / 0     / 0    
c o orig cubes/lit-r avg/exten avg 0     / 0.00  / 0.00 
c o cubes orig/symm/final          0     / 0     / 0    
c o cubes resolved/flp-removed     0     / 0    
c o tot restarts                   0    
c o comp sortsK/avg sz             63766 / 1.00034681
c o comps recordK/non-reset ratio  64270 / 0.54
c o vivif: try/cls/clviv/litsravg  1842      4224790   24320     0.87      
c o toplev subs runs/bins/long-cls 0         0         0         0         0         
c o toplevel probes/fail/bprop     0         0         0         
c o Mem used                       0.00 GB
c o cache pollutions call/removed  148135847/63768685
c o cache entries K                20
c o MB cache                       8.386
c o cache K (lookup/ stores/ hits/ dels) 64011  63789  222    0       -- Klookup/s:  19.18    
c o cache miss rate                0.997
c o avg hit/store num vars 3.353 / 304.346
c o 
c o [rdb] cls before: 39302 after: 29466 low lbd: 2003 lbd cutoff: 2 target computed: 20000 cannot be del : 68 used: 19003 rdb: 6157
c o [mem] consolidate  old-sz: 8067K new-sz: 2249K new bits offs: 19 T: 0.00
c o [rdb] cls before: 39263 after: 29959 low lbd: 2003 lbd cutoff: 2 target computed: 20000 cannot be del : 70 used: 19386 rdb: 6160
c o [mem] consolidate  old-sz: 8105K new-sz: 2327K new bits offs: 19 T: 0.00
c o [rdb] cls before: 39052 after: 29468 low lbd: 2005 lbd cutoff: 2 target computed: 20000 cannot be del : 71 used: 18739 rdb: 6163
c o [rdb] cls before: 39894 after: 29698 low lbd: 2005 lbd cutoff: 2 target computed: 20000 cannot be del : 80 used: 19332 rdb: 6166
c o [mem] consolidate  old-sz: 8132K new-sz: 2322K new bits offs: 19 T: 0.00
c o [rdb] cls before: 39605 after: 29486 low lbd: 2007 lbd cutoff: 2 target computed: 20000 cannot be del : 92 used: 19468 rdb: 6169
c o [mem] consolidate  old-sz: 6738K new-sz: 2357K new bits offs: 19 T: 0.00
c o [rdb] cls before: 39419 after: 29213 low lbd: 2008 lbd cutoff: 2 target computed: 20000 cannot be del : 56 used: 18622 rdb: 6172
c o [mem] consolidate  old-sz: 6727K new-sz: 2304K new bits offs: 19 T: 0.00
c o [rdb] cls before: 39493 after: 29325 low lbd: 2010 lbd cutoff: 2 target computed: 20000 cannot be del : 84 used: 19166 rdb: 6175
c o [mem] consolidate  old-sz: 8205K new-sz: 2434K new bits offs: 19 T: 0.00
c o [rdb] cls before: 38959 after: 29133 low lbd: 2010 lbd cutoff: 2 target computed: 20000 cannot be del : 60 used: 18743 rdb: 6178
c o [mem] consolidate  old-sz: 6868K new-sz: 2383K new bits offs: 19 T: 0.00
c o [rdb] cls before: 38521 after: 28645 low lbd: 2011 lbd cutoff: 2 target computed: 20000 cannot be del : 89 used: 18485 rdb: 6181
c o [mem] consolidate  old-sz: 6884K new-sz: 2434K new bits offs: 19 T: 0.00
c o [rdb] cls before: 38822 after: 28804 low lbd: 2011 lbd cutoff: 2 target computed: 20000 cannot be del : 67 used: 19303 rdb: 6184
c o [mem] consolidate  old-sz: 6917K new-sz: 2225K new bits offs: 19 T: 0.00
c o [rdb] cls before: 38073 after: 28301 low lbd: 2012 lbd cutoff: 2 target computed: 20000 cannot be del : 50 used: 18069 rdb: 6187
c o [mem] consolidate  old-sz: 8292K new-sz: 2267K new bits offs: 19 T: 0.00
c o [rdb] cls before: 37526 after: 28239 low lbd: 2014 lbd cutoff: 2 target computed: 20000 cannot be del : 68 used: 17883 rdb: 6190
c o [rdb] cls before: 38670 after: 28800 low lbd: 2016 lbd cutoff: 2 target computed: 20000 cannot be del : 44 used: 19136 rdb: 6193
c o [mem] consolidate  old-sz: 8346K new-sz: 2417K new bits offs: 19 T: 0.00
c o [rdb] cls before: 38614 after: 28398 low lbd: 2017 lbd cutoff: 2 target computed: 20000 cannot be del : 80 used: 18591 rdb: 6196
c o [mem] consolidate  old-sz: 6860K new-sz: 2377K new bits offs: 19 T: 0.00
c o [rdb] cls before: 38903 after: 29327 low lbd: 2017 lbd cutoff: 2 target computed: 20000 cannot be del : 61 used: 19261 rdb: 6199
c o [mem] consolidate  old-sz: 8342K new-sz: 2316K new bits offs: 19 T: 0.00
c o [rdb] cls before: 38255 after: 28308 low lbd: 2017 lbd cutoff: 2 target computed: 20000 cannot be del : 43 used: 17594 rdb: 6202
c o [mem] consolidate  old-sz: 6577K new-sz: 2338K new bits offs: 19 T: 0.00
c o [rdb] cls before: 38646 after: 27556 low lbd: 2018 lbd cutoff: 2 target computed: 20000 cannot be del : 79 used: 16824 rdb: 6205
c o [mem] consolidate  old-sz: 6746K new-sz: 2366K new bits offs: 19 T: 0.00
c o [rdb] cls before: 38417 after: 28447 low lbd: 2019 lbd cutoff: 2 target computed: 20000 cannot be del : 66 used: 19731 rdb: 6208
c o [mem] consolidate  old-sz: 6695K new-sz: 2257K new bits offs: 19 T: 0.00
c o [rdb] cls before: 38502 after: 28661 low lbd: 2020 lbd cutoff: 2 target computed: 20000 cannot be del : 81 used: 18930 rdb: 6211
c o [mem] consolidate  old-sz: 8160K new-sz: 2386K new bits offs: 19 T: 0.00
c o [rdb] cls before: 38698 after: 29167 low lbd: 2021 lbd cutoff: 2 target computed: 20000 cannot be del : 94 used: 18934 rdb: 6214
c o [rdb] cls before: 39043 after: 29078 low lbd: 2023 lbd cutoff: 2 target computed: 20000 cannot be del : 108 used: 18654 rdb: 6217
c o [mem] consolidate  old-sz: 8495K new-sz: 2445K new bits offs: 19 T: 0.00
c o [rdb] cls before: 39157 after: 28916 low lbd: 2023 lbd cutoff: 2 target computed: 20000 cannot be del : 66 used: 19258 rdb: 6220
c o [mem] consolidate  old-sz: 7036K new-sz: 2389K new bits offs: 19 T: 0.00
c o [rdb] cls before: 39177 after: 29378 low lbd: 2026 lbd cutoff: 2 target computed: 20000 cannot be del : 55 used: 19389 rdb: 6223
c o [mem] consolidate  old-sz: 8436K new-sz: 2477K new bits offs: 19 T: 0.00
c o [rdb] cls before: 39473 after: 29424 low lbd: 2026 lbd cutoff: 2 target computed: 20000 cannot be del : 47 used: 19484 rdb: 6226
c o [mem] consolidate  old-sz: 8552K new-sz: 2510K new bits offs: 19 T: 0.00
c o [rdb] cls before: 39945 after: 29639 low lbd: 2029 lbd cutoff: 2 target computed: 20000 cannot be del : 103 used: 19502 rdb: 6229
c o [mem] consolidate  old-sz: 7009K new-sz: 2410K new bits offs: 19 T: 0.00
c o [rdb] cls before: 39374 after: 29375 low lbd: 2031 lbd cutoff: 2 target computed: 20000 cannot be del : 69 used: 19267 rdb: 6232
c o [rdb] cls before: 39689 after: 29247 low lbd: 2031 lbd cutoff: 2 target computed: 20000 cannot be del : 48 used: 18069 rdb: 6235
c o [mem] consolidate  old-sz: 8468K new-sz: 2481K new bits offs: 19 T: 0.00
c o [rdb] cls before: 40234 after: 30239 low lbd: 2031 lbd cutoff: 2 target computed: 20000 cannot be del : 116 used: 19841 rdb: 6238
c o [mem] consolidate  old-sz: 8575K new-sz: 2456K new bits offs: 19 T: 0.00
c o [rdb] cls before: 39440 after: 29403 low lbd: 2031 lbd cutoff: 2 target computed: 20000 cannot be del : 120 used: 18601 rdb: 6241
c o [mem] consolidate  old-sz: 7004K new-sz: 2487K new bits offs: 19 T: 0.00
c o [rdb] cls before: 39281 after: 29905 low lbd: 2031 lbd cutoff: 2 target computed: 20000 cannot be del : 99 used: 19595 rdb: 6244
c o [mem] consolidate  old-sz: 7117K new-sz: 2545K new bits offs: 19 T: 0.00
c o [rdb] cls before: 38908 after: 29031 low lbd: 2033 lbd cutoff: 2 target computed: 20000 cannot be del : 100 used: 19211 rdb: 6247
c o [mem] consolidate  old-sz: 7130K new-sz: 2319K new bits offs: 19 T: 0.00
c o [rdb] cls before: 38860 after: 29252 low lbd: 2033 lbd cutoff: 2 target computed: 20000 cannot be del : 89 used: 18940 rdb: 6250
c o [mem] consolidate  old-sz: 8338K new-sz: 2392K new bits offs: 19 T: 0.00
c o [rdb] cls before: 38831 after: 29024 low lbd: 2033 lbd cutoff: 2 target computed: 20000 cannot be del : 45 used: 18845 rdb: 6253
c o [rdb] cls before: 39523 after: 29791 low lbd: 2034 lbd cutoff: 2 target computed: 20000 cannot be del : 106 used: 19533 rdb: 6256
c o [mem] consolidate  old-sz: 8504K new-sz: 2508K new bits offs: 19 T: 0.00
c o [rdb] cls before: 39226 after: 28036 low lbd: 2035 lbd cutoff: 2 target computed: 20000 cannot be del : 91 used: 20120 rdb: 6259
c o [mem] consolidate  old-sz: 7098K new-sz: 2405K new bits offs: 19 T: 0.00
c o [rdb] cls before: 37170 after: 27349 low lbd: 2035 lbd cutoff: 2 target computed: 20000 cannot be del : 57 used: 17821 rdb: 6262
c o [mem] consolidate  old-sz: 6933K new-sz: 2366K new bits offs: 19 T: 0.00
c o [rdb] cls before: 37627 after: 27537 low lbd: 2037 lbd cutoff: 2 target computed: 20000 cannot be del : 89 used: 17413 rdb: 6265
c o [mem] consolidate  old-sz: 8500K new-sz: 2428K new bits offs: 19 T: 0.00
c o [rdb] cls before: 37677 after: 27570 low lbd: 2039 lbd cutoff: 2 target computed: 20000 cannot be del : 99 used: 18529 rdb: 6268
c o [mem] consolidate  old-sz: 7011K new-sz: 2412K new bits offs: 19 T: 0.00
c o [rdb] cls before: 38429 after: 27719 low lbd: 2040 lbd cutoff: 2 target computed: 20000 cannot be del : 53 used: 17573 rdb: 6271
c o [mem] consolidate  old-sz: 8729K new-sz: 2455K new bits offs: 19 T: 0.00
c o [rdb] cls before: 38236 after: 28432 low lbd: 2041 lbd cutoff: 2 target computed: 20000 cannot be del : 71 used: 18862 rdb: 6274
c o [rdb] cls before: 38725 after: 28289 low lbd: 2042 lbd cutoff: 2 target computed: 20000 cannot be del : 83 used: 18291 rdb: 6277
c o [mem] consolidate  old-sz: 8944K new-sz: 2446K new bits offs: 19 T: 0.00
c o [rdb] cls before: 38483 after: 28503 low lbd: 2042 lbd cutoff: 2 target computed: 20000 cannot be del : 109 used: 18618 rdb: 6280
c o [mem] consolidate  old-sz: 8944K new-sz: 2589K new bits offs: 19 T: 0.00
c o [rdb] cls before: 38351 after: 28255 low lbd: 2043 lbd cutoff: 2 target computed: 20000 cannot be del : 101 used: 17797 rdb: 6283
c o [mem] consolidate  old-sz: 7410K new-sz: 2490K new bits offs: 19 T: 0.00
c o [rdb] cls before: 39048 after: 28018 low lbd: 2044 lbd cutoff: 2 target computed: 20000 cannot be del : 84 used: 18055 rdb: 6286
c o [mem] consolidate  old-sz: 8735K new-sz: 2454K new bits offs: 19 T: 0.00
c o [rdb] cls before: 38723 after: 28998 low lbd: 2045 lbd cutoff: 2 target computed: 20000 cannot be del : 98 used: 18472 rdb: 6289
c o [rdb] cls before: 38802 after: 29288 low lbd: 2045 lbd cutoff: 2 target computed: 20000 cannot be del : 79 used: 19452 rdb: 6292
c o [mem] consolidate  old-sz: 8712K new-sz: 2515K new bits offs: 19 T: 0.00
c o [rdb] cls before: 39111 after: 28715 low lbd: 2046 lbd cutoff: 2 target computed: 20000 cannot be del : 130 used: 18082 rdb: 6295
c o [mem] consolidate  old-sz: 7245K new-sz: 2464K new bits offs: 19 T: 0.00
c o [rdb] cls before: 39240 after: 29236 low lbd: 2047 lbd cutoff: 2 target computed: 20000 cannot be del : 114 used: 18963 rdb: 6298
c o [mem] consolidate  old-sz: 8753K new-sz: 2532K new bits offs: 19 T: 0.00
c o [rdb] cls before: 39231 after: 28670 low lbd: 2048 lbd cutoff: 2 target computed: 20000 cannot be del : 80 used: 17580 rdb: 6301
c o [mem] consolidate  old-sz: 7109K new-sz: 2434K new bits offs: 19 T: 0.00
c o [rdb] cls before: 38874 after: 28644 low lbd: 2048 lbd cutoff: 2 target computed: 20000 cannot be del : 86 used: 18824 rdb: 6304
c o [mem] consolidate  old-sz: 8668K new-sz: 2373K new bits offs: 19 T: 0.00
c o [rdb] cls before: 38160 after: 29142 low lbd: 2052 lbd cutoff: 2 target computed: 20000 cannot be del : 81 used: 19001 rdb: 6307
c o [rdb] cls before: 38816 after: 28426 low lbd: 2054 lbd cutoff: 2 target computed: 20000 cannot be del : 67 used: 17508 rdb: 6310
c o [mem] consolidate  old-sz: 8690K new-sz: 2503K new bits offs: 19 T: 0.00
c o [rdb] cls before: 38851 after: 29177 low lbd: 2056 lbd cutoff: 2 target computed: 20000 cannot be del : 58 used: 18645 rdb: 6313
c o [mem] consolidate  old-sz: 8776K new-sz: 2485K new bits offs: 19 T: 0.00
c o [rdb] cls before: 38596 after: 29248 low lbd: 2057 lbd cutoff: 2 target computed: 20000 cannot be del : 137 used: 19067 rdb: 6316
c o [mem] consolidate  old-sz: 8711K new-sz: 2401K new bits offs: 19 T: 0.00
c o [rdb] cls before: 38583 after: 28609 low lbd: 2059 lbd cutoff: 2 target computed: 20000 cannot be del : 123 used: 18004 rdb: 6319
c o [rdb] cls before: 38955 after: 29187 low lbd: 2059 lbd cutoff: 2 target computed: 20000 cannot be del : 40 used: 19092 rdb: 6322
c o [mem] consolidate  old-sz: 8821K new-sz: 2543K new bits offs: 19 T: 0.00
c o [rdb] cls before: 38718 after: 29091 low lbd: 2062 lbd cutoff: 2 target computed: 20000 cannot be del : 48 used: 19352 rdb: 6325
c o [mem] consolidate  old-sz: 7174K new-sz: 2414K new bits offs: 19 T: 0.00
c o [rdb] cls before: 38693 after: 28995 low lbd: 2062 lbd cutoff: 2 target computed: 20000 cannot be del : 79 used: 18563 rdb: 6328
c o [mem] consolidate  old-sz: 7133K new-sz: 2537K new bits offs: 19 T: 0.00
c o [rdb] cls before: 39418 after: 29264 low lbd: 2064 lbd cutoff: 2 target computed: 20000 cannot be del : 69 used: 18580 rdb: 6331
c o [mem] consolidate  old-sz: 8990K new-sz: 2420K new bits offs: 19 T: 0.00
c o [rdb] cls before: 39238 after: 29663 low lbd: 2065 lbd cutoff: 2 target computed: 20000 cannot be del : 81 used: 19217 rdb: 6334
c o [mem] consolidate  old-sz: 8899K new-sz: 2565K new bits offs: 19 T: 0.00
c o [rdb] cls before: 39400 after: 29458 low lbd: 2067 lbd cutoff: 2 target computed: 20000 cannot be del : 109 used: 19384 rdb: 6337
c o [mem] consolidate  old-sz: 7394K new-sz: 2467K new bits offs: 19 T: 0.00
c o [rdb] cls before: 39309 after: 29346 low lbd: 2067 lbd cutoff: 2 target computed: 20000 cannot be del : 40 used: 19349 rdb: 6340
c o [rdb] cls before: 40163 after: 30253 low lbd: 2067 lbd cutoff: 2 target computed: 20000 cannot be del : 108 used: 20425 rdb: 6343
c o [mem] consolidate  old-sz: 8951K new-sz: 2642K new bits offs: 19 T: 0.00
c o [rdb] cls before: 39689 after: 29818 low lbd: 2068 lbd cutoff: 2 target computed: 20000 cannot be del : 76 used: 18975 rdb: 6346
c o [mem] consolidate  old-sz: 7128K new-sz: 2499K new bits offs: 19 T: 0.00
c o [rdb] cls before: 38785 after: 29117 low lbd: 2068 lbd cutoff: 2 target computed: 20000 cannot be del : 65 used: 18657 rdb: 6349
c o [mem] consolidate  old-sz: 7167K new-sz: 2474K new bits offs: 19 T: 0.00
c o [rdb] cls before: 39264 after: 28924 low lbd: 2070 lbd cutoff: 2 target computed: 20000 cannot be del : 89 used: 18369 rdb: 6352
c o [mem] consolidate  old-sz: 7367K new-sz: 2523K new bits offs: 19 T: 0.00
c o [rdb] cls before: 38891 after: 28418 low lbd: 2072 lbd cutoff: 2 target computed: 20000 cannot be del : 105 used: 18190 rdb: 6355
c o [mem] consolidate  old-sz: 7323K new-sz: 2406K new bits offs: 19 T: 0.00
c o [rdb] cls before: 39198 after: 29549 low lbd: 2072 lbd cutoff: 2 target computed: 20000 cannot be del : 83 used: 19392 rdb: 6358
c o [mem] consolidate  old-sz: 8783K new-sz: 2567K new bits offs: 19 T: 0.00
c o [rdb] cls before: 39904 after: 29299 low lbd: 2073 lbd cutoff: 2 target computed: 20000 cannot be del : 63 used: 18509 rdb: 6361
c o [mem] consolidate  old-sz: 7526K new-sz: 2546K new bits offs: 19 T: 0.00
c o [rdb] cls before: 39316 after: 28960 low lbd: 2076 lbd cutoff: 2 target computed: 20000 cannot be del : 105 used: 18327 rdb: 6364
c o [mem] consolidate  old-sz: 8907K new-sz: 2501K new bits offs: 19 T: 0.00
c o [rdb] cls before: 39540 after: 28764 low lbd: 2078 lbd cutoff: 2 target computed: 20000 cannot be del : 59 used: 18515 rdb: 6367
c o [mem] consolidate  old-sz: 6923K new-sz: 2382K new bits offs: 19 T: 0.00
c o [rdb] cls before: 39268 after: 29553 low lbd: 2079 lbd cutoff: 2 target computed: 20000 cannot be del : 48 used: 19830 rdb: 6370
c o [rdb] cls before: 39546 after: 29599 low lbd: 2079 lbd cutoff: 2 target computed: 20000 cannot be del : 85 used: 19444 rdb: 6373
c o [mem] consolidate  old-sz: 8383K new-sz: 2443K new bits offs: 19 T: 0.00
c o [rdb] cls before: 39242 after: 29783 low lbd: 2079 lbd cutoff: 2 target computed: 20000 cannot be del : 108 used: 19383 rdb: 6376
c o [mem] consolidate  old-sz: 8454K new-sz: 2486K new bits offs: 19 T: 0.00
c o [rdb] cls before: 39600 after: 29750 low lbd: 2080 lbd cutoff: 2 target computed: 20000 cannot be del : 59 used: 19472 rdb: 6379
c o [mem] consolidate  old-sz: 7140K new-sz: 2503K new bits offs: 19 T: 0.00
c o [rdb] cls before: 39691 after: 29217 low lbd: 2080 lbd cutoff: 2 target computed: 20000 cannot be del : 89 used: 18316 rdb: 6382
c o [mem] consolidate  old-sz: 8600K new-sz: 2447K new bits offs: 19 T: 0.00
c o [rdb] cls before: 38812 after: 29088 low lbd: 2081 lbd cutoff: 2 target computed: 20000 cannot be del : 24 used: 18616 rdb: 6385
c o [rdb] cls before: 39370 after: 29534 low lbd: 2082 lbd cutoff: 2 target computed: 20000 cannot be del : 85 used: 19469 rdb: 6388
c o [mem] consolidate  old-sz: 8465K new-sz: 2421K new bits offs: 19 T: 0.00
c o [rdb] cls before: 39258 after: 29202 low lbd: 2084 lbd cutoff: 2 target computed: 20000 cannot be del : 97 used: 19251 rdb: 6391
c o [mem] consolidate  old-sz: 7057K new-sz: 2417K new bits offs: 19 T: 0.00
c o [rdb] cls before: 39849 after: 29909 low lbd: 2086 lbd cutoff: 2 target computed: 20000 cannot be del : 129 used: 19616 rdb: 6394
c o [mem] consolidate  old-sz: 8837K new-sz: 2430K new bits offs: 19 T: 0.00
c o [rdb] cls before: 39511 after: 29131 low lbd: 2087 lbd cutoff: 2 target computed: 20000 cannot be del : 76 used: 17903 rdb: 6397
c o [mem] consolidate  old-sz: 8690K new-sz: 2518K new bits offs: 19 T: 0.00
c o [rdb] cls before: 39235 after: 29905 low lbd: 2088 lbd cutoff: 2 target computed: 20000 cannot be del : 52 used: 19851 rdb: 6400
c o [rdb] cls before: 39247 after: 29145 low lbd: 2089 lbd cutoff: 2 target computed: 20000 cannot be del : 108 used: 18934 rdb: 6403
c o [mem] consolidate  old-sz: 8551K new-sz: 2393K new bits offs: 19 T: 0.00
c o [rdb] cls before: 39233 after: 29609 low lbd: 2090 lbd cutoff: 2 target computed: 20000 cannot be del : 70 used: 19893 rdb: 6406
c o [mem] consolidate  old-sz: 8310K new-sz: 2463K new bits offs: 19 T: 0.00
c o [rdb] cls before: 39989 after: 29290 low lbd: 2091 lbd cutoff: 2 target computed: 20000 cannot be del : 95 used: 18706 rdb: 6409
c o [mem] consolidate  old-sz: 8481K new-sz: 2449K new bits offs: 19 T: 0.00
c o [rdb] cls before: 40106 after: 30313 low lbd: 2092 lbd cutoff: 2 target computed: 20000 cannot be del : 52 used: 19794 rdb: 6412
c o [mem] consolidate  old-sz: 7080K new-sz: 2521K new bits offs: 19 T: 0.00
c o [rdb] cls before: 39831 after: 29869 low lbd: 2092 lbd cutoff: 2 target computed: 20000 cannot be del : 73 used: 19642 rdb: 6415
c o [mem] consolidate  old-sz: 7213K new-sz: 2542K new bits offs: 19 T: 0.00
c o [rdb] cls before: 39727 after: 29804 low lbd: 2093 lbd cutoff: 2 target computed: 20000 cannot be del : 112 used: 18734 rdb: 6418
c o [mem] consolidate  old-sz: 7053K new-sz: 2438K new bits offs: 19 T: 0.00
c o [rdb] cls before: 39704 after: 29319 low lbd: 2093 lbd cutoff: 2 target computed: 20000 cannot be del : 85 used: 18041 rdb: 6421
c o [mem] consolidate  old-sz: 7145K new-sz: 2498K new bits offs: 19 T: 0.00
c o [rdb] cls before: 39470 after: 29815 low lbd: 2093 lbd cutoff: 2 target computed: 20000 cannot be del : 38 used: 19426 rdb: 6424
c o [mem] consolidate  old-sz: 7157K new-sz: 2373K new bits offs: 19 T: 0.00
c o [rdb] cls before: 39183 after: 29954 low lbd: 2094 lbd cutoff: 2 target computed: 20000 cannot be del : 105 used: 19515 rdb: 6427
c o [rdb] cls before: 39789 after: 29913 low lbd: 2096 lbd cutoff: 2 target computed: 20000 cannot be del : 53 used: 19071 rdb: 6430
c o [mem] consolidate  old-sz: 8481K new-sz: 2520K new bits offs: 19 T: 0.00
c o [rdb] cls before: 39491 after: 29333 low lbd: 2096 lbd cutoff: 2 target computed: 20000 cannot be del : 104 used: 17881 rdb: 6433
c o [mem] consolidate  old-sz: 7188K new-sz: 2504K new bits offs: 19 T: 0.00
c o [rdb] cls before: 39646 after: 29354 low lbd: 2096 lbd cutoff: 2 target computed: 20000 cannot be del : 82 used: 19632 rdb: 6436
c o [mem] consolidate  old-sz: 8773K new-sz: 2515K new bits offs: 19 T: 0.00
c o [rdb] cls before: 39937 after: 29918 low lbd: 2096 lbd cutoff: 2 target computed: 20000 cannot be del : 100 used: 20451 rdb: 6439
c o [mem] consolidate  old-sz: 7087K new-sz: 2386K new bits offs: 19 T: 0.00
c o [rdb] cls before: 40303 after: 30168 low lbd: 2096 lbd cutoff: 2 target computed: 20000 cannot be del : 57 used: 20182 rdb: 6442
c o [mem] consolidate  old-sz: 8357K new-sz: 2370K new bits offs: 19 T: 0.00
c o [rdb] cls before: 39534 after: 29999 low lbd: 2096 lbd cutoff: 2 target computed: 20000 cannot be del : 63 used: 19752 rdb: 6445
c o [rdb] cls before: 39968 after: 29729 low lbd: 2097 lbd cutoff: 2 target computed: 20000 cannot be del : 82 used: 19421 rdb: 6448
c o [mem] consolidate  old-sz: 8408K new-sz: 2493K new bits offs: 19 T: 0.00
c o [rdb] cls before: 39841 after: 30027 low lbd: 2097 lbd cutoff: 2 target computed: 20000 cannot be del : 61 used: 19238 rdb: 6451
c o [mem] consolidate  old-sz: 8906K new-sz: 2545K new bits offs: 19 T: 0.00
c o [rdb] cls before: 39174 after: 30310 low lbd: 2098 lbd cutoff: 2 target computed: 20000 cannot be del : 82 used: 19644 rdb: 6454
c o [mem] consolidate  old-sz: 8617K new-sz: 2494K new bits offs: 19 T: 0.00
c o [rdb] cls before: 40091 after: 29969 low lbd: 2098 lbd cutoff: 2 target computed: 20000 cannot be del : 112 used: 19114 rdb: 6457
c o [mem] consolidate  old-sz: 7160K new-sz: 2498K new bits offs: 19 T: 0.00
c o [rdb] cls before: 39932 after: 29886 low lbd: 2100 lbd cutoff: 2 target computed: 20000 cannot be del : 121 used: 18930 rdb: 6460
c o [mem] consolidate  old-sz: 7364K new-sz: 2594K new bits offs: 19 T: 0.00
c o [rdb] cls before: 39787 after: 29635 low lbd: 2100 lbd cutoff: 2 target computed: 20000 cannot be del : 122 used: 18741 rdb: 6463
c o [rdb] cls before: 39844 after: 29764 low lbd: 2101 lbd cutoff: 2 target computed: 20000 cannot be del : 96 used: 19147 rdb: 6466
c o [mem] consolidate  old-sz: 8818K new-sz: 2503K new bits offs: 19 T: 0.00
c o [rdb] cls before: 39175 after: 28947 low lbd: 2101 lbd cutoff: 2 target computed: 20000 cannot be del : 121 used: 18436 rdb: 6469
c o [mem] consolidate  old-sz: 7234K new-sz: 2487K new bits offs: 19 T: 0.00
c o [rdb] cls before: 39424 after: 29392 low lbd: 2102 lbd cutoff: 2 target computed: 20000 cannot be del : 57 used: 19509 rdb: 6472
c o [mem] consolidate  old-sz: 8823K new-sz: 2582K new bits offs: 19 T: 0.00
c o [rdb] cls before: 39434 after: 29197 low lbd: 2105 lbd cutoff: 2 target computed: 20000 cannot be del : 92 used: 18469 rdb: 6475
c o [mem] consolidate  old-sz: 7540K new-sz: 2535K new bits offs: 19 T: 0.00
c o [rdb] cls before: 39350 after: 29457 low lbd: 2106 lbd cutoff: 2 target computed: 20000 cannot be del : 42 used: 19027 rdb: 6478
c o [mem] consolidate  old-sz: 8875K new-sz: 2476K new bits offs: 19 T: 0.00
c o [rdb] cls before: 39353 after: 29315 low lbd: 2107 lbd cutoff: 2 target computed: 20000 cannot be del : 74 used: 19228 rdb: 6481
c o [rdb] cls before: 39815 after: 29570 low lbd: 2108 lbd cutoff: 2 target computed: 20000 cannot be del : 41 used: 19016 rdb: 6484
c o [mem] consolidate  old-sz: 8878K new-sz: 2516K new bits offs: 19 T: 0.00
c o [rdb] cls before: 40177 after: 29813 low lbd: 2108 lbd cutoff: 2 target computed: 20000 cannot be del : 45 used: 20630 rdb: 6487
c o [mem] consolidate  old-sz: 8888K new-sz: 2414K new bits offs: 19 T: 0.00
c o [rdb] cls before: 39689 after: 29784 low lbd: 2110 lbd cutoff: 2 target computed: 20000 cannot be del : 41 used: 18803 rdb: 6490
c o [mem] consolidate  old-sz: 6945K new-sz: 2395K new bits offs: 19 T: 0.00
c o [rdb] cls before: 39802 after: 29379 low lbd: 2110 lbd cutoff: 2 target computed: 20000 cannot be del : 93 used: 18445 rdb: 6493
c o [mem] consolidate  old-sz: 8446K new-sz: 2417K new bits offs: 19 T: 0.00
c o [rdb] cls before: 39395 after: 29958 low lbd: 2112 lbd cutoff: 2 target computed: 20000 cannot be del : 94 used: 19438 rdb: 6496
c o [rdb] cls before: 39740 after: 29958 low lbd: 2114 lbd cutoff: 2 target computed: 20000 cannot be del : 49 used: 19247 rdb: 6499
c o [mem] consolidate  old-sz: 8608K new-sz: 2486K new bits offs: 19 T: 0.00
c o [rdb] cls before: 39844 after: 30433 low lbd: 2114 lbd cutoff: 2 target computed: 20000 cannot be del : 91 used: 20073 rdb: 6502
c o [mem] consolidate  old-sz: 8585K new-sz: 2584K new bits offs: 19 T: 0.00
c o [rdb] cls before: 39529 after: 29849 low lbd: 2116 lbd cutoff: 2 target computed: 20000 cannot be del : 55 used: 19059 rdb: 6505
c o [mem] consolidate  old-sz: 7300K new-sz: 2567K new bits offs: 19 T: 0.00
c o [rdb] cls before: 40146 after: 29670 low lbd: 2116 lbd cutoff: 2 target computed: 20000 cannot be del : 68 used: 18860 rdb: 6508
c o [mem] consolidate  old-sz: 7289K new-sz: 2575K new bits offs: 19 T: 0.00
c o [rdb] cls before: 39180 after: 30024 low lbd: 2120 lbd cutoff: 2 target computed: 20000 cannot be del : 108 used: 20106 rdb: 6511
c o [mem] consolidate  old-sz: 8837K new-sz: 2471K new bits offs: 19 T: 0.00
c o [rdb] cls before: 38977 after: 29004 low lbd: 2120 lbd cutoff: 2 target computed: 20000 cannot be del : 116 used: 18568 rdb: 6514
c o [rdb] cls before: 39875 after: 29895 low lbd: 2120 lbd cutoff: 2 target computed: 20000 cannot be del : 108 used: 19930 rdb: 6517
c o [mem] consolidate  old-sz: 8769K new-sz: 2561K new bits offs: 19 T: 0.00
c o [rdb] cls before: 39741 after: 29686 low lbd: 2121 lbd cutoff: 2 target computed: 20000 cannot be del : 107 used: 20150 rdb: 6520
c o [mem] consolidate  old-sz: 7136K new-sz: 2455K new bits offs: 19 T: 0.00
c o [rdb] cls before: 39994 after: 29981 low lbd: 2121 lbd cutoff: 2 target computed: 20000 cannot be del : 110 used: 19100 rdb: 6523
c o [mem] consolidate  old-sz: 8723K new-sz: 2620K new bits offs: 19 T: 0.00
c o [rdb] cls before: 39888 after: 29153 low lbd: 2121 lbd cutoff: 2 target computed: 20000 cannot be del : 131 used: 18598 rdb: 6526
c o [mem] consolidate  old-sz: 7125K new-sz: 2455K new bits offs: 19 T: 0.00
c o [rdb] cls before: 39690 after: 29063 low lbd: 2123 lbd cutoff: 2 target computed: 20000 cannot be del : 70 used: 18015 rdb: 6529
c o [mem] consolidate  old-sz: 7119K new-sz: 2425K new bits offs: 19 T: 0.00
c o [rdb] cls before: 39416 after: 29196 low lbd: 2124 lbd cutoff: 2 target computed: 20000 cannot be del : 67 used: 18234 rdb: 6532
c o [mem] consolidate  old-sz: 7319K new-sz: 2510K new bits offs: 19 T: 0.00
c o [rdb] cls before: 39313 after: 29221 low lbd: 2124 lbd cutoff: 2 target computed: 20000 cannot be del : 83 used: 18343 rdb: 6535
c o [mem] consolidate  old-sz: 8788K new-sz: 2468K new bits offs: 19 T: 0.00
c o [rdb] cls before: 38716 after: 29362 low lbd: 2126 lbd cutoff: 2 target computed: 20000 cannot be del : 112 used: 19095 rdb: 6538
c o [rdb] cls before: 39326 after: 29597 low lbd: 2126 lbd cutoff: 2 target computed: 20000 cannot be del : 116 used: 19299 rdb: 6541
c o [mem] consolidate  old-sz: 8990K new-sz: 2563K new bits offs: 19 T: 0.00
c o [rdb] cls before: 38880 after: 29411 low lbd: 2126 lbd cutoff: 2 target computed: 20000 cannot be del : 100 used: 18878 rdb: 6544
c o [mem] consolidate  old-sz: 7397K new-sz: 2568K new bits offs: 19 T: 0.00
c o [rdb] cls before: 39558 after: 29042 low lbd: 2129 lbd cutoff: 2 target computed: 20000 cannot be del : 52 used: 18013 rdb: 6547
c o [mem] consolidate  old-sz: 7325K new-sz: 2477K new bits offs: 19 T: 0.00
c o [rdb] cls before: 39881 after: 29095 low lbd: 2129 lbd cutoff: 2 target computed: 20000 cannot be del : 109 used: 18576 rdb: 6550
c o [mem] consolidate  old-sz: 8711K new-sz: 2534K new bits offs: 19 T: 0.00
c o [rdb] cls before: 39089 after: 29709 low lbd: 2130 lbd cutoff: 2 target computed: 20000 cannot be del : 30 used: 20111 rdb: 6553
c o [mem] consolidate  old-sz: 7164K new-sz: 2514K new bits offs: 19 T: 0.00
c o [rdb] cls before: 39740 after: 29752 low lbd: 2131 lbd cutoff: 2 target computed: 20000 cannot be del : 57 used: 19470 rdb: 6556
c o [mem] consolidate  old-sz: 8822K new-sz: 2451K new bits offs: 19 T: 0.00
c o [rdb] cls before: 39608 after: 29332 low lbd: 2131 lbd cutoff: 2 target computed: 20000 cannot be del : 66 used: 17909 rdb: 6559
c o [rdb] cls before: 40093 after: 29561 low lbd: 2131 lbd cutoff: 2 target computed: 20000 cannot be del : 98 used: 18452 rdb: 6562
c o [mem] consolidate  old-sz: 8701K new-sz: 2477K new bits offs: 19 T: 0.00
c o [rdb] cls before: 39910 after: 30015 low lbd: 2131 lbd cutoff: 2 target computed: 20000 cannot be del : 74 used: 20312 rdb: 6565
c o [mem] consolidate  old-sz: 8756K new-sz: 2507K new bits offs: 19 T: 0.00
c o [rdb] cls before: 40119 after: 29702 low lbd: 2132 lbd cutoff: 2 target computed: 20000 cannot be del : 87 used: 18545 rdb: 6568
c o [mem] consolidate  old-sz: 8752K new-sz: 2421K new bits offs: 19 T: 0.00
c o [rdb] cls before: 39865 after: 29852 low lbd: 2132 lbd cutoff: 2 target computed: 20000 cannot be del : 70 used: 19852 rdb: 6571
c o [rdb] cls before: 40368 after: 30297 low lbd: 2134 lbd cutoff: 2 target computed: 20000 cannot be del : 66 used: 19634 rdb: 6574
c o [mem] consolidate  old-sz: 8819K new-sz: 2607K new bits offs: 19 T: 0.00
c o [rdb] cls before: 40439 after: 30307 low lbd: 2136 lbd cutoff: 2 target computed: 20000 cannot be del : 109 used: 20405 rdb: 6577
c o [mem] consolidate  old-sz: 9139K new-sz: 2572K new bits offs: 19 T: 0.00
c o [rdb] cls before: 40340 after: 29938 low lbd: 2138 lbd cutoff: 2 target computed: 20000 cannot be del : 70 used: 18853 rdb: 6580
c o [mem] consolidate  old-sz: 8761K new-sz: 2546K new bits offs: 19 T: 0.00
c o [rdb] cls before: 40474 after: 30573 low lbd: 2139 lbd cutoff: 2 target computed: 20000 cannot be del : 92 used: 19797 rdb: 6583
c o [mem] consolidate  old-sz: 7284K new-sz: 2589K new bits offs: 19 T: 0.00
c o [rdb] cls before: 40301 after: 30394 low lbd: 2140 lbd cutoff: 2 target computed: 20000 cannot be del : 104 used: 19878 rdb: 6586
c o [mem] consolidate  old-sz: 7285K new-sz: 2461K new bits offs: 19 T: 0.00
c o [rdb] cls before: 39957 after: 30045 low lbd: 2142 lbd cutoff: 2 target computed: 20000 cannot be del : 98 used: 18714 rdb: 6589
c o [rdb] cls before: 40054 after: 29729 low lbd: 2144 lbd cutoff: 2 target computed: 20000 cannot be del : 75 used: 18458 rdb: 6592
c o [mem] consolidate  old-sz: 8925K new-sz: 2624K new bits offs: 19 T: 0.00
c o [rdb] cls before: 39861 after: 29625 low lbd: 2146 lbd cutoff: 2 target computed: 20000 cannot be del : 81 used: 18491 rdb: 6595
c o [mem] consolidate  old-sz: 7269K new-sz: 2458K new bits offs: 19 T: 0.00
c o [rdb] cls before: 40208 after: 30231 low lbd: 2146 lbd cutoff: 2 target computed: 20000 cannot be del : 75 used: 21134 rdb: 6598
c o [mem] consolidate  old-sz: 8728K new-sz: 2487K new bits offs: 19 T: 0.00
c o [rdb] cls before: 39775 after: 29210 low lbd: 2146 lbd cutoff: 2 target computed: 20000 cannot be del : 60 used: 19397 rdb: 6601
c o [mem] consolidate  old-sz: 8905K new-sz: 2616K new bits offs: 19 T: 0.00
c o [rdb] cls before: 40127 after: 30120 low lbd: 2147 lbd cutoff: 2 target computed: 20000 cannot be del : 105 used: 19359 rdb: 6604
c o [mem] consolidate  old-sz: 7391K new-sz: 2444K new bits offs: 19 T: 0.00
c o [rdb] cls before: 39552 after: 29333 low lbd: 2148 lbd cutoff: 2 target computed: 20000 cannot be del : 73 used: 18739 rdb: 6607
c o [rdb] cls before: 39767 after: 30429 low lbd: 2152 lbd cutoff: 2 target computed: 20000 cannot be del : 78 used: 20589 rdb: 6610
c o [mem] consolidate  old-sz: 8685K new-sz: 2581K new bits offs: 19 T: 0.00
c o [rdb] cls before: 39926 after: 29375 low lbd: 2152 lbd cutoff: 2 target computed: 20000 cannot be del : 72 used: 18692 rdb: 6613
c o [mem] consolidate  old-sz: 7221K new-sz: 2415K new bits offs: 19 T: 0.00
c o [rdb] cls before: 40284 after: 30234 low lbd: 2152 lbd cutoff: 2 target computed: 20000 cannot be del : 79 used: 19392 rdb: 6616
c o [mem] consolidate  old-sz: 8490K new-sz: 2541K new bits offs: 19 T: 0.00
c o [rdb] cls before: 39750 after: 29744 low lbd: 2153 lbd cutoff: 2 target computed: 20000 cannot be del : 100 used: 20016 rdb: 6619
c o [mem] consolidate  old-sz: 7188K new-sz: 2399K new bits offs: 19 T: 0.00
c o [rdb] cls before: 39771 after: 29573 low lbd: 2153 lbd cutoff: 2 target computed: 20000 cannot be del : 63 used: 18835 rdb: 6622
c o [mem] consolidate  old-sz: 8461K new-sz: 2456K new bits offs: 19 T: 0.00
c o [rdb] cls before: 39691 after: 29867 low lbd: 2153 lbd cutoff: 2 target computed: 20000 cannot be del : 80 used: 18882 rdb: 6625
c o [mem] consolidate  old-sz: 7107K new-sz: 2451K new bits offs: 19 T: 0.00
c o [rdb] cls before: 39600 after: 29589 low lbd: 2153 lbd cutoff: 2 target computed: 20000 cannot be del : 99 used: 18888 rdb: 6628
c o [rdb] cls before: 39977 after: 29694 low lbd: 2154 lbd cutoff: 2 target computed: 20000 cannot be del : 113 used: 18468 rdb: 6631
c o [mem] consolidate  old-sz: 8902K new-sz: 2522K new bits offs: 19 T: 0.00
c o [rdb] cls before: 39342 after: 29663 low lbd: 2156 lbd cutoff: 2 target computed: 20000 cannot be del : 75 used: 18813 rdb: 6634
c o [mem] consolidate  old-sz: 7362K new-sz: 2618K new bits offs: 19 T: 0.00
c o [rdb] cls before: 38574 after: 29559 low lbd: 2156 lbd cutoff: 2 target computed: 20000 cannot be del : 129 used: 18612 rdb: 6637
c o [mem] consolidate  old-sz: 7171K new-sz: 2413K new bits offs: 19 T: 0.00
c o [rdb] cls before: 39487 after: 29162 low lbd: 2156 lbd cutoff: 2 target computed: 20000 cannot be del : 69 used: 18246 rdb: 6640
c o [mem] consolidate  old-sz: 7041K new-sz: 2414K new bits offs: 19 T: 0.00
c o [rdb] cls before: 39083 after: 29443 low lbd: 2156 lbd cutoff: 2 target computed: 20000 cannot be del : 73 used: 19142 rdb: 6643
c o [mem] consolidate  old-sz: 8641K new-sz: 2467K new bits offs: 19 T: 0.00
c o [rdb] cls before: 39688 after: 29320 low lbd: 2158 lbd cutoff: 2 target computed: 20000 cannot be del : 82 used: 18653 rdb: 6646
c o [mem] consolidate  old-sz: 8502K new-sz: 2543K new bits offs: 19 T: 0.00
c o [rdb] cls before: 40501 after: 29424 low lbd: 2158 lbd cutoff: 2 target computed: 20000 cannot be del : 121 used: 19297 rdb: 6649
c o [mem] consolidate  old-sz: 7247K new-sz: 2545K new bits offs: 19 T: 0.00
c o [rdb] cls before: 39763 after: 29948 low lbd: 2158 lbd cutoff: 2 target computed: 20000 cannot be del : 103 used: 20266 rdb: 6652
c o [rdb] cls before: 40097 after: 29191 low lbd: 2159 lbd cutoff: 2 target computed: 20000 cannot be del : 57 used: 17797 rdb: 6655
c o [mem] consolidate  old-sz: 8562K new-sz: 2332K new bits offs: 19 T: 0.00
c o [rdb] cls before: 39670 after: 29658 low lbd: 2161 lbd cutoff: 2 target computed: 20000 cannot be del : 68 used: 19024 rdb: 6658
c o [mem] consolidate  old-sz: 8360K new-sz: 2529K new bits offs: 19 T: 0.00
c o [rdb] cls before: 39795 after: 30090 low lbd: 2161 lbd cutoff: 2 target computed: 20000 cannot be del : 99 used: 19555 rdb: 6661
c o [mem] consolidate  old-sz: 7135K new-sz: 2485K new bits offs: 19 T: 0.00
c o [rdb] cls before: 40238 after: 29403 low lbd: 2161 lbd cutoff: 2 target computed: 20000 cannot be del : 97 used: 19373 rdb: 6664
c o [mem] consolidate  old-sz: 8697K new-sz: 2550K new bits offs: 19 T: 0.00
c o [rdb] cls before: 40316 after: 29898 low lbd: 2162 lbd cutoff: 2 target computed: 20000 cannot be del : 99 used: 19583 rdb: 6667
c o [rdb] cls before: 40842 after: 30154 low lbd: 2162 lbd cutoff: 2 target computed: 20000 cannot be del : 100 used: 20875 rdb: 6670
c o [mem] consolidate  old-sz: 8825K new-sz: 2513K new bits offs: 19 T: 0.00
c o [rdb] cls before: 40318 after: 30227 low lbd: 2164 lbd cutoff: 2 target computed: 20000 cannot be del : 87 used: 20265 rdb: 6673
c o [mem] consolidate  old-sz: 8609K new-sz: 2503K new bits offs: 19 T: 0.00
c o [rdb] cls before: 40225 after: 30027 low lbd: 2166 lbd cutoff: 2 target computed: 20000 cannot be del : 101 used: 19259 rdb: 6676
c o [mem] consolidate  old-sz: 8718K new-sz: 2489K new bits offs: 19 T: 0.00
c o [rdb] cls before: 39888 after: 29460 low lbd: 2167 lbd cutoff: 2 target computed: 20000 cannot be del : 112 used: 19314 rdb: 6679
c o [mem] consolidate  old-sz: 7275K new-sz: 2515K new bits offs: 19 T: 0.00
c o [rdb] cls before: 39502 after: 29891 low lbd: 2167 lbd cutoff: 2 target computed: 20000 cannot be del : 102 used: 18848 rdb: 6682
c o [mem] consolidate  old-sz: 7336K new-sz: 2420K new bits offs: 19 T: 0.00
c o [rdb] cls before: 39374 after: 29952 low lbd: 2168 lbd cutoff: 2 target computed: 20000 cannot be del : 90 used: 20311 rdb: 6685
c o [rdb] cls before: 39824 after: 29468 low lbd: 2170 lbd cutoff: 2 target computed: 20000 cannot be del : 123 used: 18204 rdb: 6688
c o [mem] consolidate  old-sz: 8357K new-sz: 2310K new bits offs: 19 T: 0.00
c o [rdb] cls before: 39527 after: 29818 low lbd: 2171 lbd cutoff: 2 target computed: 20000 cannot be del : 113 used: 19508 rdb: 6691
c o [mem] consolidate  old-sz: 8202K new-sz: 2473K new bits offs: 19 T: 0.00
c o [rdb] cls before: 40271 after: 29952 low lbd: 2171 lbd cutoff: 2 target computed: 20000 cannot be del : 75 used: 19072 rdb: 6694
c o [mem] consolidate  old-sz: 6871K new-sz: 2362K new bits offs: 19 T: 0.00
c o [rdb] cls before: 39703 after: 29940 low lbd: 2172 lbd cutoff: 2 target computed: 20000 cannot be del : 59 used: 19624 rdb: 6697
c o [mem] consolidate  old-sz: 6890K new-sz: 2439K new bits offs: 19 T: 0.00
c o [rdb] cls before: 38688 after: 29558 low lbd: 2173 lbd cutoff: 2 target computed: 20000 cannot be del : 78 used: 19509 rdb: 6700
c o [mem] consolidate  old-sz: 6973K new-sz: 2401K new bits offs: 19 T: 0.00
c o [rdb] cls before: 39429 after: 29668 low lbd: 2174 lbd cutoff: 2 target computed: 20000 cannot be del : 79 used: 18990 rdb: 6703
c o [mem] consolidate  old-sz: 8559K new-sz: 2419K new bits offs: 19 T: 0.00
c o [rdb] cls before: 39608 after: 29386 low lbd: 2175 lbd cutoff: 2 target computed: 20000 cannot be del : 87 used: 18570 rdb: 6706
c o [mem] consolidate  old-sz: 6855K new-sz: 2355K new bits offs: 19 T: 0.00
c o [rdb] cls before: 38858 after: 29447 low lbd: 2176 lbd cutoff: 2 target computed: 20000 cannot be del : 99 used: 18958 rdb: 6709
c o [rdb] cls before: 39367 after: 29441 low lbd: 2176 lbd cutoff: 2 target computed: 20000 cannot be del : 56 used: 18444 rdb: 6712
c o [mem] consolidate  old-sz: 8399K new-sz: 2433K new bits offs: 19 T: 0.00
c o [rdb] cls before: 39532 after: 29749 low lbd: 2177 lbd cutoff: 2 target computed: 20000 cannot be del : 70 used: 19325 rdb: 6715
c o [mem] consolidate  old-sz: 8433K new-sz: 2462K new bits offs: 19 T: 0.00
c o [rdb] cls before: 40493 after: 29204 low lbd: 2177 lbd cutoff: 2 target computed: 20000 cannot be del : 97 used: 18020 rdb: 6718
c o [mem] consolidate  old-sz: 6853K new-sz: 2459K new bits offs: 19 T: 0.00
c o [rdb] cls before: 39665 after: 29589 low lbd: 2178 lbd cutoff: 2 target computed: 20000 cannot be del : 91 used: 18562 rdb: 6721
c o [mem] consolidate  old-sz: 6782K new-sz: 2301K new bits offs: 19 T: 0.00
c o [rdb] cls before: 40012 after: 30120 low lbd: 2178 lbd cutoff: 2 target computed: 20000 cannot be del : 99 used: 19662 rdb: 6724
c o [mem] consolidate  old-sz: 8225K new-sz: 2386K new bits offs: 19 T: 0.00
c o [rdb] cls before: 39006 after: 29699 low lbd: 2180 lbd cutoff: 2 target computed: 20000 cannot be del : 72 used: 18791 rdb: 6727
c o [rdb] cls before: 39721 after: 29432 low lbd: 2183 lbd cutoff: 2 target computed: 20000 cannot be del : 85 used: 18344 rdb: 6730
c o [mem] consolidate  old-sz: 8487K new-sz: 2446K new bits offs: 19 T: 0.00
c o [rdb] cls before: 39471 after: 29777 low lbd: 2183 lbd cutoff: 2 target computed: 20000 cannot be del : 77 used: 19052 rdb: 6733
c o [mem] consolidate  old-sz: 8756K new-sz: 2537K new bits offs: 19 T: 0.00
c o [rdb] cls before: 39736 after: 29355 low lbd: 2185 lbd cutoff: 2 target computed: 20000 cannot be del : 101 used: 18022 rdb: 6736
c o [mem] consolidate  old-sz: 7391K new-sz: 2530K new bits offs: 19 T: 0.00
c o [rdb] cls before: 39972 after: 29882 low lbd: 2190 lbd cutoff: 2 target computed: 20000 cannot be del : 113 used: 19221 rdb: 6739
c o [mem] consolidate  old-sz: 7352K new-sz: 2397K new bits offs: 19 T: 0.00
c o [rdb] cls before: 39708 after: 29636 low lbd: 2191 lbd cutoff: 2 target computed: 20000 cannot be del : 74 used: 18734 rdb: 6742
c o [mem] consolidate  old-sz: 8526K new-sz: 2554K new bits offs: 19 T: 0.00
c o [rdb] cls before: 39429 after: 28534 low lbd: 2195 lbd cutoff: 2 target computed: 20000 cannot be del : 67 used: 17755 rdb: 6745
c o [mem] consolidate  old-sz: 7004K new-sz: 2375K new bits offs: 19 T: 0.00
c o [rdb] cls before: 38938 after: 28512 low lbd: 2197 lbd cutoff: 2 target computed: 20000 cannot be del : 91 used: 17351 rdb: 6748
c o [rdb] cls before: 39296 after: 28972 low lbd: 2199 lbd cutoff: 2 target computed: 20000 cannot be del : 74 used: 18359 rdb: 6751
c o [mem] consolidate  old-sz: 8472K new-sz: 2394K new bits offs: 19 T: 0.00
c o [rdb] cls before: 39345 after: 29604 low lbd: 2202 lbd cutoff: 2 target computed: 20000 cannot be del : 98 used: 19331 rdb: 6754
c o [mem] consolidate  old-sz: 8648K new-sz: 2334K new bits offs: 19 T: 0.00
c o [rdb] cls before: 38810 after: 29125 low lbd: 2203 lbd cutoff: 2 target computed: 20000 cannot be del : 110 used: 18340 rdb: 6757
c o [mem] consolidate  old-sz: 8409K new-sz: 2342K new bits offs: 19 T: 0.00
c o [rdb] cls before: 38625 after: 29293 low lbd: 2203 lbd cutoff: 2 target computed: 20000 cannot be del : 58 used: 18689 rdb: 6760
c o [rdb] cls before: 39244 after: 28800 low lbd: 2207 lbd cutoff: 2 target computed: 20000 cannot be del : 51 used: 17903 rdb: 6763
c o [mem] consolidate  old-sz: 8251K new-sz: 2406K new bits offs: 19 T: 0.00
c o [rdb] cls before: 39012 after: 29409 low lbd: 2208 lbd cutoff: 2 target computed: 20000 cannot be del : 21 used: 18889 rdb: 6766
c o [mem] consolidate  old-sz: 8542K new-sz: 2410K new bits offs: 19 T: 0.00
c o [rdb] cls before: 38680 after: 29381 low lbd: 2213 lbd cutoff: 2 target computed: 20000 cannot be del : 110 used: 18912 rdb: 6769
c o [mem] consolidate  old-sz: 6921K new-sz: 2391K new bits offs: 19 T: 0.00
c o [rdb] cls before: 39390 after: 29173 low lbd: 2213 lbd cutoff: 2 target computed: 20000 cannot be del : 88 used: 18507 rdb: 6772
c o [mem] consolidate  old-sz: 8695K new-sz: 2494K new bits offs: 19 T: 0.00
c o [rdb] cls before: 39232 after: 28791 low lbd: 2213 lbd cutoff: 2 target computed: 20000 cannot be del : 110 used: 18165 rdb: 6775
c o [mem] consolidate  old-sz: 7152K new-sz: 2544K new bits offs: 19 T: 0.00
c o [rdb] cls before: 38990 after: 27714 low lbd: 2216 lbd cutoff: 2 target computed: 20000 cannot be del : 60 used: 17706 rdb: 6778
c o [mem] consolidate  old-sz: 7129K new-sz: 2487K new bits offs: 19 T: 0.00
c o [rdb] cls before: 38816 after: 28544 low lbd: 2217 lbd cutoff: 2 target computed: 20000 cannot be del : 123 used: 18034 rdb: 6781
c o [mem] consolidate  old-sz: 7192K new-sz: 2514K new bits offs: 19 T: 0.00
c o [rdb] cls before: 38734 after: 28641 low lbd: 2219 lbd cutoff: 2 target computed: 20000 cannot be del : 46 used: 18027 rdb: 6784
c o [rdb] cls before: 38879 after: 27737 low lbd: 2219 lbd cutoff: 2 target computed: 20000 cannot be del : 108 used: 17389 rdb: 6787
c o [mem] consolidate  old-sz: 8762K new-sz: 2321K new bits offs: 19 T: 0.00
c o [rdb] cls before: 38994 after: 28536 low lbd: 2220 lbd cutoff: 2 target computed: 20000 cannot be del : 66 used: 18961 rdb: 6790
c o [mem] consolidate  old-sz: 8354K new-sz: 2432K new bits offs: 19 T: 0.00
c o [rdb] cls before: 38159 after: 29101 low lbd: 2221 lbd cutoff: 2 target computed: 20000 cannot be del : 77 used: 19422 rdb: 6793
c o [mem] consolidate  old-sz: 8708K new-sz: 2529K new bits offs: 19 T: 0.00
c o [rdb] cls before: 39414 after: 28348 low lbd: 2225 lbd cutoff: 2 target computed: 20000 cannot be del : 52 used: 17403 rdb: 6796
c o [mem] consolidate  old-sz: 7319K new-sz: 2602K new bits offs: 19 T: 0.00
c o [rdb] cls before: 39161 after: 29448 low lbd: 2226 lbd cutoff: 2 target computed: 20000 cannot be del : 109 used: 19449 rdb: 6799
c o [mem] consolidate  old-sz: 7563K new-sz: 2634K new bits offs: 19 T: 0.00
c o [rdb] cls before: 38875 after: 29159 low lbd: 2227 lbd cutoff: 2 target computed: 20000 cannot be del : 92 used: 18928 rdb: 6802
c o [rdb] cls before: 38951 after: 28697 low lbd: 2227 lbd cutoff: 2 target computed: 20000 cannot be del : 75 used: 18012 rdb: 6805
c o [mem] consolidate  old-sz: 9124K new-sz: 2565K new bits offs: 19 T: 0.00
c o [rdb] cls before: 38125 after: 28048 low lbd: 2230 lbd cutoff: 2 target computed: 20000 cannot be del : 100 used: 17444 rdb: 6808
c o [mem] consolidate  old-sz: 7228K new-sz: 2468K new bits offs: 19 T: 0.00
c o [rdb] cls before: 38753 after: 29147 low lbd: 2233 lbd cutoff: 2 target computed: 20000 cannot be del : 66 used: 19523 rdb: 6811
c o [mem] consolidate  old-sz: 8881K new-sz: 2514K new bits offs: 19 T: 0.00
c o [rdb] cls before: 39379 after: 29309 low lbd: 2236 lbd cutoff: 2 target computed: 20000 cannot be del : 123 used: 19255 rdb: 6814
c o [mem] consolidate  old-sz: 7105K new-sz: 2356K new bits offs: 19 T: 0.00
c o [rdb] cls before: 38086 after: 28632 low lbd: 2236 lbd cutoff: 2 target computed: 20000 cannot be del : 65 used: 18487 rdb: 6817
c o [mem] consolidate  old-sz: 8274K new-sz: 2377K new bits offs: 19 T: 0.00
c o [rdb] cls before: 38778 after: 28300 low lbd: 2239 lbd cutoff: 2 target computed: 20000 cannot be del : 65 used: 17763 rdb: 6820
c o [rdb] cls before: 39072 after: 29127 low lbd: 2242 lbd cutoff: 2 target computed: 20000 cannot be del : 85 used: 18763 rdb: 6823
c o [mem] consolidate  old-sz: 8500K new-sz: 2483K new bits offs: 19 T: 0.00
c o [rdb] cls before: 38618 after: 28737 low lbd: 2244 lbd cutoff: 2 target computed: 20000 cannot be del : 98 used: 17965 rdb: 6826
c o [mem] consolidate  old-sz: 7087K new-sz: 2453K new bits offs: 19 T: 0.00
c o [rdb] cls before: 38492 after: 28851 low lbd: 2245 lbd cutoff: 2 target computed: 20000 cannot be del : 75 used: 18415 rdb: 6829
c o [mem] consolidate  old-sz: 8485K new-sz: 2372K new bits offs: 19 T: 0.00
c o [rdb] cls before: 39046 after: 29200 low lbd: 2246 lbd cutoff: 2 target computed: 20000 cannot be del : 104 used: 18577 rdb: 6832
c o [mem] consolidate  old-sz: 6878K new-sz: 2278K new bits offs: 19 T: 0.00
c o [rdb] cls before: 38988 after: 28973 low lbd: 2248 lbd cutoff: 2 target computed: 20000 cannot be del : 68 used: 18034 rdb: 6835
c o [mem] consolidate  old-sz: 8415K new-sz: 2488K new bits offs: 19 T: 0.00
c o [rdb] cls before: 39009 after: 29318 low lbd: 2249 lbd cutoff: 2 target computed: 20000 cannot be del : 107 used: 18707 rdb: 6838
c o [rdb] cls before: 39032 after: 28873 low lbd: 2253 lbd cutoff: 2 target computed: 20000 cannot be del : 90 used: 17812 rdb: 6841
c o [mem] consolidate  old-sz: 8810K new-sz: 2512K new bits offs: 19 T: 0.00
c o [rdb] cls before: 39011 after: 29270 low lbd: 2254 lbd cutoff: 2 target computed: 20000 cannot be del : 65 used: 18411 rdb: 6844
c o [mem] consolidate  old-sz: 8737K new-sz: 2428K new bits offs: 19 T: 0.00
c o [rdb] cls before: 38537 after: 28571 low lbd: 2255 lbd cutoff: 2 target computed: 20000 cannot be del : 63 used: 18185 rdb: 6847
c o [mem] consolidate  old-sz: 6983K new-sz: 2459K new bits offs: 19 T: 0.00
c o [rdb] cls before: 39064 after: 29370 low lbd: 2256 lbd cutoff: 2 target computed: 20000 cannot be del : 97 used: 18922 rdb: 6850
c o [mem] consolidate  old-sz: 7058K new-sz: 2384K new bits offs: 19 T: 0.00
c o [rdb] cls before: 39312 after: 29559 low lbd: 2258 lbd cutoff: 2 target computed: 20000 cannot be del : 59 used: 19405 rdb: 6853
c o [mem] consolidate  old-sz: 8479K new-sz: 2491K new bits offs: 19 T: 0.00
c o [rdb] cls before: 39454 after: 29098 low lbd: 2258 lbd cutoff: 2 target computed: 20000 cannot be del : 73 used: 19174 rdb: 6856
c o [rdb] cls before: 39651 after: 28922 low lbd: 2260 lbd cutoff: 2 target computed: 20000 cannot be del : 87 used: 18457 rdb: 6859
c o [mem] consolidate  old-sz: 8479K new-sz: 2398K new bits offs: 19 T: 0.00
c o [rdb] cls before: 39569 after: 29638 low lbd: 2261 lbd cutoff: 2 target computed: 20000 cannot be del : 58 used: 19332 rdb: 6862
c o [mem] consolidate  old-sz: 8750K new-sz: 2509K new bits offs: 19 T: 0.00
c o [rdb] cls before: 38835 after: 29358 low lbd: 2261 lbd cutoff: 2 target computed: 20000 cannot be del : 83 used: 19134 rdb: 6865
c o [mem] consolidate  old-sz: 7462K new-sz: 2543K new bits offs: 19 T: 0.00
c o [rdb] cls before: 39127 after: 28217 low lbd: 2262 lbd cutoff: 2 target computed: 20000 cannot be del : 96 used: 17793 rdb: 6868
c o [mem] consolidate  old-sz: 7301K new-sz: 2489K new bits offs: 19 T: 0.00
c o [rdb] cls before: 39160 after: 29139 low lbd: 2262 lbd cutoff: 2 target computed: 20000 cannot be del : 63 used: 19173 rdb: 6871
c o [mem] consolidate  old-sz: 7163K new-sz: 2440K new bits offs: 19 T: 0.00
c o [rdb] cls before: 39140 after: 29016 low lbd: 2265 lbd cutoff: 2 target computed: 20000 cannot be del : 51 used: 19121 rdb: 6874
c o [mem] consolidate  old-sz: 7049K new-sz: 2264K new bits offs: 19 T: 0.00
c o [rdb] cls before: 38519 after: 28744 low lbd: 2269 lbd cutoff: 2 target computed: 20000 cannot be del : 103 used: 18321 rdb: 6877
c o [mem] consolidate  old-sz: 8346K new-sz: 2427K new bits offs: 19 T: 0.00
c o [rdb] cls before: 38714 after: 29017 low lbd: 2271 lbd cutoff: 2 target computed: 20000 cannot be del : 89 used: 18426 rdb: 6880
c o [rdb] cls before: 38878 after: 28754 low lbd: 2275 lbd cutoff: 2 target computed: 20000 cannot be del : 81 used: 17654 rdb: 6883
c o [mem] consolidate  old-sz: 8601K new-sz: 2464K new bits offs: 19 T: 0.00
c o [rdb] cls before: 38700 after: 28986 low lbd: 2277 lbd cutoff: 2 target computed: 20000 cannot be del : 91 used: 18199 rdb: 6886
c o [mem] consolidate  old-sz: 8668K new-sz: 2484K new bits offs: 19 T: 0.00
c o [rdb] cls before: 38392 after: 28943 low lbd: 2278 lbd cutoff: 2 target computed: 20000 cannot be del : 95 used: 18526 rdb: 6889
c o [mem] consolidate  old-sz: 8641K new-sz: 2477K new bits offs: 19 T: 0.00
c o [rdb] cls before: 39065 after: 29147 low lbd: 2278 lbd cutoff: 2 target computed: 20000 cannot be del : 49 used: 18127 rdb: 6892
c o [rdb] cls before: 39203 after: 29366 low lbd: 2278 lbd cutoff: 2 target computed: 20000 cannot be del : 92 used: 19531 rdb: 6895
c o [mem] consolidate  old-sz: 8619K new-sz: 2423K new bits offs: 19 T: 0.00
c o [rdb] cls before: 39374 after: 29397 low lbd: 2280 lbd cutoff: 2 target computed: 20000 cannot be del : 97 used: 19022 rdb: 6898
c o [mem] consolidate  old-sz: 8593K new-sz: 2464K new bits offs: 19 T: 0.00
c o [rdb] cls before: 39703 after: 29415 low lbd: 2280 lbd cutoff: 2 target computed: 20000 cannot be del : 84 used: 18431 rdb: 6901
c o [mem] consolidate  old-sz: 7211K new-sz: 2485K new bits offs: 19 T: 0.00
c o [rdb] cls before: 39533 after: 29442 low lbd: 2280 lbd cutoff: 2 target computed: 20000 cannot be del : 96 used: 18551 rdb: 6904
c o [mem] consolidate  old-sz: 6963K new-sz: 2379K new bits offs: 19 T: 0.00
c o [rdb] cls before: 39292 after: 29618 low lbd: 2284 lbd cutoff: 2 target computed: 20000 cannot be del : 114 used: 19183 rdb: 6907
c o [mem] consolidate  old-sz: 8464K new-sz: 2395K new bits offs: 19 T: 0.00
c o [rdb] cls before: 38659 after: 28959 low lbd: 2285 lbd cutoff: 2 target computed: 20000 cannot be del : 99 used: 18460 rdb: 6910
c o [mem] consolidate  old-sz: 7015K new-sz: 2380K new bits offs: 19 T: 0.00
c o [rdb] cls before: 38638 after: 29088 low lbd: 2285 lbd cutoff: 2 target computed: 20000 cannot be del : 85 used: 19084 rdb: 6913
c o [rdb] cls before: 39118 after: 29396 low lbd: 2287 lbd cutoff: 2 target computed: 20000 cannot be del : 75 used: 18587 rdb: 6916
c o [mem] consolidate  old-sz: 8450K new-sz: 2504K new bits offs: 19 T: 0.00
c o [rdb] cls before: 39294 after: 28549 low lbd: 2288 lbd cutoff: 2 target computed: 20000 cannot be del : 104 used: 17949 rdb: 6919
c o [mem] consolidate  old-sz: 7096K new-sz: 2353K new bits offs: 19 T: 0.00
c o [rdb] cls before: 39134 after: 29227 low lbd: 2288 lbd cutoff: 2 target computed: 20000 cannot be del : 86 used: 18424 rdb: 6922
c o [mem] consolidate  old-sz: 8433K new-sz: 2492K new bits offs: 19 T: 0.00
c o [rdb] cls before: 38987 after: 29528 low lbd: 2288 lbd cutoff: 2 target computed: 20000 cannot be del : 112 used: 18575 rdb: 6925
c o [mem] consolidate  old-sz: 7136K new-sz: 2415K new bits offs: 19 T: 0.00
c o [rdb] cls before: 39284 after: 29953 low lbd: 2292 lbd cutoff: 2 target computed: 20000 cannot be del : 129 used: 19627 rdb: 6928
c o [mem] consolidate  old-sz: 8662K new-sz: 2561K new bits offs: 19 T: 0.00
c o [rdb] cls before: 39202 after: 28225 low lbd: 2293 lbd cutoff: 2 target computed: 20000 cannot be del : 55 used: 17530 rdb: 6931
c o [mem] consolidate  old-sz: 7197K new-sz: 2490K new bits offs: 19 T: 0.00
c o [rdb] cls before: 39194 after: 28968 low lbd: 2293 lbd cutoff: 2 target computed: 20000 cannot be del : 90 used: 18385 rdb: 6934
c o [mem] consolidate  old-sz: 7135K new-sz: 2429K new bits offs: 19 T: 0.00
c o [rdb] cls before: 38405 after: 28612 low lbd: 2293 lbd cutoff: 2 target computed: 20000 cannot be del : 96 used: 18360 rdb: 6937
c o [mem] consolidate  old-sz: 7066K new-sz: 2386K new bits offs: 19 T: 0.00
c o [rdb] cls before: 38271 after: 28580 low lbd: 2294 lbd cutoff: 2 target computed: 20000 cannot be del : 81 used: 18729 rdb: 6940
c o [rdb] cls before: 38546 after: 28900 low lbd: 2295 lbd cutoff: 2 target computed: 20000 cannot be del : 23 used: 19340 rdb: 6943
c o [mem] consolidate  old-sz: 8607K new-sz: 2457K new bits offs: 19 T: 0.00
c o [rdb] cls before: 38019 after: 28735 low lbd: 2295 lbd cutoff: 2 target computed: 20000 cannot be del : 55 used: 18115 rdb: 6946
c o [mem] consolidate  old-sz: 7122K new-sz: 2468K new bits offs: 19 T: 0.00
c o [rdb] cls before: 38710 after: 29157 low lbd: 2297 lbd cutoff: 2 target computed: 20000 cannot be del : 121 used: 18573 rdb: 6949
c o [mem] consolidate  old-sz: 8580K new-sz: 2477K new bits offs: 19 T: 0.00
c o [rdb] cls before: 38351 after: 29216 low lbd: 2297 lbd cutoff: 2 target computed: 20000 cannot be del : 58 used: 18676 rdb: 6952
c o [mem] consolidate  old-sz: 6784K new-sz: 2388K new bits offs: 19 T: 0.00
c o [rdb] cls before: 38509 after: 28820 low lbd: 2298 lbd cutoff: 2 target computed: 20000 cannot be del : 57 used: 17413 rdb: 6955
c o [mem] consolidate  old-sz: 7078K new-sz: 2491K new bits offs: 19 T: 0.00
c o [rdb] cls before: 38672 after: 28370 low lbd: 2298 lbd cutoff: 2 target computed: 20000 cannot be del : 99 used: 17575 rdb: 6958
c o [mem] consolidate  old-sz: 8760K new-sz: 2387K new bits offs: 19 T: 0.00
c o [rdb] cls before: 38276 after: 29065 low lbd: 2301 lbd cutoff: 2 target computed: 20000 cannot be del : 42 used: 18743 rdb: 6961
c o [rdb] cls before: 38956 after: 28663 low lbd: 2303 lbd cutoff: 2 target computed: 20000 cannot be del : 121 used: 17488 rdb: 6964
c o [mem] consolidate  old-sz: 8822K new-sz: 2599K new bits offs: 19 T: 0.00
c o [rdb] cls before: 38941 after: 28437 low lbd: 2305 lbd cutoff: 2 target computed: 20000 cannot be del : 108 used: 17651 rdb: 6967
c o [mem] consolidate  old-sz: 7442K new-sz: 2429K new bits offs: 19 T: 0.00
c o [rdb] cls before: 38834 after: 29099 low lbd: 2310 lbd cutoff: 2 target computed: 20000 cannot be del : 96 used: 18467 rdb: 6970
c o [mem] consolidate  old-sz: 8680K new-sz: 2499K new bits offs: 19 T: 0.00
c o [rdb] cls before: 39119 after: 28583 low lbd: 2311 lbd cutoff: 2 target computed: 20000 cannot be del : 78 used: 19233 rdb: 6973
c o [mem] consolidate  old-sz: 7194K new-sz: 2416K new bits offs: 19 T: 0.00
c o [rdb] cls before: 38196 after: 29396 low lbd: 2315 lbd cutoff: 2 target computed: 20000 cannot be del : 124 used: 18751 rdb: 6976
c o [mem] consolidate  old-sz: 7037K new-sz: 2411K new bits offs: 19 T: 0.00
c o [rdb] cls before: 39113 after: 28973 low lbd: 2316 lbd cutoff: 2 target computed: 20000 cannot be del : 79 used: 17849 rdb: 6979
c o [mem] consolidate  old-sz: 8912K new-sz: 2453K new bits offs: 19 T: 0.00
c o [rdb] cls before: 38174 after: 28576 low lbd: 2317 lbd cutoff: 2 target computed: 20000 cannot be del : 60 used: 17771 rdb: 6982
c o [mem] consolidate  old-sz: 7397K new-sz: 2480K new bits offs: 19 T: 0.00
c o [rdb] cls before: 38170 after: 28427 low lbd: 2320 lbd cutoff: 2 target computed: 20000 cannot be del : 95 used: 17449 rdb: 6985
c o [rdb] cls before: 38311 after: 28563 low lbd: 2321 lbd cutoff: 2 target computed: 20000 cannot be del : 58 used: 18293 rdb: 6988
c o [mem] consolidate  old-sz: 9149K new-sz: 2561K new bits offs: 19 T: 0.00
c o [rdb] cls before: 38569 after: 27826 low lbd: 2323 lbd cutoff: 2 target computed: 20000 cannot be del : 67 used: 17478 rdb: 6991
c o [mem] consolidate  old-sz: 7390K new-sz: 2287K new bits offs: 19 T: 0.00
c o [rdb] cls before: 38454 after: 28500 low lbd: 2324 lbd cutoff: 2 target computed: 20000 cannot be del : 115 used: 18548 rdb: 6994
c o [mem] consolidate  old-sz: 8649K new-sz: 2593K new bits offs: 19 T: 0.00
c o [rdb] cls before: 38255 after: 28750 low lbd: 2326 lbd cutoff: 2 target computed: 20000 cannot be del : 75 used: 18546 rdb: 6997
c o [mem] consolidate  old-sz: 7511K new-sz: 2590K new bits offs: 19 T: 0.00
c o [rdb] cls before: 39244 after: 28504 low lbd: 2327 lbd cutoff: 2 target computed: 20000 cannot be del : 134 used: 18065 rdb: 7000
c o [mem] consolidate  old-sz: 7320K new-sz: 2496K new bits offs: 19 T: 0.00
c o [rdb] cls before: 39352 after: 29484 low lbd: 2328 lbd cutoff: 2 target computed: 20000 cannot be del : 99 used: 19114 rdb: 7003
c o [mem] consolidate  old-sz: 8899K new-sz: 2533K new bits offs: 19 T: 0.00
c o [rdb] cls before: 39450 after: 28340 low lbd: 2331 lbd cutoff: 2 target computed: 20000 cannot be del : 88 used: 17417 rdb: 7006
c o [mem] consolidate  old-sz: 7090K new-sz: 2419K new bits offs: 19 T: 0.00
c o [rdb] cls before: 38958 after: 29276 low lbd: 2331 lbd cutoff: 2 target computed: 20000 cannot be del : 125 used: 19021 rdb: 7009
c o [mem] consolidate  old-sz: 7196K new-sz: 2513K new bits offs: 19 T: 0.00
c o [rdb] cls before: 38789 after: 29453 low lbd: 2331 lbd cutoff: 2 target computed: 20000 cannot be del : 113 used: 18707 rdb: 7012
c o [rdb] cls before: 39221 after: 29291 low lbd: 2332 lbd cutoff: 2 target computed: 20000 cannot be del : 99 used: 19164 rdb: 7015
c o [mem] consolidate  old-sz: 8930K new-sz: 2551K new bits offs: 19 T: 0.00
c o [rdb] cls before: 38840 after: 28881 low lbd: 2333 lbd cutoff: 2 target computed: 20000 cannot be del : 112 used: 17937 rdb: 7018
c o [mem] consolidate  old-sz: 7229K new-sz: 2458K new bits offs: 19 T: 0.00
c o [rdb] cls before: 39005 after: 29037 low lbd: 2335 lbd cutoff: 2 target computed: 20000 cannot be del : 71 used: 18478 rdb: 7021
c o [mem] consolidate  old-sz: 8725K new-sz: 2532K new bits offs: 19 T: 0.00
c o [rdb] cls before: 38627 after: 29621 low lbd: 2337 lbd cutoff: 2 target computed: 20000 cannot be del : 105 used: 18691 rdb: 7024
c o [mem] consolidate  old-sz: 8762K new-sz: 2508K new bits offs: 19 T: 0.00
c o [rdb] cls before: 39542 after: 29645 low lbd: 2337 lbd cutoff: 2 target computed: 20000 cannot be del : 81 used: 20575 rdb: 7027
c o [mem] consolidate  old-sz: 7071K new-sz: 2419K new bits offs: 19 T: 0.00
c o [rdb] cls before: 39513 after: 29602 low lbd: 2337 lbd cutoff: 2 target computed: 20000 cannot be del : 88 used: 19585 rdb: 7030
c o [mem] consolidate  old-sz: 6860K new-sz: 2386K new bits offs: 19 T: 0.00
c o [rdb] cls before: 39288 after: 29542 low lbd: 2338 lbd cutoff: 2 target computed: 20000 cannot be del : 113 used: 18195 rdb: 7033
c o [rdb] cls before: 40125 after: 29481 low lbd: 2338 lbd cutoff: 2 target computed: 20000 cannot be del : 78 used: 18199 rdb: 7036
c o [mem] consolidate  old-sz: 8627K new-sz: 2514K new bits offs: 19 T: 0.00
c o [rdb] cls before: 39441 after: 28938 low lbd: 2338 lbd cutoff: 2 target computed: 20000 cannot be del : 141 used: 17675 rdb: 7039
c o [mem] consolidate  old-sz: 7434K new-sz: 2531K new bits offs: 19 T: 0.00
c o [rdb] cls before: 39008 after: 30053 low lbd: 2341 lbd cutoff: 2 target computed: 20000 cannot be del : 117 used: 19621 rdb: 7042
c o [mem] consolidate  old-sz: 8918K new-sz: 2429K new bits offs: 19 T: 0.00
c o [rdb] cls before: 39274 after: 29470 low lbd: 2344 lbd cutoff: 2 target computed: 20000 cannot be del : 150 used: 18606 rdb: 7045
c o [mem] consolidate  old-sz: 8673K new-sz: 2583K new bits offs: 19 T: 0.00
c o [rdb] cls before: 40033 after: 30184 low lbd: 2346 lbd cutoff: 2 target computed: 20000 cannot be del : 105 used: 20018 rdb: 7048
c o [mem] consolidate  old-sz: 7356K new-sz: 2501K new bits offs: 19 T: 0.00
c o [rdb] cls before: 38899 after: 29255 low lbd: 2346 lbd cutoff: 2 target computed: 20000 cannot be del : 119 used: 18339 rdb: 7051
c o [rdb] cls before: 39028 after: 29416 low lbd: 2349 lbd cutoff: 2 target computed: 20000 cannot be del : 35 used: 18536 rdb: 7054
c o [mem] consolidate  old-sz: 8861K new-sz: 2507K new bits offs: 19 T: 0.00
c o [rdb] cls before: 39471 after: 29040 low lbd: 2354 lbd cutoff: 2 target computed: 20000 cannot be del : 52 used: 17944 rdb: 7057
c o [mem] consolidate  old-sz: 7209K new-sz: 2476K new bits offs: 19 T: 0.00
c o [rdb] cls before: 39458 after: 28642 low lbd: 2354 lbd cutoff: 2 target computed: 20000 cannot be del : 108 used: 17340 rdb: 7060
c o [mem] consolidate  old-sz: 6983K new-sz: 2293K new bits offs: 19 T: 0.00
c o [rdb] cls before: 39047 after: 29673 low lbd: 2354 lbd cutoff: 2 target computed: 20000 cannot be del : 92 used: 18721 rdb: 7063
c o [mem] consolidate  old-sz: 8354K new-sz: 2525K new bits offs: 19 T: 0.00
c o [rdb] cls before: 39599 after: 28763 low lbd: 2354 lbd cutoff: 2 target computed: 20000 cannot be del : 100 used: 17971 rdb: 7066
c o [mem] consolidate  old-sz: 7034K new-sz: 2424K new bits offs: 19 T: 0.00
c o [rdb] cls before: 39596 after: 29350 low lbd: 2355 lbd cutoff: 2 target computed: 20000 cannot be del : 95 used: 18182 rdb: 7069
c o [mem] consolidate  old-sz: 7014K new-sz: 2459K new bits offs: 19 T: 0.00
c o [rdb] cls before: 38926 after: 29415 low lbd: 2355 lbd cutoff: 2 target computed: 20000 cannot be del : 60 used: 19049 rdb: 7072
c o [mem] consolidate  old-sz: 7135K new-sz: 2372K new bits offs: 19 T: 0.00
c o [rdb] cls before: 38723 after: 28764 low lbd: 2356 lbd cutoff: 2 target computed: 20000 cannot be del : 98 used: 18197 rdb: 7075
c o [mem] consolidate  old-sz: 8420K new-sz: 2464K new bits offs: 19 T: 0.00
c o [rdb] cls before: 39326 after: 28562 low lbd: 2359 lbd cutoff: 2 target computed: 20000 cannot be del : 85 used: 17016 rdb: 7078
c o [mem] consolidate  old-sz: 7355K new-sz: 2503K new bits offs: 19 T: 0.00
c o [rdb] cls before: 38546 after: 28851 low lbd: 2362 lbd cutoff: 2 target computed: 20000 cannot be del : 106 used: 17813 rdb: 7081
c o [mem] consolidate  old-sz: 7203K new-sz: 2380K new bits offs: 19 T: 0.00
c o [rdb] cls before: 38523 after: 29038 low lbd: 2364 lbd cutoff: 2 target computed: 20000 cannot be del : 85 used: 18601 rdb: 7084
c o [rdb] cls before: 38865 after: 29695 low lbd: 2364 lbd cutoff: 2 target computed: 20000 cannot be del : 65 used: 19339 rdb: 7087
c o [mem] consolidate  old-sz: 8526K new-sz: 2550K new bits offs: 19 T: 0.00
c o [rdb] cls before: 38952 after: 28971 low lbd: 2364 lbd cutoff: 2 target computed: 20000 cannot be del : 57 used: 18244 rdb: 7090
c o [mem] consolidate  old-sz: 7159K new-sz: 2470K new bits offs: 19 T: 0.00
c o [rdb] cls before: 38962 after: 29589 low lbd: 2365 lbd cutoff: 2 target computed: 20000 cannot be del : 67 used: 18958 rdb: 7093
c o [mem] consolidate  old-sz: 8672K new-sz: 2571K new bits offs: 19 T: 0.00
c o [rdb] cls before: 38447 after: 29087 low lbd: 2367 lbd cutoff: 2 target computed: 20000 cannot be del : 58 used: 18470 rdb: 7096
c o [mem] consolidate  old-sz: 6996K new-sz: 2442K new bits offs: 19 T: 0.00
c o [rdb] cls before: 39218 after: 29609 low lbd: 2368 lbd cutoff: 2 target computed: 20000 cannot be del : 75 used: 18703 rdb: 7099
c o [mem] consolidate  old-sz: 8594K new-sz: 2455K new bits offs: 19 T: 0.00
c o [rdb] cls before: 39426 after: 29556 low lbd: 2368 lbd cutoff: 2 target computed: 20000 cannot be del : 74 used: 18763 rdb: 7102
c o [mem] consolidate  old-sz: 7097K new-sz: 2362K new bits offs: 19 T: 0.00
c o [rdb] cls before: 38419 after: 28999 low lbd: 2370 lbd cutoff: 2 target computed: 20000 cannot be del : 50 used: 18472 rdb: 7105
c o [rdb] cls before: 38626 after: 29065 low lbd: 2370 lbd cutoff: 2 target computed: 20000 cannot be del : 119 used: 18335 rdb: 7108
c o [mem] consolidate  old-sz: 8748K new-sz: 2534K new bits offs: 19 T: 0.00
c o [rdb] cls before: 38518 after: 29492 low lbd: 2371 lbd cutoff: 2 target computed: 20000 cannot be del : 60 used: 18793 rdb: 7111
c o [mem] consolidate  old-sz: 8682K new-sz: 2488K new bits offs: 19 T: 0.00
c o [rdb] cls before: 38541 after: 29667 low lbd: 2371 lbd cutoff: 2 target computed: 20000 cannot be del : 85 used: 19119 rdb: 7114
c o [mem] consolidate  old-sz: 8560K new-sz: 2416K new bits offs: 19 T: 0.00
c o [rdb] cls before: 38737 after: 28632 low lbd: 2372 lbd cutoff: 2 target computed: 20000 cannot be del : 108 used: 17234 rdb: 7117
c o [mem] consolidate  old-sz: 7079K new-sz: 2398K new bits offs: 19 T: 0.00
c o [rdb] cls before: 38312 after: 29038 low lbd: 2375 lbd cutoff: 2 target computed: 20000 cannot be del : 60 used: 18736 rdb: 7120
c o [rdb] cls before: 39107 after: 29268 low lbd: 2379 lbd cutoff: 2 target computed: 20000 cannot be del : 68 used: 18442 rdb: 7123
c o [mem] consolidate  old-sz: 8809K new-sz: 2565K new bits offs: 19 T: 0.00
c o [rdb] cls before: 38953 after: 29494 low lbd: 2380 lbd cutoff: 2 target computed: 20000 cannot be del : 110 used: 18961 rdb: 7126
c o [mem] consolidate  old-sz: 8906K new-sz: 2533K new bits offs: 19 T: 0.00
c o [rdb] cls before: 39351 after: 28542 low lbd: 2381 lbd cutoff: 2 target computed: 20000 cannot be del : 75 used: 17758 rdb: 7129
c o [mem] consolidate  old-sz: 7081K new-sz: 2417K new bits offs: 19 T: 0.00
c o [rdb] cls before: 39133 after: 28791 low lbd: 2381 lbd cutoff: 2 target computed: 20000 cannot be del : 44 used: 18656 rdb: 7132
c o [mem] consolidate  old-sz: 6980K new-sz: 2401K new bits offs: 19 T: 0.00
c o [rdb] cls before: 38961 after: 29377 low lbd: 2382 lbd cutoff: 2 target computed: 20000 cannot be del : 25 used: 19101 rdb: 7135
c o [mem] consolidate  old-sz: 8554K new-sz: 2571K new bits offs: 19 T: 0.00
c o [rdb] cls before: 39720 after: 29871 low lbd: 2383 lbd cutoff: 2 target computed: 20000 cannot be del : 64 used: 19681 rdb: 7138
c o [mem] consolidate  old-sz: 7150K new-sz: 2450K new bits offs: 19 T: 0.00
c o [rdb] cls before: 39388 after: 29397 low lbd: 2384 lbd cutoff: 2 target computed: 20000 cannot be del : 100 used: 18596 rdb: 7141
c o [rdb] cls before: 39757 after: 30023 low lbd: 2386 lbd cutoff: 2 target computed: 20000 cannot be del : 75 used: 19636 rdb: 7144
c o [mem] consolidate  old-sz: 8505K new-sz: 2588K new bits offs: 19 T: 0.00
c o [rdb] cls before: 39634 after: 29737 low lbd: 2388 lbd cutoff: 2 target computed: 20000 cannot be del : 98 used: 19351 rdb: 7147
c o [mem] consolidate  old-sz: 7160K new-sz: 2452K new bits offs: 19 T: 0.00
c o [rdb] cls before: 39787 after: 29865 low lbd: 2389 lbd cutoff: 2 target computed: 20000 cannot be del : 101 used: 18973 rdb: 7150
c o [mem] consolidate  old-sz: 8689K new-sz: 2506K new bits offs: 19 T: 0.00
c o [rdb] cls before: 39297 after: 29408 low lbd: 2389 lbd cutoff: 2 target computed: 20000 cannot be del : 79 used: 19263 rdb: 7153
c o [mem] consolidate  old-sz: 7110K new-sz: 2492K new bits offs: 19 T: 0.00
c o [rdb] cls before: 39720 after: 29746 low lbd: 2390 lbd cutoff: 2 target computed: 20000 cannot be del : 84 used: 19839 rdb: 7156
c o [mem] consolidate  old-sz: 8603K new-sz: 2439K new bits offs: 19 T: 0.00
c o [rdb] cls before: 39836 after: 29916 low lbd: 2391 lbd cutoff: 2 target computed: 20000 cannot be del : 97 used: 18862 rdb: 7159
c o [mem] consolidate  old-sz: 7124K new-sz: 2511K new bits offs: 19 T: 0.00
c o [rdb] cls before: 39729 after: 29950 low lbd: 2392 lbd cutoff: 2 target computed: 20000 cannot be del : 75 used: 18845 rdb: 7162
c o [rdb] cls before: 39888 after: 29869 low lbd: 2392 lbd cutoff: 2 target computed: 20000 cannot be del : 97 used: 18814 rdb: 7165
c o [mem] consolidate  old-sz: 8678K new-sz: 2496K new bits offs: 19 T: 0.00
c o [rdb] cls before: 39507 after: 29449 low lbd: 2394 lbd cutoff: 2 target computed: 20000 cannot be del : 74 used: 18964 rdb: 7168
c o [mem] consolidate  old-sz: 7203K new-sz: 2484K new bits offs: 19 T: 0.00
c o [rdb] cls before: 39354 after: 28859 low lbd: 2394 lbd cutoff: 2 target computed: 20000 cannot be del : 69 used: 18375 rdb: 7171
c o [mem] consolidate  old-sz: 7268K new-sz: 2479K new bits offs: 19 T: 0.00
c o [rdb] cls before: 39936 after: 28981 low lbd: 2395 lbd cutoff: 2 target computed: 20000 cannot be del : 97 used: 18231 rdb: 7174
c o [mem] consolidate  old-sz: 8556K new-sz: 2475K new bits offs: 19 T: 0.00
c o [rdb] cls before: 39599 after: 29949 low lbd: 2395 lbd cutoff: 2 target computed: 20000 cannot be del : 72 used: 19234 rdb: 7177
c o [mem] consolidate  old-sz: 7183K new-sz: 2378K new bits offs: 19 T: 0.00
c o [rdb] cls before: 39427 after: 29755 low lbd: 2398 lbd cutoff: 2 target computed: 20000 cannot be del : 39 used: 19142 rdb: 7180
c o [mem] consolidate  old-sz: 8657K new-sz: 2466K new bits offs: 19 T: 0.00
c o [rdb] cls before: 39612 after: 29730 low lbd: 2400 lbd cutoff: 2 target computed: 20000 cannot be del : 82 used: 18913 rdb: 7183
c o [rdb] cls before: 39959 after: 29620 low lbd: 2400 lbd cutoff: 2 target computed: 20000 cannot be del : 67 used: 20117 rdb: 7186
c o [mem] consolidate  old-sz: 8710K new-sz: 2488K new bits offs: 19 T: 0.00
c o [rdb] cls before: 39395 after: 29779 low lbd: 2401 lbd cutoff: 2 target computed: 20000 cannot be del : 71 used: 19266 rdb: 7189
c o [mem] consolidate  old-sz: 8683K new-sz: 2442K new bits offs: 19 T: 0.00
c o [rdb] cls before: 39840 after: 29835 low lbd: 2402 lbd cutoff: 2 target computed: 20000 cannot be del : 71 used: 18853 rdb: 7192
c o [mem] consolidate  old-sz: 8449K new-sz: 2490K new bits offs: 19 T: 0.00
c o [rdb] cls before: 40138 after: 30407 low lbd: 2405 lbd cutoff: 2 target computed: 20000 cannot be del : 85 used: 19938 rdb: 7195
c o [mem] consolidate  old-sz: 7072K new-sz: 2477K new bits offs: 19 T: 0.00
c o [rdb] cls before: 39586 after: 29697 low lbd: 2408 lbd cutoff: 2 target computed: 20000 cannot be del : 75 used: 19461 rdb: 7198
c o [rdb] cls before: 39740 after: 29380 low lbd: 2409 lbd cutoff: 2 target computed: 20000 cannot be del : 70 used: 19274 rdb: 7201
c o [mem] consolidate  old-sz: 8617K new-sz: 2390K new bits offs: 19 T: 0.00
c o [rdb] cls before: 39833 after: 29787 low lbd: 2410 lbd cutoff: 2 target computed: 20000 cannot be del : 71 used: 18843 rdb: 7204
c o [mem] consolidate  old-sz: 8778K new-sz: 2648K new bits offs: 19 T: 0.00
c o [rdb] cls before: 39640 after: 30387 low lbd: 2412 lbd cutoff: 2 target computed: 20000 cannot be del : 68 used: 20585 rdb: 7207
c o [mem] consolidate  old-sz: 7195K new-sz: 2486K new bits offs: 19 T: 0.00
c o [rdb] cls before: 39628 after: 29645 low lbd: 2413 lbd cutoff: 2 target computed: 20000 cannot be del : 98 used: 18939 rdb: 7210
c o [mem] consolidate  old-sz: 8863K new-sz: 2561K new bits offs: 19 T: 0.00
c o [rdb] cls before: 39931 after: 29361 low lbd: 2413 lbd cutoff: 2 target computed: 20000 cannot be del : 99 used: 18486 rdb: 7213
c o [mem] consolidate  old-sz: 7120K new-sz: 2471K new bits offs: 19 T: 0.00
c o [rdb] cls before: 39805 after: 29878 low lbd: 2413 lbd cutoff: 2 target computed: 20000 cannot be del : 132 used: 19441 rdb: 7216
c o [rdb] cls before: 39890 after: 30152 low lbd: 2416 lbd cutoff: 2 target computed: 20000 cannot be del : 81 used: 19369 rdb: 7219
c o [mem] consolidate  old-sz: 8753K new-sz: 2631K new bits offs: 19 T: 0.00
c o [rdb] cls before: 39845 after: 29679 low lbd: 2417 lbd cutoff: 2 target computed: 20000 cannot be del : 67 used: 19521 rdb: 7222
c o [mem] consolidate  old-sz: 7084K new-sz: 2424K new bits offs: 19 T: 0.00
c o [rdb] cls before: 39752 after: 29613 low lbd: 2418 lbd cutoff: 2 target computed: 20000 cannot be del : 67 used: 18634 rdb: 7225
c o [mem] consolidate  old-sz: 7164K new-sz: 2577K new bits offs: 19 T: 0.00
c o [rdb] cls before: 39222 after: 29543 low lbd: 2418 lbd cutoff: 2 target computed: 20000 cannot be del : 78 used: 19043 rdb: 7228
c o [mem] consolidate  old-sz: 7416K new-sz: 2545K new bits offs: 19 T: 0.00
c o [rdb] cls before: 39751 after: 29897 low lbd: 2420 lbd cutoff: 2 target computed: 20000 cannot be del : 77 used: 19886 rdb: 7231
c o [mem] consolidate  old-sz: 8978K new-sz: 2547K new bits offs: 19 T: 0.00
c o [rdb] cls before: 39636 after: 29324 low lbd: 2421 lbd cutoff: 2 target computed: 20000 cannot be del : 76 used: 19810 rdb: 7234
c o [mem] consolidate  old-sz: 8845K new-sz: 2458K new bits offs: 19 T: 0.00
c o [rdb] cls before: 39285 after: 29959 low lbd: 2423 lbd cutoff: 2 target computed: 20000 cannot be del : 67 used: 19098 rdb: 7237
c o [rdb] cls before: 39477 after: 29638 low lbd: 2425 lbd cutoff: 2 target computed: 20000 cannot be del : 74 used: 19066 rdb: 7240
c o [mem] consolidate  old-sz: 8835K new-sz: 2554K new bits offs: 19 T: 0.00
c o [rdb] cls before: 40310 after: 29955 low lbd: 2425 lbd cutoff: 2 target computed: 20000 cannot be del : 98 used: 19932 rdb: 7243
c o [mem] consolidate  old-sz: 8854K new-sz: 2559K new bits offs: 19 T: 0.00
c o [rdb] cls before: 39519 after: 29464 low lbd: 2429 lbd cutoff: 2 target computed: 20000 cannot be del : 111 used: 18941 rdb: 7246
c o [mem] consolidate  old-sz: 7608K new-sz: 2579K new bits offs: 19 T: 0.00
c o [rdb] cls before: 38928 after: 29603 low lbd: 2431 lbd cutoff: 2 target computed: 20000 cannot be del : 86 used: 19745 rdb: 7249
c o [mem] consolidate  old-sz: 7557K new-sz: 2678K new bits offs: 19 T: 0.00
c o [rdb] cls before: 38545 after: 28489 low lbd: 2432 lbd cutoff: 2 target computed: 20000 cannot be del : 104 used: 17965 rdb: 7252
c o [mem] consolidate  old-sz: 7172K new-sz: 2334K new bits offs: 19 T: 0.00
c o [rdb] cls before: 38661 after: 28975 low lbd: 2432 lbd cutoff: 2 target computed: 20000 cannot be del : 99 used: 18220 rdb: 7255
c o [mem] consolidate  old-sz: 8581K new-sz: 2510K new bits offs: 19 T: 0.00
c o [rdb] cls before: 38996 after: 28596 low lbd: 2433 lbd cutoff: 2 target computed: 20000 cannot be del : 74 used: 17485 rdb: 7258
c o [rdb] cls before: 39218 after: 28833 low lbd: 2434 lbd cutoff: 2 target computed: 20000 cannot be del : 48 used: 18171 rdb: 7261
c o [mem] consolidate  old-sz: 8502K new-sz: 2417K new bits offs: 19 T: 0.00
c o [rdb] cls before: 39339 after: 29327 low lbd: 2435 lbd cutoff: 2 target computed: 20000 cannot be del : 70 used: 19020 rdb: 7264
c o [mem] consolidate  old-sz: 8509K new-sz: 2354K new bits offs: 19 T: 0.00
c o [rdb] cls before: 39226 after: 29246 low lbd: 2437 lbd cutoff: 2 target computed: 20000 cannot be del : 105 used: 18162 rdb: 7267
c o [mem] consolidate  old-sz: 6926K new-sz: 2355K new bits offs: 19 T: 0.00
c o [rdb] cls before: 39097 after: 28884 low lbd: 2438 lbd cutoff: 2 target computed: 20000 cannot be del : 82 used: 18211 rdb: 7270
c o [mem] consolidate  old-sz: 8523K new-sz: 2532K new bits offs: 19 T: 0.00
c o [rdb] cls before: 39437 after: 29391 low lbd: 2438 lbd cutoff: 2 target computed: 20000 cannot be del : 58 used: 19238 rdb: 7273
c o [mem] consolidate  old-sz: 7161K new-sz: 2470K new bits offs: 19 T: 0.00
c o [rdb] cls before: 39073 after: 28843 low lbd: 2442 lbd cutoff: 2 target computed: 20000 cannot be del : 47 used: 17902 rdb: 7276
c o [mem] consolidate  old-sz: 7080K new-sz: 2422K new bits offs: 19 T: 0.00
c o [rdb] cls before: 38792 after: 29032 low lbd: 2443 lbd cutoff: 2 target computed: 20000 cannot be del : 74 used: 17955 rdb: 7279
c o [mem] consolidate  old-sz: 7068K new-sz: 2378K new bits offs: 19 T: 0.00
c o [rdb] cls before: 38649 after: 28791 low lbd: 2445 lbd cutoff: 2 target computed: 20000 cannot be del : 90 used: 18214 rdb: 7282
c o [rdb] cls before: 39299 after: 29084 low lbd: 2447 lbd cutoff: 2 target computed: 20000 cannot be del : 108 used: 17933 rdb: 7285
c o [mem] consolidate  old-sz: 8572K new-sz: 2466K new bits offs: 19 T: 0.00
c o [rdb] cls before: 39600 after: 29541 low lbd: 2450 lbd cutoff: 2 target computed: 20000 cannot be del : 63 used: 19318 rdb: 7288
c o [mem] consolidate  old-sz: 8575K new-sz: 2456K new bits offs: 19 T: 0.00
c o [rdb] cls before: 39401 after: 29625 low lbd: 2451 lbd cutoff: 2 target computed: 20000 cannot be del : 82 used: 18903 rdb: 7291
c o [mem] consolidate  old-sz: 8774K new-sz: 2557K new bits offs: 19 T: 0.00
c o [rdb] cls before: 39823 after: 29853 low lbd: 2451 lbd cutoff: 2 target computed: 20000 cannot be del : 78 used: 19607 rdb: 7294
c o [rdb] cls before: 40026 after: 29380 low lbd: 2453 lbd cutoff: 2 target computed: 20000 cannot be del : 95 used: 18521 rdb: 7297
c o [mem] consolidate  old-sz: 8856K new-sz: 2472K new bits offs: 19 T: 0.00
c o [rdb] cls before: 39748 after: 28486 low lbd: 2455 lbd cutoff: 2 target computed: 20000 cannot be del : 87 used: 17627 rdb: 7300
c o [mem] consolidate  old-sz: 7141K new-sz: 2363K new bits offs: 19 T: 0.00
c o [rdb] cls before: 39294 after: 29005 low lbd: 2455 lbd cutoff: 2 target computed: 20000 cannot be del : 48 used: 18842 rdb: 7303
c o [mem] consolidate  old-sz: 8520K new-sz: 2417K new bits offs: 19 T: 0.00
c o [rdb] cls before: 38862 after: 28948 low lbd: 2457 lbd cutoff: 2 target computed: 20000 cannot be del : 97 used: 18460 rdb: 7306
c o [mem] consolidate  old-sz: 8469K new-sz: 2365K new bits offs: 19 T: 0.00
c o [rdb] cls before: 38629 after: 28815 low lbd: 2457 lbd cutoff: 2 target computed: 20000 cannot be del : 58 used: 18733 rdb: 7309
c o [rdb] cls before: 39149 after: 28795 low lbd: 2457 lbd cutoff: 2 target computed: 20000 cannot be del : 77 used: 17998 rdb: 7312
c o [mem] consolidate  old-sz: 8355K new-sz: 2363K new bits offs: 19 T: 0.00
c o [rdb] cls before: 39508 after: 29116 low lbd: 2458 lbd cutoff: 2 target computed: 20000 cannot be del : 59 used: 18218 rdb: 7315
c o [mem] consolidate  old-sz: 8480K new-sz: 2469K new bits offs: 19 T: 0.00
c o [rdb] cls before: 39452 after: 29919 low lbd: 2461 lbd cutoff: 2 target computed: 20000 cannot be del : 28 used: 19838 rdb: 7318
c o [mem] consolidate  old-sz: 7107K new-sz: 2420K new bits offs: 19 T: 0.00
c o [rdb] cls before: 39039 after: 29502 low lbd: 2462 lbd cutoff: 2 target computed: 20000 cannot be del : 107 used: 18375 rdb: 7321
c o [mem] consolidate  old-sz: 8682K new-sz: 2456K new bits offs: 19 T: 0.00
c o [rdb] cls before: 39406 after: 29918 low lbd: 2465 lbd cutoff: 2 target computed: 20000 cannot be del : 101 used: 20129 rdb: 7324
c o [rdb] cls before: 39872 after: 29623 low lbd: 2465 lbd cutoff: 2 target computed: 20000 cannot be del : 56 used: 18708 rdb: 7327
c o [mem] consolidate  old-sz: 8399K new-sz: 2431K new bits offs: 19 T: 0.00
c o [rdb] cls before: 39713 after: 29258 low lbd: 2466 lbd cutoff: 2 target computed: 20000 cannot be del : 107 used: 17682 rdb: 7330
c o [mem] consolidate  old-sz: 6886K new-sz: 2404K new bits offs: 19 T: 0.00
c o [rdb] cls before: 39294 after: 29584 low lbd: 2468 lbd cutoff: 2 target computed: 20000 cannot be del : 89 used: 18454 rdb: 7333
c o [mem] consolidate  old-sz: 8598K new-sz: 2479K new bits offs: 19 T: 0.00
c o [rdb] cls before: 39670 after: 29745 low lbd: 2468 lbd cutoff: 2 target computed: 20000 cannot be del : 59 used: 18807 rdb: 7336
c o [mem] consolidate  old-sz: 7284K new-sz: 2555K new bits offs: 19 T: 0.00
c o [rdb] cls before: 38614 after: 28654 low lbd: 2469 lbd cutoff: 2 target computed: 20000 cannot be del : 78 used: 17748 rdb: 7339
c o [mem] consolidate  old-sz: 7095K new-sz: 2432K new bits offs: 19 T: 0.00
c o [rdb] cls before: 39009 after: 29319 low lbd: 2469 lbd cutoff: 2 target computed: 20000 cannot be del : 98 used: 18478 rdb: 7342
c o [mem] consolidate  old-sz: 8679K new-sz: 2507K new bits offs: 19 T: 0.00
c o [rdb] cls before: 39496 after: 29980 low lbd: 2471 lbd cutoff: 2 target computed: 20000 cannot be del : 79 used: 19750 rdb: 7345
c o [rdb] cls before: 40071 after: 28045 low lbd: 2472 lbd cutoff: 2 target computed: 20000 cannot be del : 112 used: 16551 rdb: 7348
c o [mem] consolidate  old-sz: 8701K new-sz: 2382K new bits offs: 19 T: 0.00
c o [rdb] cls before: 39234 after: 29276 low lbd: 2474 lbd cutoff: 2 target computed: 20000 cannot be del : 102 used: 18501 rdb: 7351
c o [mem] consolidate  old-sz: 8656K new-sz: 2478K new bits offs: 19 T: 0.00
c o [rdb] cls before: 38538 after: 29235 low lbd: 2475 lbd cutoff: 2 target computed: 20000 cannot be del : 75 used: 18548 rdb: 7354
c o [mem] consolidate  old-sz: 8559K new-sz: 2354K new bits offs: 19 T: 0.00
c o [rdb] cls before: 38689 after: 28572 low lbd: 2478 lbd cutoff: 2 target computed: 20000 cannot be del : 50 used: 18024 rdb: 7357
c o [mem] consolidate  old-sz: 6987K new-sz: 2450K new bits offs: 19 T: 0.00
c o [rdb] cls before: 38198 after: 27630 low lbd: 2481 lbd cutoff: 2 target computed: 20000 cannot be del : 25 used: 17482 rdb: 7360
c o [mem] consolidate  old-sz: 7143K new-sz: 2436K new bits offs: 19 T: 0.00
c o [rdb] cls before: 37865 after: 27956 low lbd: 2481 lbd cutoff: 2 target computed: 20000 cannot be del : 34 used: 17314 rdb: 7363
c o [rdb] cls before: 38784 after: 28416 low lbd: 2481 lbd cutoff: 2 target computed: 20000 cannot be del : 44 used: 18945 rdb: 7366
c o [mem] consolidate  old-sz: 8809K new-sz: 2442K new bits offs: 19 T: 0.00
c o [rdb] cls before: 38422 after: 29082 low lbd: 2481 lbd cutoff: 2 target computed: 20000 cannot be del : 80 used: 18596 rdb: 7369
c o [mem] consolidate  old-sz: 8823K new-sz: 2521K new bits offs: 19 T: 0.00
c o [rdb] cls before: 39002 after: 28888 low lbd: 2481 lbd cutoff: 2 target computed: 20000 cannot be del : 63 used: 18663 rdb: 7372
c o [mem] consolidate  old-sz: 8712K new-sz: 2357K new bits offs: 19 T: 0.00
c o [rdb] cls before: 38233 after: 28226 low lbd: 2482 lbd cutoff: 2 target computed: 20000 cannot be del : 116 used: 16941 rdb: 7375
c o [rdb] cls before: 38429 after: 28126 low lbd: 2485 lbd cutoff: 2 target computed: 20000 cannot be del : 54 used: 16852 rdb: 7378
c o [mem] consolidate  old-sz: 8528K new-sz: 2407K new bits offs: 19 T: 0.00
c o [rdb] cls before: 38703 after: 28747 low lbd: 2485 lbd cutoff: 2 target computed: 20000 cannot be del : 47 used: 18414 rdb: 7381
c o [mem] consolidate  old-sz: 8609K new-sz: 2386K new bits offs: 19 T: 0.00
c o [rdb] cls before: 38869 after: 29356 low lbd: 2486 lbd cutoff: 2 target computed: 20000 cannot be del : 73 used: 18741 rdb: 7384
c o [mem] consolidate  old-sz: 8740K new-sz: 2533K new bits offs: 19 T: 0.00
c o [rdb] cls before: 39297 after: 29428 low lbd: 2486 lbd cutoff: 2 target computed: 20000 cannot be del : 68 used: 19487 rdb: 7387
c o [rdb] cls before: 39303 after: 29044 low lbd: 2487 lbd cutoff: 2 target computed: 20000 cannot be del : 96 used: 18143 rdb: 7390
c o [mem] consolidate  old-sz: 8713K new-sz: 2451K new bits offs: 19 T: 0.00
c o [rdb] cls before: 39370 after: 29078 low lbd: 2487 lbd cutoff: 2 target computed: 20000 cannot be del : 88 used: 18178 rdb: 7393
c o [mem] consolidate  old-sz: 8592K new-sz: 2502K new bits offs: 19 T: 0.00
c o [rdb] cls before: 39307 after: 29182 low lbd: 2489 lbd cutoff: 2 target computed: 20000 cannot be del : 79 used: 19731 rdb: 7396
c o [mem] consolidate  old-sz: 6959K new-sz: 2293K new bits offs: 19 T: 0.00
c o [rdb] cls before: 39166 after: 29274 low lbd: 2491 lbd cutoff: 2 target computed: 20000 cannot be del : 118 used: 18261 rdb: 7399
c o [mem] consolidate  old-sz: 8060K new-sz: 2412K new bits offs: 19 T: 0.00
c o [rdb] cls before: 39550 after: 29536 low lbd: 2491 lbd cutoff: 2 target computed: 20000 cannot be del : 60 used: 18482 rdb: 7402
c o [mem] consolidate  old-sz: 6793K new-sz: 2369K new bits offs: 19 T: 0.00
c o [rdb] cls before: 39204 after: 29349 low lbd: 2491 lbd cutoff: 2 target computed: 20000 cannot be del : 99 used: 18660 rdb: 7405
c o [rdb] cls before: 39517 after: 30055 low lbd: 2495 lbd cutoff: 2 target computed: 20000 cannot be del : 106 used: 19749 rdb: 7408
c o [mem] consolidate  old-sz: 8324K new-sz: 2500K new bits offs: 19 T: 0.00
c o [rdb] cls before: 39622 after: 29276 low lbd: 2497 lbd cutoff: 2 target computed: 20000 cannot be del : 64 used: 18522 rdb: 7411
c o [mem] consolidate  old-sz: 7024K new-sz: 2407K new bits offs: 19 T: 0.00
c o [rdb] cls before: 39739 after: 29778 low lbd: 2498 lbd cutoff: 2 target computed: 20000 cannot be del : 57 used: 18790 rdb: 7414
c o [mem] consolidate  old-sz: 8554K new-sz: 2422K new bits offs: 19 T: 0.00
c o [rdb] cls before: 39833 after: 29920 low lbd: 2501 lbd cutoff: 2 target computed: 20000 cannot be del : 85 used: 18977 rdb: 7417
c o [mem] consolidate  old-sz: 6972K new-sz: 2437K new bits offs: 19 T: 0.00
c o [rdb] cls before: 39595 after: 29608 low lbd: 2502 lbd cutoff: 2 target computed: 20000 cannot be del : 85 used: 18140 rdb: 7420
c o [mem] consolidate  old-sz: 8516K new-sz: 2403K new bits offs: 19 T: 0.00
c o [rdb] cls before: 39335 after: 29305 low lbd: 2503 lbd cutoff: 2 target computed: 20000 cannot be del : 87 used: 17762 rdb: 7423
c o [rdb] cls before: 39385 after: 29515 low lbd: 2503 lbd cutoff: 2 target computed: 20000 cannot be del : 105 used: 18550 rdb: 7426
c o [mem] consolidate  old-sz: 8708K new-sz: 2592K new bits offs: 19 T: 0.00
c o [rdb] cls before: 39578 after: 28862 low lbd: 2503 lbd cutoff: 2 target computed: 20000 cannot be del : 97 used: 18684 rdb: 7429
c o [mem] consolidate  old-sz: 7135K new-sz: 2359K new bits offs: 19 T: 0.00
c o [rdb] cls before: 39700 after: 28753 low lbd: 2504 lbd cutoff: 2 target computed: 20000 cannot be del : 78 used: 17561 rdb: 7432
c o [mem] consolidate  old-sz: 6923K new-sz: 2379K new bits offs: 19 T: 0.00
c o [rdb] cls before: 39622 after: 30096 low lbd: 2506 lbd cutoff: 2 target computed: 20000 cannot be del : 65 used: 19523 rdb: 7435
c o [mem] consolidate  old-sz: 8646K new-sz: 2581K new bits offs: 19 T: 0.00
c o [rdb] cls before: 39868 after: 29878 low lbd: 2507 lbd cutoff: 2 target computed: 20000 cannot be del : 51 used: 19704 rdb: 7438
c o [mem] consolidate  old-sz: 7195K new-sz: 2363K new bits offs: 19 T: 0.00
c o [rdb] cls before: 39628 after: 29205 low lbd: 2508 lbd cutoff: 2 target computed: 20000 cannot be del : 82 used: 17923 rdb: 7441
c o [mem] consolidate  old-sz: 8428K new-sz: 2489K new bits offs: 19 T: 0.00
c o [rdb] cls before: 39895 after: 28927 low lbd: 2509 lbd cutoff: 2 target computed: 20000 cannot be del : 81 used: 17930 rdb: 7444
c o [mem] consolidate  old-sz: 6996K new-sz: 2477K new bits offs: 19 T: 0.00
c o [rdb] cls before: 39757 after: 29758 low lbd: 2510 lbd cutoff: 2 target computed: 20000 cannot be del : 43 used: 18758 rdb: 7447
c o [mem] consolidate  old-sz: 7016K new-sz: 2476K new bits offs: 19 T: 0.00
c o [rdb] cls before: 39709 after: 29634 low lbd: 2510 lbd cutoff: 2 target computed: 20000 cannot be del : 59 used: 18280 rdb: 7450
c o [mem] consolidate  old-sz: 7194K new-sz: 2554K new bits offs: 19 T: 0.00
c o [rdb] cls before: 39370 after: 29328 low lbd: 2511 lbd cutoff: 2 target computed: 20000 cannot be del : 88 used: 19777 rdb: 7453
c o [mem] consolidate  old-sz: 6996K new-sz: 2403K new bits offs: 19 T: 0.00
c o [rdb] cls before: 38997 after: 29986 low lbd: 2513 lbd cutoff: 2 target computed: 20000 cannot be del : 102 used: 19575 rdb: 7456
c o [rdb] cls before: 39247 after: 29668 low lbd: 2516 lbd cutoff: 2 target computed: 20000 cannot be del : 94 used: 18978 rdb: 7459
c o [mem] consolidate  old-sz: 8413K new-sz: 2525K new bits offs: 19 T: 0.00
c o [rdb] cls before: 39635 after: 29753 low lbd: 2516 lbd cutoff: 2 target computed: 20000 cannot be del : 35 used: 19046 rdb: 7462
c o [mem] consolidate  old-sz: 8627K new-sz: 2407K new bits offs: 19 T: 0.00
c o [rdb] cls before: 39426 after: 28870 low lbd: 2519 lbd cutoff: 2 target computed: 20000 cannot be del : 86 used: 17156 rdb: 7465
c o [mem] consolidate  old-sz: 8310K new-sz: 2461K new bits offs: 19 T: 0.00
c o [rdb] cls before: 39951 after: 29858 low lbd: 2520 lbd cutoff: 2 target computed: 20000 cannot be del : 99 used: 19925 rdb: 7468
c o [mem] consolidate  old-sz: 6954K new-sz: 2406K new bits offs: 19 T: 0.00
c o [rdb] cls before: 39251 after: 29986 low lbd: 2521 lbd cutoff: 2 target computed: 20000 cannot be del : 51 used: 19392 rdb: 7471
c o [rdb] cls before: 39266 after: 29689 low lbd: 2523 lbd cutoff: 2 target computed: 20000 cannot be del : 52 used: 19004 rdb: 7474
c o [mem] consolidate  old-sz: 8461K new-sz: 2475K new bits offs: 19 T: 0.00
c o [rdb] cls before: 40192 after: 29811 low lbd: 2524 lbd cutoff: 2 target computed: 20000 cannot be del : 69 used: 18685 rdb: 7477
c o [mem] consolidate  old-sz: 8537K new-sz: 2434K new bits offs: 19 T: 0.00
c o [rdb] cls before: 40781 after: 30263 low lbd: 2525 lbd cutoff: 2 target computed: 20000 cannot be del : 51 used: 19344 rdb: 7480
c o [mem] consolidate  old-sz: 8524K new-sz: 2456K new bits offs: 19 T: 0.00
c o [rdb] cls before: 40146 after: 29679 low lbd: 2525 lbd cutoff: 2 target computed: 20000 cannot be del : 91 used: 18985 rdb: 7483
c o [mem] consolidate  old-sz: 6819K new-sz: 2377K new bits offs: 19 T: 0.00
c o [rdb] cls before: 39986 after: 29627 low lbd: 2525 lbd cutoff: 2 target computed: 20000 cannot be del : 95 used: 18804 rdb: 7486
c o [rdb] cls before: 40403 after: 30320 low lbd: 2526 lbd cutoff: 2 target computed: 20000 cannot be del : 126 used: 19449 rdb: 7489
c o [mem] consolidate  old-sz: 8379K new-sz: 2536K new bits offs: 19 T: 0.00
c o [rdb] cls before: 39830 after: 30354 low lbd: 2528 lbd cutoff: 2 target computed: 20000 cannot be del : 56 used: 20023 rdb: 7492
c o [mem] consolidate  old-sz: 8433K new-sz: 2318K new bits offs: 19 T: 0.00
c o [rdb] cls before: 39984 after: 29832 low lbd: 2529 lbd cutoff: 2 target computed: 20000 cannot be del : 53 used: 18541 rdb: 7495
c o [mem] consolidate  old-sz: 8195K new-sz: 2395K new bits offs: 19 T: 0.00
c o [rdb] cls before: 39966 after: 29854 low lbd: 2531 lbd cutoff: 2 target computed: 20000 cannot be del : 98 used: 18257 rdb: 7498
c o [mem] consolidate  old-sz: 6860K new-sz: 2449K new bits offs: 19 T: 0.00
c o [rdb] cls before: 39744 after: 30047 low lbd: 2533 lbd cutoff: 2 target computed: 20000 cannot be del : 74 used: 18850 rdb: 7501
c o [mem] consolidate  old-sz: 7003K new-sz: 2471K new bits offs: 19 T: 0.00
c o [rdb] cls before: 39714 after: 29509 low lbd: 2534 lbd cutoff: 2 target computed: 20000 cannot be del : 96 used: 18246 rdb: 7504
c o [mem] consolidate  old-sz: 7143K new-sz: 2467K new bits offs: 19 T: 0.00
c o [rdb] cls before: 39022 after: 29213 low lbd: 2534 lbd cutoff: 2 target computed: 20000 cannot be del : 103 used: 18374 rdb: 7507
c o [rdb] cls before: 39185 after: 29341 low lbd: 2535 lbd cutoff: 2 target computed: 20000 cannot be del : 79 used: 18681 rdb: 7510
c o [mem] consolidate  old-sz: 8608K new-sz: 2472K new bits offs: 19 T: 0.00
c o [rdb] cls before: 38992 after: 29191 low lbd: 2538 lbd cutoff: 2 target computed: 20000 cannot be del : 44 used: 18767 rdb: 7513
c o [mem] consolidate  old-sz: 6998K new-sz: 2478K new bits offs: 19 T: 0.00
c o [rdb] cls before: 39148 after: 29466 low lbd: 2539 lbd cutoff: 2 target computed: 20000 cannot be del : 81 used: 19029 rdb: 7516
c o [mem] consolidate  old-sz: 8638K new-sz: 2389K new bits offs: 19 T: 0.00
c o [rdb] cls before: 38753 after: 29310 low lbd: 2540 lbd cutoff: 2 target computed: 20000 cannot be del : 97 used: 18575 rdb: 7519
c o [mem] consolidate  old-sz: 8581K new-sz: 2491K new bits offs: 19 T: 0.00
c o [rdb] cls before: 39544 after: 28952 low lbd: 2541 lbd cutoff: 2 target computed: 20000 cannot be del : 87 used: 18027 rdb: 7522
c o [mem] consolidate  old-sz: 7160K new-sz: 2464K new bits offs: 19 T: 0.00
c o [rdb] cls before: 39486 after: 28939 low lbd: 2541 lbd cutoff: 2 target computed: 20000 cannot be del : 70 used: 18369 rdb: 7525
c o [mem] consolidate  old-sz: 6818K new-sz: 2314K new bits offs: 19 T: 0.00
c o [rdb] cls before: 38999 after: 29545 low lbd: 2542 lbd cutoff: 2 target computed: 20000 cannot be del : 72 used: 18571 rdb: 7528
c o [rdb] cls before: 39265 after: 29255 low lbd: 2543 lbd cutoff: 2 target computed: 20000 cannot be del : 103 used: 18688 rdb: 7531
c o [mem] consolidate  old-sz: 8215K new-sz: 2395K new bits offs: 19 T: 0.00
c o [rdb] cls before: 40013 after: 29519 low lbd: 2544 lbd cutoff: 2 target computed: 20000 cannot be del : 68 used: 18717 rdb: 7534
c o [mem] consolidate  old-sz: 8381K new-sz: 2463K new bits offs: 19 T: 0.00
c o [rdb] cls before: 39714 after: 29555 low lbd: 2545 lbd cutoff: 2 target computed: 20000 cannot be del : 120 used: 18331 rdb: 7537
c o [mem] consolidate  old-sz: 7221K new-sz: 2476K new bits offs: 19 T: 0.00
c o [rdb] cls before: 39231 after: 29668 low lbd: 2547 lbd cutoff: 2 target computed: 20000 cannot be del : 70 used: 19691 rdb: 7540
c o [mem] consolidate  old-sz: 8584K new-sz: 2418K new bits offs: 19 T: 0.00
c o [rdb] cls before: 39485 after: 29249 low lbd: 2548 lbd cutoff: 2 target computed: 20000 cannot be del : 99 used: 18260 rdb: 7543
c o [mem] consolidate  old-sz: 6822K new-sz: 2438K new bits offs: 19 T: 0.00
c o [rdb] cls before: 39295 after: 29873 low lbd: 2549 lbd cutoff: 2 target computed: 20000 cannot be del : 55 used: 18986 rdb: 7546
c o [rdb] cls before: 39802 after: 29452 low lbd: 2550 lbd cutoff: 2 target computed: 20000 cannot be del : 69 used: 17989 rdb: 7549
c o [mem] consolidate  old-sz: 8633K new-sz: 2442K new bits offs: 19 T: 0.00
c o [rdb] cls before: 39944 after: 28914 low lbd: 2552 lbd cutoff: 2 target computed: 20000 cannot be del : 82 used: 17846 rdb: 7552
c o [mem] consolidate  old-sz: 6951K new-sz: 2342K new bits offs: 19 T: 0.00
c o [rdb] cls before: 39309 after: 29466 low lbd: 2552 lbd cutoff: 2 target computed: 20000 cannot be del : 91 used: 18505 rdb: 7555
c o [mem] consolidate  old-sz: 8460K new-sz: 2560K new bits offs: 19 T: 0.00
c o [rdb] cls before: 40271 after: 29947 low lbd: 2552 lbd cutoff: 2 target computed: 20000 cannot be del : 88 used: 19049 rdb: 7558
c o [mem] consolidate  old-sz: 8517K new-sz: 2343K new bits offs: 19 T: 0.00
c o [rdb] cls before: 39121 after: 29850 low lbd: 2553 lbd cutoff: 2 target computed: 20000 cannot be del : 54 used: 19546 rdb: 7561
c o [rdb] cls before: 39563 after: 29898 low lbd: 2553 lbd cutoff: 2 target computed: 20000 cannot be del : 99 used: 18771 rdb: 7564
c o [mem] consolidate  old-sz: 8268K new-sz: 2461K new bits offs: 19 T: 0.00
c o [rdb] cls before: 39424 after: 30053 low lbd: 2553 lbd cutoff: 2 target computed: 20000 cannot be del : 41 used: 19907 rdb: 7567
c o [mem] consolidate  old-sz: 8464K new-sz: 2480K new bits offs: 19 T: 0.00
c o [rdb] cls before: 39924 after: 29637 low lbd: 2554 lbd cutoff: 2 target computed: 20000 cannot be del : 96 used: 18607 rdb: 7570
c o [mem] consolidate  old-sz: 8848K new-sz: 2599K new bits offs: 19 T: 0.00
c o [rdb] cls before: 40344 after: 30013 low lbd: 2555 lbd cutoff: 2 target computed: 20000 cannot be del : 115 used: 19404 rdb: 7573
c o [mem] consolidate  old-sz: 7141K new-sz: 2481K new bits offs: 19 T: 0.00
c o [rdb] cls before: 40314 after: 30169 low lbd: 2558 lbd cutoff: 2 target computed: 20000 cannot be del : 81 used: 20108 rdb: 7576
c o [mem] consolidate  old-sz: 7139K new-sz: 2544K new bits offs: 19 T: 0.00
c o [rdb] cls before: 39854 after: 29954 low lbd: 2558 lbd cutoff: 2 target computed: 20000 cannot be del : 87 used: 18435 rdb: 7579
c o [rdb] cls before: 40283 after: 29805 low lbd: 2560 lbd cutoff: 2 target computed: 20000 cannot be del : 82 used: 19125 rdb: 7582
c o [mem] consolidate  old-sz: 8892K new-sz: 2460K new bits offs: 19 T: 0.00
c o [rdb] cls before: 40138 after: 29399 low lbd: 2563 lbd cutoff: 2 target computed: 20000 cannot be del : 52 used: 18750 rdb: 7585
c o [mem] consolidate  old-sz: 6943K new-sz: 2344K new bits offs: 19 T: 0.00
c o [rdb] cls before: 40304 after: 30086 low lbd: 2565 lbd cutoff: 2 target computed: 20000 cannot be del : 112 used: 19515 rdb: 7588
c o [mem] consolidate  old-sz: 8378K new-sz: 2430K new bits offs: 19 T: 0.00
c o [rdb] cls before: 40835 after: 30868 low lbd: 2566 lbd cutoff: 2 target computed: 20000 cannot be del : 110 used: 19981 rdb: 7591
c o [mem] consolidate  old-sz: 6847K new-sz: 2374K new bits offs: 19 T: 0.00
c o [rdb] cls before: 40206 after: 29577 low lbd: 2566 lbd cutoff: 2 target computed: 20000 cannot be del : 122 used: 17596 rdb: 7594
c o [mem] consolidate  old-sz: 6765K new-sz: 2344K new bits offs: 19 T: 0.00
c o [rdb] cls before: 39913 after: 29449 low lbd: 2567 lbd cutoff: 2 target computed: 20000 cannot be del : 65 used: 18602 rdb: 7597
c o [mem] consolidate  old-sz: 8195K new-sz: 2343K new bits offs: 19 T: 0.00
c o [rdb] cls before: 39938 after: 30031 low lbd: 2568 lbd cutoff: 2 target computed: 20000 cannot be del : 84 used: 19150 rdb: 7600
c o [rdb] cls before: 40176 after: 29285 low lbd: 2570 lbd cutoff: 2 target computed: 20000 cannot be del : 100 used: 17223 rdb: 7603
c o [mem] consolidate  old-sz: 8179K new-sz: 2380K new bits offs: 19 T: 0.00
c o [rdb] cls before: 38805 after: 29819 low lbd: 2573 lbd cutoff: 2 target computed: 20000 cannot be del : 92 used: 19263 rdb: 7606
c o [mem] consolidate  old-sz: 8369K new-sz: 2481K new bits offs: 19 T: 0.00
c o [rdb] cls before: 39001 after: 28940 low lbd: 2574 lbd cutoff: 2 target computed: 20000 cannot be del : 51 used: 17328 rdb: 7609
c o [mem] consolidate  old-sz: 7032K new-sz: 2486K new bits offs: 19 T: 0.00
c o [rdb] cls before: 39717 after: 29509 low lbd: 2575 lbd cutoff: 2 target computed: 20000 cannot be del : 91 used: 18962 rdb: 7612
c o [mem] consolidate  old-sz: 7093K new-sz: 2436K new bits offs: 19 T: 0.00
c o [rdb] cls before: 39468 after: 29836 low lbd: 2575 lbd cutoff: 2 target computed: 20000 cannot be del : 45 used: 18865 rdb: 7615
c o [mem] consolidate  old-sz: 7203K new-sz: 2456K new bits offs: 19 T: 0.00
c o [rdb] cls before: 39708 after: 29355 low lbd: 2578 lbd cutoff: 2 target computed: 20000 cannot be del : 88 used: 17666 rdb: 7618
c o [mem] consolidate  old-sz: 8917K new-sz: 2519K new bits offs: 19 T: 0.00
c o [rdb] cls before: 39389 after: 29896 low lbd: 2578 lbd cutoff: 2 target computed: 20000 cannot be del : 90 used: 19263 rdb: 7621
c o [mem] consolidate  old-sz: 7041K new-sz: 2413K new bits offs: 19 T: 0.00
c o [rdb] cls before: 39360 after: 29246 low lbd: 2579 lbd cutoff: 2 target computed: 20000 cannot be del : 64 used: 18712 rdb: 7624
c o [rdb] cls before: 39719 after: 29820 low lbd: 2582 lbd cutoff: 2 target computed: 20000 cannot be del : 103 used: 19409 rdb: 7627
c o [mem] consolidate  old-sz: 8497K new-sz: 2479K new bits offs: 19 T: 0.00
c o [rdb] cls before: 39417 after: 29737 low lbd: 2582 lbd cutoff: 2 target computed: 20000 cannot be del : 63 used: 19352 rdb: 7630
c o [mem] consolidate  old-sz: 6970K new-sz: 2433K new bits offs: 19 T: 0.00
c o [rdb] cls before: 38993 after: 29497 low lbd: 2584 lbd cutoff: 2 target computed: 20000 cannot be del : 103 used: 18484 rdb: 7633
c o [mem] consolidate  old-sz: 7003K new-sz: 2465K new bits offs: 19 T: 0.00
c o [rdb] cls before: 39534 after: 29466 low lbd: 2587 lbd cutoff: 2 target computed: 20000 cannot be del : 79 used: 18933 rdb: 7636
c o [mem] consolidate  old-sz: 6923K new-sz: 2435K new bits offs: 19 T: 0.00
c o [rdb] cls before: 39868 after: 30010 low lbd: 2587 lbd cutoff: 2 target computed: 20000 cannot be del : 83 used: 19031 rdb: 7639
c o [mem] consolidate  old-sz: 8595K new-sz: 2492K new bits offs: 19 T: 0.00
c o [rdb] cls before: 39771 after: 29658 low lbd: 2587 lbd cutoff: 2 target computed: 20000 cannot be del : 104 used: 18682 rdb: 7642
c o [mem] consolidate  old-sz: 8728K new-sz: 2493K new bits offs: 19 T: 0.00
c o [rdb] cls before: 39824 after: 30013 low lbd: 2589 lbd cutoff: 2 target computed: 20000 cannot be del : 119 used: 19547 rdb: 7645
c o [rdb] cls before: 40520 after: 28986 low lbd: 2590 lbd cutoff: 2 target computed: 20000 cannot be del : 79 used: 17572 rdb: 7648
c o [mem] consolidate  old-sz: 8574K new-sz: 2272K new bits offs: 19 T: 0.00
c o [rdb] cls before: 39978 after: 29765 low lbd: 2591 lbd cutoff: 2 target computed: 20000 cannot be del : 76 used: 19016 rdb: 7651
c o [mem] consolidate  old-sz: 8128K new-sz: 2449K new bits offs: 19 T: 0.00
c o [rdb] cls before: 40079 after: 30333 low lbd: 2593 lbd cutoff: 2 target computed: 20000 cannot be del : 115 used: 19301 rdb: 7654
c o [mem] consolidate  old-sz: 8591K new-sz: 2572K new bits offs: 19 T: 0.00
